Timestamp,Power_Load_kW,Temperature_C,Humidity_%,WindSpeed_mps,Precipitation_mm,DayOfWeek,HolidayFlag,Daily_PostDispatch_Load,Weekly_PreDispatch_Projection
01-01-2018 01:00,493.09,20.47,66.9,10.35,0.51,1,0,508.96,519.14
01-01-2018 04:00,488.29,27.66,58.72,7.86,0.02,1,0,522.95,533.41
01-01-2018 07:00,538.37,15.35,36.77,4.67,0.05,1,0,527.55,538.1
01-01-2018 13:00,404.34,22.89,83.71,11.05,0.22,1,0,506.71,516.85
02-01-2018 14:00,433.59,20.38,43.12,0.51,0.18,2,0,481.05,498.31
02-01-2018 16:00,536.92,23.2,30.63,8.09,0.05,2,0,486.28,500.04
03-01-2018 01:00,411.85,14.81,39.98,0.28,0.1,3,0,484.8,498.5
03-01-2018 13:00,490.72,19.23,69.9,1.16,0.05,3,0,495.15,501.82
03-01-2018 14:00,444.68,23.9,41.42,5.62,0.32,3,0,495.61,501.05
03-01-2018 22:00,518.07,21.15,54.7,5.03,0.25,3,0,503.84,503.49
03-01-2018 23:00,576.9,16.23,60.92,0.64,0,3,0,504.84,504.67
04-01-2018 03:00,541.1,28.21,80.2,12.02,0.03,4,0,507.37,504.77
04-01-2018 14:00,545.77,18.06,79.77,3.57,0.22,4,0,503.84,504.6
05-01-2018 00:00,514.81,22.44,61.03,14.45,0.68,5,0,494.06,504.52
05-01-2018 02:00,500.26,12.99,60.18,3.22,0.82,5,0,496.82,504.77
05-01-2018 07:00,459.89,22.19,72.42,7.64,0.08,5,0,492.79,503.45
05-01-2018 12:00,512.88,19.82,45.68,3.15,0.08,5,0,497.53,504.94
05-01-2018 13:00,496.28,25.85,74.98,11.79,0.01,5,0,498.42,504.96
05-01-2018 14:00,404.06,18.6,81.29,5.48,0.04,5,0,492.51,504.12
05-01-2018 20:00,498.26,16.69,79.74,11.21,0.2,5,0,496.46,505.54
06-01-2018 08:00,504.98,28.78,48.79,14.59,0.25,6,1,510.89,506.72
07-01-2018 00:00,512.99,29.45,73.47,0.51,0.22,7,1,494.41,505.99
07-01-2018 03:00,433.98,14.76,84.25,10.58,0.11,7,1,492.6,505.46
07-01-2018 06:00,512.52,35.16,32.26,12.45,0.35,7,1,491.11,505.91
07-01-2018 13:00,523.69,17.2,58.7,14.66,0.01,7,1,501.23,506.68
07-01-2018 23:00,594.84,24.02,85.78,9.02,0.12,7,1,510.59,508.01
08-01-2018 03:00,459.21,10.17,42.63,13.81,0.05,1,0,508.11,506.42
08-01-2018 05:00,517.06,31.94,34.76,2.3,0.96,1,0,506.95,506.64
08-01-2018 08:00,500.65,11.58,52.34,1.19,0.03,1,0,509.45,506.41
08-01-2018 12:00,531.28,23.23,61.62,8.44,0.15,1,0,515.41,507.83
08-01-2018 14:00,446.46,12.6,34.93,1.76,0.03,1,0,512.89,508.35
08-01-2018 18:00,523.66,36.36,35.24,0.43,0.23,1,0,512.51,509.45
09-01-2018 02:00,508.66,26.04,68.11,6.85,0.23,2,0,503.61,509.52
09-01-2018 03:00,519.27,24.88,83.62,8.38,0.11,2,0,506.12,509.52
09-01-2018 06:00,502.91,14.95,53.37,2.2,0.05,2,0,503.59,509.77
09-01-2018 08:00,517.89,24.07,65.02,5.56,0.23,2,0,500.2,508.97
09-01-2018 12:00,431.12,34.08,46.51,2.49,0.4,2,0,493.51,509.75
09-01-2018 18:00,528.54,28.91,33.51,13.5,0.5,2,0,504.99,511.97
09-01-2018 22:00,484.24,19.46,31.67,7.81,0.1,2,0,516.04,513.61
10-01-2018 00:00,461.36,36.77,44.1,10.22,0.58,3,0,513.79,513.18
10-01-2018 01:00,488.16,27.78,52.73,10.66,0.21,3,0,515.89,513.64
10-01-2018 03:00,504.09,16.68,51.05,14.4,0.15,3,0,513.88,513.54
10-01-2018 10:00,503.21,22.39,41.73,4.84,0.39,3,0,513.92,513.27
10-01-2018 15:00,510.82,26.83,52.86,4.07,0.15,3,0,511.01,513.38
10-01-2018 17:00,467.42,33.02,67.57,0.83,0.08,3,0,500.65,512.54
11-01-2018 10:00,436.96,9.01,86.21,10.85,0.21,4,0,495.01,511.95
11-01-2018 12:00,606.11,24.3,55.66,5.29,0.08,4,0,505.08,513.28
11-01-2018 21:00,497.02,15.48,37.77,12.27,0.04,4,0,503.67,512.99
11-01-2018 22:00,337.94,33.22,66.04,2.95,0.06,4,0,498.29,512.13
12-01-2018 03:00,428.49,29.09,46.66,5.11,0.13,5,0,490.71,511.77
12-01-2018 09:00,500.51,26.41,68.47,3.06,0.27,5,0,493.55,512.86
12-01-2018 13:00,469.99,13.43,50.93,10.16,0.5,5,0,485.78,511.9
12-01-2018 15:00,480.73,25.6,83.92,14.92,0.3,5,0,489.29,512.39
12-01-2018 16:00,505.68,22.38,65.95,8.22,0.07,5,0,486.89,512.41
12-01-2018 19:00,438.11,28.63,35.72,8.85,0.6,5,0,487.93,511.94
13-01-2018 01:00,468.87,27.06,56.35,4.37,0.23,6,1,502.57,511.85
13-01-2018 04:00,470.53,33.27,67.58,11.06,0.15,6,1,500.38,511.28
13-01-2018 09:00,515.36,23.71,82.37,6.52,0.16,6,1,501.24,511.73
13-01-2018 16:00,498.95,23.43,33.18,12.01,0.36,6,1,506.47,512.83
13-01-2018 20:00,527.35,24.85,78.96,9.18,0.63,6,1,502.74,513.39
13-01-2018 23:00,554.94,23.49,81.16,5.11,0.05,6,1,507.31,513.63
14-01-2018 02:00,565.27,30.44,51.59,11.03,0.03,7,1,514.59,514.59
14-01-2018 04:00,534.1,20.96,34.25,5.55,0.17,7,1,518.31,515.04
14-01-2018 05:00,484.49,23.76,74.31,11.04,0.2,7,1,515.89,514.86
14-01-2018 10:00,459.09,27.44,46.46,1.48,0.47,7,1,512.52,514.74
14-01-2018 11:00,604.62,24.49,75.76,8.35,0.16,7,1,515.57,515.6
14-01-2018 12:00,449.7,22.06,62.26,1.48,0.28,7,1,515.2,514.72
14-01-2018 18:00,499.39,26.42,79.4,10.79,0.03,7,1,514.8,515.05
14-01-2018 20:00,503.79,18.88,83.26,3.19,0.37,7,1,513.18,514.75
15-01-2018 05:00,512.18,31.37,54.75,0.58,0.07,1,0,501.22,514.02
15-01-2018 07:00,474.65,33.71,30.48,9.77,0.34,1,0,500.27,513.61
15-01-2018 15:00,573.77,21.85,70.56,2.67,0.03,1,0,492.07,511.98
15-01-2018 18:00,499.05,21.69,30.88,1.41,0.02,1,0,490.9,511.9
16-01-2018 09:00,461.35,24.43,49.77,9.09,0.32,2,0,498.04,513.04
16-01-2018 23:00,473.71,20.33,68.26,12.19,0.11,2,0,510.13,511.13
17-01-2018 01:00,507.52,26.52,56.3,1.04,0.26,3,0,504.59,511.25
17-01-2018 15:00,561.89,10.54,51.02,4.45,0,3,0,503.98,513.07
17-01-2018 23:00,492.88,38.32,54.57,3.94,0.3,3,0,500.8,511.95
18-01-2018 01:00,525.72,19.36,30.96,11.43,0.07,4,0,503.39,512.42
18-01-2018 08:00,577.56,23.04,84.96,5.45,0.04,4,0,502.56,512.41
18-01-2018 11:00,503.38,33.87,77.17,0.14,0.1,4,0,500.1,512.81
18-01-2018 15:00,548.58,20.13,43.25,5.56,0.15,4,0,507.96,513.84
18-01-2018 20:00,552.92,20.51,45.04,1.32,0.05,4,0,519.18,514.43
18-01-2018 21:00,412.06,13.52,73.13,6.97,0.1,4,0,514.22,513.91
18-01-2018 22:00,440.84,13.06,64.26,10.91,2.16,4,0,513.98,514.54
19-01-2018 04:00,581.43,18.53,52.58,8.24,0.04,5,0,520.37,515.86
19-01-2018 06:00,414.83,19.77,55.37,1.22,0.16,5,0,510.6,514.45
19-01-2018 09:00,498.37,32.77,51.86,9.2,0.03,5,0,509.3,514.62
19-01-2018 15:00,453.01,22.93,39.7,13.08,0.25,5,0,490.24,513.97
19-01-2018 22:00,473.49,14.15,62.02,1.11,0.14,5,0,487.02,513.11
20-01-2018 01:00,448.24,28.52,59.13,6.21,0.09,6,1,486.3,512.45
20-01-2018 08:00,494.38,30.25,60.51,14.14,0.15,6,1,484.64,512.3
20-01-2018 09:00,488.95,19.84,82.11,11.46,0.05,6,1,484.24,512.14
20-01-2018 13:00,471.21,28.48,83.46,14.05,0.02,6,1,490.61,512.21
20-01-2018 14:00,486.25,19.25,72.18,3.47,0.23,6,1,489.28,511.9
20-01-2018 15:00,384.9,23.83,64.47,3.28,0.14,6,1,486.44,511.01
20-01-2018 19:00,487.55,30.88,87.48,12.83,0.26,6,1,490.45,511.16
20-01-2018 20:00,528.83,16.8,37.43,0.11,0,6,1,493.71,511.16
21-01-2018 00:00,493.6,28.58,58.19,2.35,0.1,7,1,504.77,512.04
21-01-2018 02:00,419.68,32.57,52.18,0.72,0.76,7,1,502.74,510.62
21-01-2018 04:00,462.18,30.81,54.55,9.92,0.03,7,1,499.99,510.24
21-01-2018 11:00,574,27.35,63.48,12.31,0.36,7,1,500.62,509.94
21-01-2018 18:00,456.22,26.8,81,3.63,0.09,7,1,503.46,509.4
21-01-2018 19:00,430.86,27.13,64.43,2.76,0.02,7,1,501.1,509.25
21-01-2018 21:00,595.47,24.66,34.01,2.85,0.13,7,1,505.15,510.3
22-01-2018 01:00,475.64,10.71,64.15,12.81,0.1,1,0,494.55,509.79
22-01-2018 08:00,488.05,21.72,44.64,14.76,0.55,1,0,497.4,509.55
22-01-2018 12:00,525.05,23.69,65.68,12.86,0.65,1,0,491.86,510.5
22-01-2018 17:00,527.17,24.58,62.07,8.36,0.04,1,0,489.3,509.43
22-01-2018 19:00,528.53,36.02,34.74,0.89,0.06,1,0,493.82,509.71
23-01-2018 04:00,496.7,24.21,84.62,11.22,0.32,2,0,482.7,507.25
23-01-2018 08:00,456.98,25.65,31.01,13.82,0.5,2,0,478.9,506.46
23-01-2018 22:00,504.33,20.69,67.75,12.81,0.06,2,0,488.17,505.32
24-01-2018 12:00,560.06,34.12,56.3,1.73,0.32,3,0,504.5,506.48
25-01-2018 02:00,426.07,12.03,30.94,12.53,0.05,4,0,493.8,504.54
25-01-2018 03:00,557.19,27.53,83.06,14.22,0.88,4,0,497.04,505.23
25-01-2018 05:00,479.24,17.69,63.23,10.04,0.32,4,0,498.8,505.28
25-01-2018 08:00,509.09,14.61,62.58,1,0.14,4,0,504.68,505.88
25-01-2018 09:00,512.41,22.75,88.58,2.09,0.14,4,0,500.87,505.92
25-01-2018 12:00,541.52,25.12,61.47,10.2,0.73,4,0,496.24,504.77
25-01-2018 17:00,516.68,33.85,51.33,5.12,0.07,4,0,507.13,503.27
25-01-2018 20:00,486.51,30.88,38.52,10.51,0.09,4,0,503.45,503.11
26-01-2018 00:00,537.85,20.76,71.9,7.22,0.09,5,0,505.69,504.61
26-01-2018 08:00,411.06,17.68,36.02,6.4,0,5,0,498.09,504.2
26-01-2018 09:00,574.8,24.38,46.09,3.12,0.02,5,0,500.69,504.66
26-01-2018 21:00,523.57,29.83,56.15,13.73,0.01,5,0,511.52,507.11
27-01-2018 00:00,579.66,32.42,35.03,13.01,0.04,6,1,520.13,509.01
27-01-2018 01:00,474.44,19.05,65.95,9.26,0.06,6,1,520.99,509.17
27-01-2018 04:00,502.79,26.56,81.41,12.22,0,6,1,513.28,508.78
27-01-2018 06:00,415.38,12.96,40.01,12.77,0.11,6,1,509.74,508.8
27-01-2018 07:00,576.48,26.05,70.21,10.53,0.16,6,1,515.52,509.2
27-01-2018 16:00,483.21,32.1,33.67,9.91,0.04,6,1,500.03,508.87
27-01-2018 22:00,365.16,25.7,65.93,9.38,0.18,6,1,486.9,505.82
27-01-2018 23:00,497.29,23.21,54.02,3.62,0.17,6,1,483.99,505.46
28-01-2018 00:00,488.45,31.63,66.73,10.62,0.25,7,1,480.19,505.43
28-01-2018 03:00,556.33,18.94,84.63,4.26,0.2,7,1,491.23,507.26
28-01-2018 07:00,502.96,23.95,72.93,0.98,0.01,7,1,491.79,508.83
28-01-2018 09:00,498.79,14.94,81.21,10.69,0.02,7,1,492.99,508.05
28-01-2018 16:00,464.36,35.4,61.38,3.51,0.25,7,1,497.85,506.81
29-01-2018 00:00,482.87,26.42,30.71,1.86,0.46,1,0,502.48,506.73
29-01-2018 01:00,481.43,30.27,74.43,14.01,0.1,1,0,500.25,506.76
29-01-2018 04:00,444.47,6.77,65.83,0.41,0.11,1,0,487.75,506.19
29-01-2018 09:00,443.55,12.1,30.86,5.07,0.15,1,0,491.99,507.8
29-01-2018 10:00,473.77,23.74,88.29,7.44,0.41,1,0,490.48,507.82
29-01-2018 14:00,487.98,20.38,34.06,4.78,0.04,1,0,492.65,507.62
30-01-2018 06:00,464.78,18.68,44.53,1.45,0.31,2,0,502.32,510.43
30-01-2018 12:00,395.9,32.04,45.76,4.09,0.49,2,0,494.87,509.2
31-01-2018 04:00,508.54,27.13,80.75,9.76,0.17,3,0,493.99,509.88
31-01-2018 05:00,490.8,18.42,81.37,9.75,0.01,3,0,491.42,509.96
31-01-2018 09:00,461.08,19.77,67.23,13.85,0.84,3,0,495.82,508.96
31-01-2018 14:00,551.46,26.8,69.99,0.69,0.54,3,0,493.01,508.85
31-01-2018 16:00,512.8,19.8,31.27,8.86,0.23,3,0,495.87,509.95
31-01-2018 20:00,407.96,24.16,34.17,11.91,0.15,3,0,496.37,509.99
01-02-2018 01:00,463.71,27.84,35.73,12.79,0.28,4,0,495.51,509.54
01-02-2018 03:00,462.23,15.58,46.93,5.28,0.21,4,0,495.59,509.47
01-02-2018 04:00,469.42,12.13,72.17,12.96,0.02,4,0,493.96,509.18
01-02-2018 06:00,453.84,19.06,45.62,4.1,0.31,4,0,489.45,508.41
01-02-2018 12:00,524.67,23.58,39.8,4.77,0.01,4,0,494.13,508.01
01-02-2018 14:00,457.08,26.51,53,0.19,0.05,4,0,494.13,508.04
02-02-2018 02:00,535.39,19.43,50.14,4.66,0.48,5,0,506.91,510.03
02-02-2018 04:00,531.62,28.81,59.9,10.5,0.13,5,0,509.91,509.51
02-02-2018 05:00,548.63,22.65,42.01,10.74,0.09,5,0,514.86,509.23
02-02-2018 08:00,463.64,41.11,48.81,12.27,0.09,5,0,518.14,509.88
02-02-2018 23:00,510.38,14.32,69.84,3.37,0.41,5,0,506.73,507.97
03-02-2018 08:00,546.91,36.37,54.4,2.53,0.15,6,1,505.37,507.91
03-02-2018 10:00,504.81,19.28,50.56,10.24,0.2,6,1,505.16,508.22
03-02-2018 19:00,478.01,29.3,62.62,5.33,0.06,6,1,494.51,508.84
04-02-2018 00:00,513.35,21.75,49.24,1.94,0.21,7,1,499.26,510.34
04-02-2018 05:00,570.47,20.85,35.77,10.22,0.2,7,1,506.74,510.54
04-02-2018 23:00,489.3,17.23,83.28,10.62,0.27,7,1,508.3,511.01
05-02-2018 02:00,443.86,13.57,60.06,10.85,0.06,1,0,504.68,511.5
05-02-2018 03:00,519.12,32.45,45.02,0.43,0.92,1,0,503.26,511.85
05-02-2018 07:00,622.77,35.78,48.51,14.53,0.21,1,0,504.45,512.02
05-02-2018 08:00,468.11,27.5,60.82,11.27,0.01,1,0,504.05,511.61
05-02-2018 10:00,468.84,21.35,35.92,11.16,0.08,1,0,495.33,511.76
05-02-2018 13:00,559.45,24.34,45.53,13.91,0.22,1,0,497.87,511.76
05-02-2018 17:00,523.57,26.5,75.18,0.15,0.24,1,0,507.3,511.75
05-02-2018 21:00,424.21,32.61,38.4,3.18,0.04,1,0,503.17,511.27
06-02-2018 02:00,514.29,20.29,62.82,9.33,0.06,2,0,508.07,511.99
06-02-2018 09:00,463.45,28.93,67.73,8.25,0.02,2,0,502.45,512.79
06-02-2018 15:00,559.42,25.57,41.59,10.7,0.79,2,0,507.49,513.53
06-02-2018 20:00,534.09,2.14,59.77,4.78,0.12,2,0,514.38,514.19
07-02-2018 02:00,541.02,24.96,82.69,9.41,0.94,3,0,521.63,516.5
07-02-2018 04:00,553.33,31.8,57.03,11.31,0.04,3,0,522.84,516.7
07-02-2018 08:00,491.64,42.71,32.94,13.32,0.51,3,0,529.87,517.73
07-02-2018 10:00,560.33,20.12,43.6,1.94,0.1,3,0,534.28,518.32
07-02-2018 14:00,501.44,19.06,68.94,4.16,0.44,3,0,529.5,518.45
07-02-2018 16:00,509.55,22.48,50.63,8.97,0.09,3,0,524.82,518.68
07-02-2018 23:00,510.96,36.32,72.43,13.97,0.38,3,0,523.52,519.35
08-02-2018 01:00,578.87,9.79,44.75,14.18,0.08,4,0,523.79,519.97
08-02-2018 02:00,495.24,24.07,70.68,12.95,0.11,4,0,521.88,519.88
08-02-2018 11:00,464.99,19.43,74.09,13.97,0.01,4,0,511.79,520.97
08-02-2018 14:00,472.05,22.25,40.62,4.92,0.32,4,0,509.93,520.76
08-02-2018 16:00,578.28,27.51,84.34,1.04,0.28,4,0,510.92,521.31
08-02-2018 20:00,427.6,27.94,37.16,8.02,0.17,4,0,510.36,520.12
09-02-2018 00:00,448.94,25.57,34.72,13.97,0.19,5,0,498.69,519
09-02-2018 02:00,512.19,7.58,61.65,1.96,0.04,5,0,497.58,518.52
09-02-2018 04:00,435.98,23.81,65.03,5.91,0.03,5,0,491.89,517.94
09-02-2018 07:00,495.04,30.76,46.46,8.48,0.05,5,0,494.99,518.36
09-02-2018 13:00,512.17,23.72,59.69,9.6,0.21,5,0,494.17,518.47
09-02-2018 14:00,487.94,18.72,37.16,12.95,0.03,5,0,494.83,518.28
09-02-2018 17:00,572.19,19.54,39.17,14.84,0.11,5,0,492.06,517.76
09-02-2018 21:00,522.84,19.64,40.39,7.54,0.08,5,0,500.71,518.45
10-02-2018 01:00,566.46,14.65,55.4,2.24,0.06,6,1,507.72,519.47
10-02-2018 02:00,509.83,19.99,33.7,1.86,0.16,6,1,507.62,519.86
10-02-2018 07:00,590.05,19,36.86,10.02,0.41,6,1,515.13,520.29
10-02-2018 11:00,465.95,41.11,32.33,12.44,0.15,6,1,513.92,519.66
10-02-2018 19:00,538.02,27.75,44.37,12.2,0.02,6,1,498.54,518.27
11-02-2018 01:00,442.08,36.06,65.32,7.59,0.27,7,1,488.63,517.27
11-02-2018 16:00,569.97,29.31,38.09,10.94,0.23,7,1,495.35,517.24
11-02-2018 19:00,467.65,21.82,54.12,3.51,0,7,1,502.82,517.51
11-02-2018 21:00,519.67,12.43,39.54,11.16,0.14,7,1,502.57,517.68
12-02-2018 00:00,552.48,22.06,77.41,12.75,0.09,1,0,510.07,518.24
12-02-2018 04:00,603.76,21.66,35.44,14.71,0.59,1,0,514.34,519.14
12-02-2018 15:00,607.11,20.49,62.05,14.21,0.26,1,0,522.38,519.13
12-02-2018 22:00,487.13,27.74,54.27,1.46,0.25,1,0,518.07,519.65
13-02-2018 00:00,519.96,29.22,52.8,8.89,0.2,2,0,511.92,518.91
13-02-2018 01:00,532.36,30.59,55.3,0.39,0.25,2,0,514.38,519.22
13-02-2018 02:00,475.84,31.84,71.33,0.63,0.31,2,0,510.63,518.99
13-02-2018 11:00,498.07,20.44,31.85,10.82,0.1,2,0,510.49,519.21
13-02-2018 13:00,544.18,13.27,48.47,12.28,0.26,2,0,512.08,519.52
13-02-2018 16:00,573.83,21.87,40.87,1.72,0.46,2,0,505.22,518.56
13-02-2018 20:00,524.7,25.89,73.49,11.34,0.12,2,0,506.13,518.85
13-02-2018 21:00,513.03,25.89,75.09,4.94,0.06,2,0,508.81,518.37
14-02-2018 12:00,476.61,18.33,66.61,8.64,0.03,3,0,497.27,514.45
14-02-2018 16:00,503.84,19.96,74.13,10.15,0.81,3,0,496.05,514.37
14-02-2018 21:00,478.59,24.23,42.07,2.76,0.08,3,0,486.32,512.85
14-02-2018 22:00,575.04,39.92,44.91,1.96,0.02,3,0,490.6,513.4
15-02-2018 20:00,549.9,30.77,75.41,0.6,0.08,4,0,513.06,514.03
16-02-2018 02:00,530.64,20.86,52.65,7.77,0.32,5,0,510.62,514.66
16-02-2018 03:00,447.33,23.53,89.36,10.14,0.54,5,0,504.1,514.51
16-02-2018 10:00,507.52,26.83,31.04,8.21,0.48,5,0,506.77,515.55
16-02-2018 17:00,559.35,38.44,88.25,0.67,0.02,5,0,520.89,517.51
16-02-2018 18:00,531.94,26.2,71.7,4.99,0.35,5,0,520.32,517.73
16-02-2018 20:00,581.67,35.81,37.83,0.12,0.03,5,0,518.54,517.43
16-02-2018 22:00,515.13,21.85,50.85,3.94,0.19,5,0,518.46,516.86
16-02-2018 23:00,462.29,37.15,74.55,2.38,0.16,5,0,517.18,516.5
17-02-2018 03:00,521.1,32.5,65.09,13.27,0.05,6,1,520.06,515.93
17-02-2018 10:00,529.87,14.8,39.27,6.47,0.3,6,1,521.13,516.6
17-02-2018 11:00,535.06,32.43,69.2,9.82,0.05,6,1,521.83,517.02
17-02-2018 15:00,506.28,30.4,65.69,12.09,0.21,6,1,516.53,518
18-02-2018 05:00,612.62,22.26,55.75,14.77,0.09,7,1,500.41,517.89
18-02-2018 10:00,430.52,26.44,63.08,7.87,0.05,7,1,495.78,518.74
18-02-2018 11:00,417.73,29.06,48.88,5.6,0.56,7,1,490.9,518.33
18-02-2018 12:00,551.13,8.19,31.91,0.91,0.09,7,1,493.65,518.09
18-02-2018 13:00,621.99,22.7,42.67,1.89,0.18,7,1,495.86,518.64
18-02-2018 14:00,569.21,22.43,45.44,4.82,0.02,7,1,499.06,519.23
18-02-2018 22:00,462.3,37.25,59.95,12.58,0.13,7,1,509.79,518.64
18-02-2018 23:00,485.97,27.11,71.52,3.48,0.12,7,1,513.69,518.36
19-02-2018 04:00,508.99,29.77,57.73,1.23,0.09,1,0,505.98,515.99
19-02-2018 07:00,421.47,21.82,68.36,5.49,0.6,1,0,501.46,515.84
19-02-2018 09:00,547.04,17.62,87.41,1.5,0.12,1,0,501.79,516.17
19-02-2018 12:00,527.5,29.14,75.85,9.72,1.08,1,0,504.61,515.78
19-02-2018 14:00,505.27,26.86,41.72,0.01,0.02,1,0,494.85,515.7
20-02-2018 13:00,544.75,35.45,52.75,2.16,0.06,2,0,494.02,513.03
20-02-2018 19:00,607.26,37.54,73.88,0.92,0.19,2,0,503.46,513.08
21-02-2018 02:00,502.19,33.23,30.78,1.77,0.05,3,0,499.21,512.68
21-02-2018 03:00,492.65,15.17,43.02,12.42,0.28,3,0,497.77,512.74
21-02-2018 07:00,431.51,28.98,38.13,3.28,0.03,3,0,503.03,513.93
21-02-2018 08:00,495.59,19.7,81.35,10.54,0.02,3,0,505.77,514.02
21-02-2018 16:00,481.04,25.9,69.8,1.66,0.39,3,0,518.45,516.21
21-02-2018 19:00,449.26,18.77,49.16,10.23,0.16,3,0,511.39,515.9
21-02-2018 22:00,501.7,9.48,64.06,5.38,0.23,3,0,508.07,515.49
22-02-2018 05:00,518.7,20.57,38.83,0,0.35,4,0,496.16,513.89
22-02-2018 22:00,554.57,21.06,65.84,10.01,0.8,4,0,496.64,513.67
22-02-2018 23:00,530.46,39.21,48.79,10.86,0.12,4,0,499.51,513.89
23-02-2018 04:00,615.97,34.32,70.87,12.33,0.09,5,0,508.71,514.88
23-02-2018 06:00,509.6,23.49,52.49,5.23,0.34,5,0,506.6,514.54
23-02-2018 09:00,492.38,14.25,70.4,13.22,0.12,5,0,504.07,513.96
23-02-2018 10:00,535.41,10.89,46.52,1.13,0.1,5,0,507.02,514.13
23-02-2018 12:00,460.7,18.07,42.05,11.15,0.02,5,0,506.33,513.34
23-02-2018 13:00,433.44,39.86,50.87,5.26,0.07,5,0,503.4,512.95
23-02-2018 17:00,392.36,10.08,74.04,4.05,0.16,5,0,497.23,510.48
23-02-2018 19:00,624.65,22.24,45.4,1.25,0.44,5,0,505.35,511.51
23-02-2018 23:00,495.06,27.04,46.92,1.24,0.25,5,0,502.46,511.75
24-02-2018 07:00,462.21,38.65,33.68,2.15,0.04,6,1,498.44,510.78
24-02-2018 23:00,490.65,25.47,34.77,5.05,0.12,6,1,502.29,511.77
25-02-2018 03:00,524.33,28.16,79.89,7.61,0.29,7,1,501.85,511.87
25-02-2018 11:00,560.94,29.47,65.86,14.77,0.27,7,1,502.04,511.92
25-02-2018 19:00,508.52,24.78,35.64,13.09,0.15,7,1,495.7,509.51
26-02-2018 00:00,547.48,20.16,70.94,5.87,0.08,1,0,505.81,511.16
27-02-2018 02:00,491.35,27.53,67.04,0.69,0.02,2,0,481.96,508.41
27-02-2018 09:00,552,21.85,72.7,13.9,0.35,2,0,487.56,508.64
27-02-2018 20:00,501.6,38.74,38.57,8.88,0.52,2,0,509.66,511.06
28-02-2018 00:00,600.67,36.25,71.87,10.71,0.1,3,0,515.09,511.02
28-02-2018 03:00,509.23,28.83,81.59,12.12,0.26,3,0,513.63,511.08
28-02-2018 04:00,432.64,27.66,71.19,2.69,0.01,3,0,513.68,510.38
28-02-2018 05:00,451.42,21.79,61.04,10.85,0.05,3,0,515.02,509.41
28-02-2018 06:00,560.02,30.39,82.95,12.77,0,3,0,514.46,509.95
28-02-2018 08:00,447.65,16.01,58.19,0.78,0.51,3,0,512.74,509.87
28-02-2018 10:00,559.29,38.21,82.99,7.56,0.01,3,0,515.42,509.86
28-02-2018 14:00,428.91,31.29,40.22,0.13,0.07,3,0,505.76,508.7
28-02-2018 21:00,608.25,30.74,83.8,7.21,0.01,3,0,511.71,511.09
28-02-2018 22:00,467.82,25.18,84.21,9.42,0.05,3,0,509.41,510.88
01-03-2018 01:00,513.43,31.22,61.71,7.87,0.28,4,0,508.96,511.9
01-03-2018 02:00,576.42,21.3,34.09,2.53,0.23,4,0,512.9,512.26
01-03-2018 06:00,481.75,25.92,57.37,12.16,0.24,4,0,518.5,512.66
01-03-2018 07:00,458.04,35.95,81.67,10.84,0.32,4,0,518.12,512.77
01-03-2018 10:00,602.81,35.23,41.98,7.37,0.17,4,0,514.72,512.06
01-03-2018 14:00,515.37,32.95,54.69,5.6,0.24,4,0,512.99,511.33
02-03-2018 02:00,509.05,24.82,75.22,4.24,0.46,5,0,509.33,513.45
02-03-2018 04:00,519.98,20.66,86.06,11.46,0.21,5,0,505.28,512.43
02-03-2018 08:00,561.91,7.34,68.84,9.83,0.04,5,0,509.07,512.5
02-03-2018 11:00,585.11,15.41,43.74,12.48,0.29,5,0,515.42,512.66
02-03-2018 13:00,630.08,28.04,83.55,7.65,0.03,5,0,522.38,514.17
02-03-2018 17:00,519.06,22.21,50.48,9.12,0.02,5,0,519.33,515.54
02-03-2018 18:00,564.49,22.34,49.38,2.06,0,5,0,522.37,515.81
03-03-2018 00:00,470.97,30.44,56.92,11.99,0.03,6,1,510.16,513.82
03-03-2018 03:00,519.73,28.65,76.9,12.42,0.3,6,1,515.57,514.54
03-03-2018 06:00,559.83,27.79,65.37,11.2,0.04,6,1,518.12,514.63
03-03-2018 14:00,455.63,19.34,30.17,12.92,0.11,6,1,499.95,514.05
03-03-2018 16:00,536.12,30.91,61.48,7.57,0.4,6,1,502.65,513.47
03-03-2018 19:00,480.02,27.14,77.27,9.84,0.11,6,1,499.75,513.98
03-03-2018 20:00,511.23,24.38,61.93,13.31,0.09,6,1,500.51,514.38
03-03-2018 23:00,411.96,36.17,48.12,8.97,0.16,6,1,500.59,514.03
04-03-2018 01:00,563.13,30.61,54.08,8.67,0.31,7,1,500.02,513.77
04-03-2018 02:00,472.41,36.01,54.09,8.96,0,7,1,495.39,513.62
04-03-2018 03:00,627.91,28.44,68.56,14.3,0.01,7,1,499.9,514.25
04-03-2018 09:00,560.42,27.04,76.12,9.78,0.14,7,1,513.9,517.3
04-03-2018 10:00,551.2,23.15,44.62,2.2,0.1,7,1,517.67,517.15
04-03-2018 15:00,499.83,34.61,50.31,10.95,0.5,7,1,518.46,516.45
04-03-2018 19:00,547.77,32.49,80.03,9.07,0.62,7,1,517.1,517.1
04-03-2018 20:00,504.42,23.37,39.66,2.97,0.04,7,1,516.82,517.08
05-03-2018 09:00,529.1,10.38,68.93,4.35,0.05,1,0,508.9,518.88
05-03-2018 22:00,476.7,33.32,36.95,5.47,0.28,1,0,502.56,519.89
06-03-2018 00:00,525.68,5.85,74.38,4.68,0.18,2,0,502.2,519.98
06-03-2018 08:00,469.89,23.68,39.73,6.09,0.31,2,0,493.13,519.83
06-03-2018 18:00,488.68,28.2,36.81,8.22,0.1,2,0,487.84,517.76
06-03-2018 21:00,459.84,24.79,59.02,12.38,0.04,2,0,492.15,517.65
07-03-2018 02:00,378.79,26.96,53.47,8.91,0.13,3,0,494.81,516.58
07-03-2018 05:00,485.93,29.5,85.68,2.06,0.17,3,0,499.95,517.63
07-03-2018 06:00,503.35,22.98,87.24,3.49,0.16,3,0,496.63,517.29
07-03-2018 10:00,539.71,25.48,50.21,7.49,0.25,3,0,498.32,517.04
07-03-2018 12:00,514.68,22.55,39.71,2.32,0.04,3,0,494.09,516.23
07-03-2018 16:00,419.24,31.69,45.5,11.77,0.05,3,0,488.7,515.76
07-03-2018 23:00,503.08,31.76,36.63,7.28,0.02,3,0,487.39,514.39
08-03-2018 00:00,521.44,25.82,57.35,6.56,0.55,4,0,488.32,514.5
08-03-2018 06:00,446.39,35.93,74.8,13.91,0.15,4,0,489.27,513.03
08-03-2018 10:00,381.85,34.35,80.53,12.24,0.34,4,0,482.68,512.37
08-03-2018 15:00,463.6,32.87,30.04,12.14,0.13,4,0,488.61,512.81
08-03-2018 19:00,460.04,20.35,76.24,9.27,0.14,4,0,492.24,512.62
09-03-2018 00:00,516.15,27.48,62.31,4.87,0.26,5,0,491.85,511.82
09-03-2018 08:00,514.94,25.77,41.68,4.43,0,5,0,503.94,512.1
09-03-2018 10:00,478.68,12.79,81.37,7.22,0.17,5,0,504.53,511.64
09-03-2018 13:00,428.09,11.86,47.71,14.98,0.43,5,0,500.68,510.21
09-03-2018 15:00,466.59,18.74,70.18,8.57,0.25,5,0,502.68,510.65
09-03-2018 23:00,457.68,27.66,89.15,0.74,0.25,5,0,511.61,511.76
10-03-2018 03:00,479.82,21.65,66.25,10.47,0.13,6,1,514.6,511.02
10-03-2018 08:00,501.21,26.25,62.6,3.15,0.47,6,1,507.04,511.26
10-03-2018 12:00,446.88,23.4,51.44,2.06,0.38,6,1,508.37,511.56
10-03-2018 15:00,549.29,21.82,89.95,14.45,0.3,6,1,513.4,512.2
10-03-2018 23:00,485.23,19.6,40.85,6.89,0.19,6,1,513.86,513.69
11-03-2018 00:00,508.42,25.06,58.06,3.03,0.11,7,1,515.55,514.21
11-03-2018 05:00,494.1,32.66,88.4,2.74,0.1,7,1,521.57,514.14
11-03-2018 12:00,542.03,20.3,50.95,3.89,0.56,7,1,513.53,510.7
11-03-2018 14:00,488.05,21.56,70.38,0.52,0.23,7,1,513.67,511.2
11-03-2018 15:00,481.66,29.48,39.4,3.87,0.02,7,1,510.85,511.09
11-03-2018 17:00,453.88,28.85,44.48,6.65,0.57,7,1,500.24,510.88
11-03-2018 19:00,483.88,33.9,59.17,8.89,0.19,7,1,501.05,510.78
12-03-2018 00:00,520.19,22.86,85.31,1.59,0.09,1,0,508.67,512.05
12-03-2018 01:00,498.79,35.97,77.75,8.06,0.19,1,0,505.87,512.61
12-03-2018 02:00,454.81,30.12,38.86,9.53,0.17,1,0,506.08,512.36
12-03-2018 04:00,441.05,24.06,74.83,0.53,0.13,1,0,499.19,511.68
12-03-2018 07:00,510.06,35.1,65.8,0.42,0.09,1,0,507.04,511.51
12-03-2018 16:00,449.98,37.04,84.9,10.4,0.03,1,0,508.22,510.44
12-03-2018 17:00,466.11,28.76,31.53,13.37,0.06,1,0,508.73,510.57
12-03-2018 18:00,525.7,19.68,58.57,4.2,0.69,1,0,506.44,510.69
12-03-2018 19:00,508.98,31.23,64.02,2.3,0.29,1,0,507.48,511.28
12-03-2018 23:00,555.48,25.73,72.43,13.24,0.33,1,0,505.98,512.63
13-03-2018 00:00,520.49,24.5,43.12,6.1,0.1,2,0,506,512.6
13-03-2018 03:00,594.99,24.04,40.21,8.24,0.14,2,0,512.11,514.7
13-03-2018 06:00,555.35,28.58,35.87,12.9,0.21,2,0,513.06,513.66
14-03-2018 03:00,482.53,28.43,54.58,10.16,0.22,3,0,504.97,515.04
14-03-2018 08:00,447.32,34.64,38.47,5.09,0.06,3,0,505.18,514.53
14-03-2018 10:00,547.52,23.88,32.82,2.75,0.1,3,0,504.29,514.42
14-03-2018 13:00,491.56,24.98,77.06,14.82,0.36,3,0,506.38,515.56
14-03-2018 20:00,509.48,22.67,54.4,0.53,0.08,3,0,509.01,516.64
15-03-2018 11:00,419.9,25.7,64.18,12.89,0.17,4,0,510.23,519.26
15-03-2018 19:00,584.75,35.17,84.54,1.15,0.11,4,0,513.51,519.74
16-03-2018 08:00,504.12,26.54,71.83,5.46,0.34,5,0,491.92,516.99
16-03-2018 10:00,484.54,31.36,43.39,5.49,0.07,5,0,486.54,516.81
16-03-2018 12:00,515.96,23.84,31.64,8.22,0.02,5,0,489.48,516.3
16-03-2018 15:00,505.75,29.18,69.52,10.78,1.16,5,0,486.21,516.53
16-03-2018 16:00,491.99,17.4,75.58,8.28,0.14,5,0,485.62,515.92
16-03-2018 20:00,484.05,27.8,30.32,12.39,0.08,5,0,481.76,515.26
17-03-2018 00:00,595.06,34.93,44.22,5.68,0.73,6,1,491.51,515.97
17-03-2018 07:00,525.44,16.92,63.83,2.33,0.13,6,1,488.38,514.26
17-03-2018 08:00,420.94,26.86,80.15,1.44,0.46,6,1,484.92,513.77
17-03-2018 11:00,507.34,7.46,69.18,0.01,0.03,6,1,491.33,513.4
17-03-2018 12:00,580.61,25.29,30.05,0.12,0.23,6,1,494.02,514.21
17-03-2018 18:00,489.44,28.08,44.2,9.3,1.25,6,1,486.42,511.5
17-03-2018 19:00,450.64,24.87,49.28,7.71,0.44,6,1,485.93,511.1
17-03-2018 22:00,488.76,26.38,72.41,3.16,0.12,6,1,485.43,510.96
18-03-2018 00:00,508.43,22.6,32.75,1.15,0.07,7,1,480.42,510.85
18-03-2018 02:00,445.48,7.61,64.71,0.08,0.18,7,1,480.67,510.56
18-03-2018 05:00,500.94,28.5,40.1,2.35,0.09,7,1,493.66,510.26
18-03-2018 17:00,405.91,28.69,88.22,13.06,0.05,7,1,494.52,510.91
18-03-2018 22:00,563.29,19.11,45.94,6.19,0.17,7,1,497.47,509.36
19-03-2018 02:00,467.69,34.31,43.09,9.76,0.05,1,0,499.59,509.62
19-03-2018 03:00,588.77,23.34,41.84,12.46,0.05,1,0,500.35,510.06
19-03-2018 11:00,513.02,19.67,57.09,8.1,0.05,1,0,500.13,510.62
19-03-2018 15:00,412.57,24.3,34.06,9.42,0.07,1,0,502.21,510.05
19-03-2018 16:00,565.22,33.04,66.15,8.55,0.08,1,0,505.19,510.75
19-03-2018 18:00,551.63,23.93,48.13,10.48,0.1,1,0,508.94,510.61
20-03-2018 04:00,471.89,22.64,55.65,6.55,0.61,2,0,508.87,509.26
20-03-2018 05:00,489.54,18.1,89.28,1.93,0.17,2,0,506.52,509.49
20-03-2018 12:00,498.68,19.68,30.63,13.02,1.05,2,0,498.91,509.15
20-03-2018 23:00,481.5,21.76,59.43,14.01,0.02,2,0,499.16,508.08
21-03-2018 04:00,534.85,16.46,77.51,7.59,0.13,3,0,498.51,508.29
21-03-2018 05:00,483.31,32.93,75.11,7.14,0.42,3,0,498.25,508.28
21-03-2018 09:00,522.39,16.58,39.89,13.3,0.19,3,0,501.99,509.74
21-03-2018 15:00,611.57,19.54,64.67,3.39,0.65,3,0,506.51,508.71
21-03-2018 16:00,531.9,41.9,65.31,0.88,0.48,3,0,508.83,509.18
22-03-2018 08:00,555.05,12.23,84.88,2.72,0.48,4,0,489.13,505.48
22-03-2018 10:00,438.52,19.22,80.55,7.19,0.48,4,0,492.99,505.46
22-03-2018 21:00,480.42,27.53,75.7,4.12,0.06,4,0,500.73,505.94
23-03-2018 08:00,454.71,21.42,30.24,0.99,0.09,5,0,507.92,507.81
23-03-2018 12:00,393.22,23.76,42.68,12.98,0.03,5,0,502.15,507.87
23-03-2018 18:00,526.06,22.47,69.66,6.43,0.07,5,0,506.99,509.35
24-03-2018 00:00,490.25,32.28,61.51,11.96,0.1,6,1,507.38,509.23
24-03-2018 06:00,499.06,35.53,52.51,6.44,0.05,6,1,508.08,510.76
24-03-2018 07:00,480.57,29.71,66.55,10.74,0.06,6,1,504.65,510.48
24-03-2018 08:00,556.21,23.13,55.44,11.15,0.17,6,1,508.87,511.31
24-03-2018 09:00,547.38,23.75,81.05,0.04,0.03,6,1,512.21,511.32
24-03-2018 16:00,547.66,17.87,52.52,13.31,0.11,6,1,502.77,511.2
24-03-2018 17:00,525.65,28.53,38.69,14.84,0.2,6,1,503.24,511.58
25-03-2018 00:00,559.45,12.81,62.21,8.41,0.36,7,1,508.46,513.32
25-03-2018 01:00,535.42,33.3,39.47,4.01,0.16,7,1,507.58,513.4
25-03-2018 08:00,466.24,19.49,39.25,8.64,0.01,7,1,506.97,512.43
25-03-2018 12:00,405.32,21.77,51.99,2.6,0.08,7,1,501.24,511.81
25-03-2018 15:00,459.15,20.4,51.22,1.92,0.01,7,1,502.37,511.67
25-03-2018 20:00,461.54,22.67,89.27,11.61,0.1,7,1,494.85,511.9
26-03-2018 04:00,503,36.12,60.35,9.28,0.61,1,0,477.36,510.74
26-03-2018 13:00,475.42,27.22,84.59,5.93,0.08,1,0,489.12,509.72
27-03-2018 15:00,459.04,28.21,47.84,13.66,0,2,0,496.59,509.61
27-03-2018 19:00,509.68,23.33,86.32,2.12,1.08,2,0,488.37,509.85
28-03-2018 05:00,546.31,29.47,50.28,11.58,0.03,3,0,495.76,509.69
28-03-2018 17:00,530.06,30.81,38.49,3.37,0.15,3,0,508.96,509.74
28-03-2018 20:00,472.47,27.27,51.1,13.17,0.19,3,0,497.3,509.39
29-03-2018 00:00,477.34,21.24,71.37,12.52,0.02,4,0,491.58,509.66
29-03-2018 06:00,551.96,31.83,55.37,12.72,0.04,4,0,496.67,510.9
29-03-2018 07:00,496.21,20.89,34.67,5.35,0.13,4,0,493.94,510.96
29-03-2018 09:00,446.41,21.53,50.6,2.65,0.12,4,0,492.51,509.91
29-03-2018 10:00,422.31,23.65,47.78,13.59,0.12,4,0,490.56,509.81
29-03-2018 16:00,440.53,23.88,86.71,12.31,0.11,4,0,487.31,509.21
29-03-2018 22:00,472.79,20.11,69.37,5.63,0.04,4,0,500.92,508.99
29-03-2018 23:00,491.86,28.72,82.17,1.7,0.34,4,0,500.88,509.05
30-03-2018 04:00,488.57,33.85,45.98,3.8,0.29,5,0,494.2,508.23
30-03-2018 20:00,533.64,19.59,85.08,5.47,0.01,5,0,502.44,508.03
30-03-2018 23:00,471.32,25.9,34.22,3.73,0.02,5,0,501.95,508.01
31-03-2018 05:00,502.54,38.5,82.98,1.88,0.01,6,1,504.28,507.92
31-03-2018 09:00,574.49,32.13,39.39,4.05,0.03,6,1,506.86,507.93
31-03-2018 10:00,419.95,17.56,77.99,7.26,0.21,6,1,503.57,507.68
31-03-2018 13:00,417.84,29.61,63.99,7.49,0.03,6,1,497.56,507.49
31-03-2018 14:00,491.21,19.83,79.4,0.89,0.46,6,1,499.66,507.62
31-03-2018 22:00,564.08,18.45,83.69,10.81,0.01,6,1,492.8,506.55
01-04-2018 06:00,459.46,26.52,37.39,9.87,0.11,7,1,497.65,505.97
01-04-2018 14:00,458.24,31.85,83.9,1.89,0.03,7,1,501.24,506.95
01-04-2018 21:00,482.13,30.63,58.09,9.63,0.02,7,1,507.08,508.6
01-04-2018 22:00,490.98,26.38,62.33,9.56,0.13,7,1,504.04,508.3
02-04-2018 01:00,576.67,36.41,35.67,5.92,0.06,1,0,506.12,509.26
02-04-2018 02:00,428.8,38.09,51.21,7.01,0.07,1,0,502.12,508.63
02-04-2018 05:00,529.43,17.44,59.57,0.47,0.09,1,0,498.34,508.87
02-04-2018 07:00,523.11,12.56,51.14,5.71,0.03,1,0,500.29,508.51
02-04-2018 10:00,509.49,21.79,32.19,8.5,0.07,1,0,499.52,509.08
03-04-2018 02:00,437.48,29.3,72.95,13.32,1.16,2,0,500.14,508.6
03-04-2018 03:00,530.23,30.29,40.09,6.43,0.17,2,0,501.96,508.74
03-04-2018 05:00,477.4,20.97,48.84,10.43,0.02,2,0,502.52,508.78
03-04-2018 23:00,539.53,39.32,78.62,8.73,0.1,2,0,501.9,509.67
04-04-2018 05:00,452.3,20.89,72.56,14.34,0.42,3,0,497.8,509.07
04-04-2018 08:00,505.29,29.78,80.23,9.61,0.36,3,0,499.94,508.5
04-04-2018 13:00,505.22,31.86,45.09,8.62,0.08,3,0,503.97,508.99
04-04-2018 15:00,433.48,27.62,72.78,13.94,0.06,3,0,498.16,508.5
04-04-2018 23:00,518.18,37.88,85.58,3.55,0.25,3,0,496.13,510.11
05-04-2018 03:00,509.95,24.8,44.46,3.79,0.03,4,0,495.33,509.03
05-04-2018 09:00,559.63,25.89,56.81,1.22,0.1,4,0,501.27,509.89
05-04-2018 13:00,495.92,36.46,30.91,14.32,0.46,4,0,492.56,509.65
05-04-2018 20:00,533.97,26.43,32.21,0.96,0.34,4,0,491.08,508.93
05-04-2018 21:00,442.56,19.85,62.19,11.72,0.01,4,0,488.71,508.39
05-04-2018 23:00,523.13,24.67,82.66,13.48,0.21,4,0,492.92,508.95
06-04-2018 04:00,476.78,22.7,56.55,13.87,0.47,5,0,490.52,508.44
06-04-2018 06:00,539.17,27.34,68.8,1.2,0.53,5,0,489.69,509.9
06-04-2018 09:00,571.12,20.23,73.82,11.46,0.07,5,0,489.22,509.16
06-04-2018 10:00,586.94,20.89,83.1,9.79,0.05,5,0,496.55,509.69
06-04-2018 14:00,458.48,29.15,76.22,9.69,0.09,5,0,495.18,509.78
06-04-2018 16:00,520.92,21.63,43.19,6.49,0.18,5,0,499.56,509.51
06-04-2018 18:00,532.52,8.81,70.91,3.12,0.01,5,0,506.03,509.78
06-04-2018 19:00,424.85,18.4,67.93,3.18,0.01,5,0,505.16,509.32
06-04-2018 20:00,552.6,18.31,79.7,0.12,0.23,5,0,505.94,509.44
07-04-2018 00:00,599.78,31.94,62.72,0.44,0.02,6,1,511.37,509.77
07-04-2018 01:00,655.5,20.02,30.61,12.45,0.14,6,1,519.27,510.24
07-04-2018 18:00,522.89,26.41,59.84,11.66,0.21,6,1,518.54,513.24
07-04-2018 19:00,583.72,30.95,63.26,9.34,0.14,6,1,525.16,513.94
07-04-2018 21:00,533.44,26.67,55.38,14.29,0.33,6,1,526.43,514.35
08-04-2018 00:00,534.78,34.31,52.03,6.25,0.17,7,1,520.92,513.89
08-04-2018 03:00,496.42,22.52,60.37,6.2,0.05,7,1,514.56,513.47
08-04-2018 10:00,500.35,20.1,59.91,7.13,0.24,7,1,505.93,513.6
08-04-2018 14:00,524.6,22.27,52.37,2.08,0.11,7,1,507.74,514.21
08-04-2018 20:00,534.67,22.97,31.43,9.8,0.02,7,1,498.41,512.78
08-04-2018 23:00,530.85,25.83,82.26,8.01,0.06,7,1,502.78,512.91
09-04-2018 05:00,507.17,16.5,66.4,4.42,0.1,1,0,505.4,513.75
09-04-2018 08:00,448.53,32.46,40.99,3.53,0.31,1,0,496.31,512.76
09-04-2018 10:00,423.88,32.44,88.37,7.02,0.01,1,0,490.21,512.24
09-04-2018 20:00,508,13.68,78.05,13.15,0.04,1,0,491.51,512.13
09-04-2018 22:00,555.87,23.53,48.28,10.32,0,1,0,493.5,512.03
10-04-2018 09:00,462.08,32.7,69.21,14.64,0,2,0,493.13,511.46
10-04-2018 12:00,544.51,35.97,30.31,2.93,0.01,2,0,494.75,510.93
10-04-2018 23:00,503.47,33.53,61.37,0.42,0.12,2,0,475.99,508.58
11-04-2018 04:00,583.67,27.08,34.39,0.14,0.08,3,0,482.48,509.15
11-04-2018 17:00,517.03,27,73.69,1.27,0.01,3,0,500.33,509.87
12-04-2018 08:00,498.82,25.97,61.3,11.93,0.36,4,0,504.51,510.49
12-04-2018 17:00,569.07,26.69,79.17,0.45,0.54,4,0,504.74,511.43
12-04-2018 18:00,435.39,28.66,68.86,1.61,0.61,4,0,501.24,511.36
12-04-2018 21:00,513.17,23.54,79.91,11.85,0.11,4,0,500.32,511.97
13-04-2018 05:00,464.21,33.63,52.68,13.81,0.07,5,0,492.08,511.1
13-04-2018 09:00,511.97,14.57,38.53,13.57,0.02,5,0,497.25,511.24
13-04-2018 15:00,438.12,32.33,85.7,6.72,0.47,5,0,502.51,511.04
13-04-2018 16:00,543.46,29.58,68.86,1.83,0.05,5,0,500.68,511.18
14-04-2018 04:00,488.46,20.88,31.9,6.53,0.06,6,1,511.91,510.02
14-04-2018 17:00,404.02,19.98,53.11,2.8,0.21,6,1,506.13,509.16
14-04-2018 21:00,572.18,21.19,39.16,2.16,0.15,6,1,507.17,508.39
14-04-2018 22:00,437.17,15.42,52.9,7.2,0.28,6,1,502.32,508.34
14-04-2018 23:00,540.66,27.85,48.5,1.07,0.09,6,1,499.09,508.7
15-04-2018 11:00,562.23,26.24,72.26,7.03,0.2,7,1,502.58,509.54
15-04-2018 18:00,493.73,23.35,30.5,6.74,0.22,7,1,503.73,509.23
15-04-2018 19:00,516.39,10.49,53.14,4.56,0.01,7,1,505.85,509.59
15-04-2018 21:00,389.03,16.27,86.96,6.18,0.08,7,1,499.43,508.86
16-04-2018 07:00,530.34,21.02,55.99,14.75,0.02,1,0,507.43,509.98
16-04-2018 08:00,602.83,23.12,56.39,13.3,0.13,1,0,513.98,510.91
16-04-2018 10:00,523.68,23.3,89.24,10.07,0.17,1,0,508.18,511.59
16-04-2018 11:00,453.68,13.68,38.64,8.51,0.02,1,0,503.66,510.97
16-04-2018 21:00,437.07,16.7,87.66,14.25,0.57,1,0,505.62,510.64
17-04-2018 00:00,621.34,35.26,86.5,14.6,0.2,2,0,511.47,510.55
17-04-2018 05:00,604.42,32.86,65.36,13.34,0.25,2,0,505.54,512.06
17-04-2018 10:00,456.59,21.19,66.7,2.32,0.29,2,0,496.17,511.64
17-04-2018 14:00,516.39,14.33,86.67,11.51,0.48,2,0,496.04,511.36
17-04-2018 17:00,504.28,28.65,44.93,13.47,0.17,2,0,492.7,512.29
18-04-2018 03:00,427.57,13.91,65.94,12.87,0.02,3,0,492,512.73
18-04-2018 06:00,631.04,23.25,62.87,4.4,0.24,3,0,493.55,512.89
18-04-2018 11:00,587.93,26.8,47.01,8.66,0.24,3,0,500.51,513.06
18-04-2018 14:00,497.34,19.6,81.98,2.48,0.04,3,0,506.79,513.58
18-04-2018 17:00,468.72,29.59,44.26,9,0,3,0,510.33,513.74
19-04-2018 01:00,502.9,35.8,55.83,9.23,0,4,0,510.54,513.26
19-04-2018 03:00,387.66,16.06,50.66,12.16,0.15,4,0,510.57,512.68
19-04-2018 09:00,530.99,16.74,81.09,6.95,0.09,4,0,501.06,512.36
19-04-2018 16:00,544.85,29.41,74.73,3.4,0.28,4,0,481.03,510.9
20-04-2018 00:00,463.29,27.96,42.55,13.95,0.07,5,0,488.09,511.29
20-04-2018 08:00,520.49,18.14,42.63,10.95,0.19,5,0,505.37,513.42
20-04-2018 09:00,456.95,19.99,68.45,8.64,0.43,5,0,502.29,513.09
20-04-2018 11:00,534.9,36.14,45.84,13.57,0.02,5,0,510.47,513.43
20-04-2018 19:00,553.58,21.05,52.49,8.97,0.03,5,0,520.99,514.05
21-04-2018 04:00,445.52,26,76.35,11.76,0.07,6,1,513.65,513.12
21-04-2018 05:00,460.76,19.09,57.42,5.36,0.27,6,1,510.37,512.45
21-04-2018 09:00,545.11,14.17,58.63,0.38,0.19,6,1,506.41,512.04
21-04-2018 12:00,525.54,30.23,33.72,3.21,0.45,6,1,505.29,512.18
21-04-2018 18:00,508.59,27.63,88.71,0.1,0.37,6,1,502.6,512.99
21-04-2018 22:00,529.86,27.76,52.89,11.07,0.66,6,1,498.24,513.01
22-04-2018 00:00,523.16,27.7,35.24,1.44,0.35,7,1,492.63,512.71
22-04-2018 02:00,542.41,30.84,65.6,13.81,0.02,7,1,493.77,512.39
22-04-2018 08:00,513.02,28.16,60.09,5.44,0.23,7,1,502.89,512.47
22-04-2018 14:00,504.77,30.74,46.61,9.29,0.51,7,1,488.25,510.7
22-04-2018 16:00,533.96,12.43,61.34,5.32,0.03,7,1,489.61,510.5
23-04-2018 04:00,498.03,26.63,72.28,12.96,0.34,1,0,492.32,510.16
23-04-2018 17:00,552.25,26.14,40.2,9.16,0.01,1,0,519.2,512.09
23-04-2018 22:00,459.08,21.12,61.95,13.48,0.05,1,0,517.2,513.28
24-04-2018 03:00,395,29.43,62.32,10.23,0.12,2,0,517.88,512.77
24-04-2018 06:00,470.38,20.75,37.92,0.14,0.42,2,0,519.46,512.58
24-04-2018 14:00,550.57,16.84,34.77,13.04,0.19,2,0,515.98,514.78
24-04-2018 17:00,475.73,29.08,30.4,10.22,0.04,2,0,511.39,514.81
24-04-2018 18:00,561.54,28.13,65.22,12.88,0.19,2,0,513.65,515.47
24-04-2018 23:00,473.45,27.5,76.53,1.68,0.08,2,0,515.47,516.75
25-04-2018 04:00,520.74,19.13,68.73,10.85,0.19,3,0,525.55,517.94
25-04-2018 05:00,523.16,19.06,35.12,11.75,0.06,3,0,524.67,518.09
25-04-2018 06:00,502.18,22.22,51.95,14.72,0.08,3,0,526,517.31
25-04-2018 07:00,527.91,21.92,32.3,2.49,0.43,3,0,526.9,517.82
25-04-2018 08:00,373.52,20.76,89.09,11.73,0.26,3,0,517.56,516.6
25-04-2018 10:00,512.07,25.64,51.18,5.89,0.07,3,0,520.71,516.2
25-04-2018 18:00,496.3,20.98,36.17,10.38,0.03,3,0,512.09,515.84
25-04-2018 21:00,462.09,43.27,63.42,2.75,0.38,3,0,507.13,515.86
26-04-2018 00:00,531.48,23.55,71.68,11.95,0.08,4,0,505.04,515.67
26-04-2018 01:00,459.78,25.54,61.39,7.84,0.03,4,0,502.65,515.41
26-04-2018 02:00,544.77,34.4,37.28,0.53,0.04,4,0,501.28,515.42
26-04-2018 07:00,522.74,31.91,39.03,11.22,0.11,4,0,498.22,516.27
26-04-2018 12:00,491.16,28.18,82.87,8.07,0.03,4,0,501.36,516.84
27-04-2018 05:00,509.07,27.39,56.3,10.56,0.25,5,0,481.2,513.77
27-04-2018 07:00,472.13,27.1,57.51,5.62,0.49,5,0,480.4,513.33
27-04-2018 15:00,515.06,33.75,80.43,3.18,0.19,5,0,481.8,511.82
28-04-2018 05:00,483.94,14.84,85.57,5.37,0.09,6,1,493.78,511.35
28-04-2018 06:00,591.63,29.01,69.15,5.75,0.21,6,1,496.36,512.02
28-04-2018 09:00,518.44,19.18,84.85,12.59,0.21,6,1,503.78,512.68
28-04-2018 12:00,486.06,17.72,70.04,4.69,0,6,1,500.64,511.78
28-04-2018 18:00,562.34,33.48,60.69,8.32,0,6,1,502.53,512.12
28-04-2018 21:00,481.67,11.14,39.2,8.42,0.13,6,1,509.61,512.74
28-04-2018 22:00,414.81,38.8,58.42,3.16,0.07,6,1,506.23,512.04
29-04-2018 13:00,445.13,28.57,57.33,1.73,0.51,7,1,508.09,514.85
29-04-2018 16:00,469.61,30.48,48.12,0.12,0.01,7,1,506.99,514.07
29-04-2018 19:00,541.67,18.46,31.12,0.08,0.04,7,1,500.44,513.97
30-04-2018 05:00,524.19,19.08,74.94,9.48,0.67,1,0,496.2,514.17
30-04-2018 07:00,534.07,25.6,83.01,10.49,0.15,1,0,491.04,513.51
30-04-2018 08:00,520.43,35.12,35.7,9.79,0.01,1,0,491.27,513.31
30-04-2018 09:00,484.61,20.88,59.16,7.15,0.23,1,0,493.79,513.61
30-04-2018 12:00,526.74,9.46,47.41,1.77,0.11,1,0,490.21,512.54
30-04-2018 18:00,498.45,18.74,53.39,4.65,0.19,1,0,495.56,510.35
30-04-2018 19:00,454.52,20.57,59.86,8.09,0.08,1,0,491.93,510.06
30-04-2018 21:00,466.61,25.46,84.63,6.24,0.03,1,0,490.43,509.21
01-05-2018 05:00,475.01,19.4,37.86,9.54,0.16,2,0,472.23,507.01
01-05-2018 08:00,480.75,20.85,84.57,10.26,0.2,2,0,473.25,506.7
01-05-2018 11:00,393.47,28.68,56.3,10.04,0.38,2,0,474.14,506.24
01-05-2018 13:00,510.77,29.84,68.23,6.54,0.07,2,0,472.52,505.94
01-05-2018 21:00,478.79,26.66,61.66,11.03,0.97,2,0,491.27,505.91
02-05-2018 03:00,443.5,32,87.01,4.2,0.25,3,0,495.12,503.96
02-05-2018 04:00,477.5,31.47,62.42,7.79,0.03,3,0,499.91,503.69
02-05-2018 11:00,592.43,19.25,61.17,6.63,0.08,3,0,510.89,505.61
02-05-2018 12:00,491.22,17.88,83.01,7.16,0.13,3,0,508.92,505.44
02-05-2018 19:00,496.79,25.59,49.14,11.45,0.02,3,0,503.8,505.39
02-05-2018 23:00,510.74,17.51,41.75,11.68,0.06,3,0,506.2,505.85
03-05-2018 14:00,532.02,19.13,41.75,4.91,0.07,4,0,510.84,507.67
03-05-2018 15:00,490.47,30.22,34.67,9.47,0.01,4,0,507.74,507.7
03-05-2018 21:00,418.48,17.93,38.31,7.57,0.61,4,0,495.95,505.97
04-05-2018 00:00,523.33,27.76,87.2,0.03,0.12,5,0,497.57,507.55
04-05-2018 02:00,452.55,15.45,52.75,0.91,0.05,5,0,494.89,508.06
04-05-2018 13:00,487.06,27.52,88.49,14.39,0.28,5,0,496.55,509.7
04-05-2018 17:00,513.5,16.31,84.78,10.84,0,5,0,493.64,508.3
04-05-2018 23:00,505.29,28.16,89.1,6.87,0.21,5,0,498.63,509.24
05-05-2018 04:00,513.2,21.13,76.08,4.66,0.05,6,1,493.85,509.27
05-05-2018 06:00,536.62,33.06,67.06,7.64,0.17,6,1,496.16,509.41
05-05-2018 08:00,417.26,38.42,61.66,9.95,0.33,6,1,497.33,508.61
05-05-2018 13:00,620.58,15.89,81.6,2.05,0.49,6,1,500.5,508.88
05-05-2018 14:00,575.82,12.13,40.18,2.87,0.01,6,1,502.93,509.35
05-05-2018 16:00,503.6,21.93,49.3,6.58,0.05,6,1,509.32,510
05-05-2018 20:00,512.89,22,49.18,6.71,0.02,6,1,514,508.58
06-05-2018 00:00,404.61,29.48,63.54,6.5,0.47,7,1,498.92,508.11
06-05-2018 01:00,456.98,23.99,37.05,6.32,0.65,7,1,498.89,507.94
06-05-2018 02:00,479.32,12.76,30.28,4.86,0.04,7,1,496.9,507.89
06-05-2018 03:00,594.38,17.52,35.17,12.37,0.05,7,1,500.42,508.55
06-05-2018 16:00,424.03,34.34,44.69,4.55,0.07,7,1,485.56,506.88
06-05-2018 18:00,477.44,19.62,67.75,4.01,0.39,7,1,481.15,506.21
06-05-2018 21:00,476.84,18.52,43.86,3.81,0.09,7,1,485.72,506.62
06-05-2018 22:00,479.43,33.12,80.6,5.23,0.08,7,1,484.17,506.12
07-05-2018 01:00,480.57,20.07,45.32,6.58,0.21,1,0,487.96,506.23
07-05-2018 04:00,474.51,21.17,54.78,13.73,0.02,1,0,484,506.01
07-05-2018 05:00,501.72,22.92,77.6,1.52,0.03,1,0,486.85,505.88
07-05-2018 06:00,375.58,25.98,53.73,6.67,0,1,0,480.65,505.46
07-05-2018 07:00,467.09,41.85,77.15,3.3,0.02,1,0,482.5,505.05
07-05-2018 11:00,522.34,17.24,56.49,11.29,0.23,1,0,478.62,505.54
07-05-2018 12:00,482.87,27.79,74.09,7.02,0.16,1,0,480.58,505.27
08-05-2018 01:00,559.86,21.03,59.75,7.39,0.08,2,0,494.1,507.98
08-05-2018 05:00,460.81,20.55,58.61,0.97,0.46,2,0,487.19,508.06
08-05-2018 08:00,472.22,38.79,88.58,8.39,0.15,2,0,493.47,508.01
08-05-2018 16:00,424.28,16.83,63.72,5.41,0.14,2,0,488.6,506.41
08-05-2018 20:00,511.26,13.02,50.03,6.99,0.4,2,0,492.37,506.6
09-05-2018 02:00,463.35,25.21,35.32,1.03,0.1,3,0,499.05,507.84
09-05-2018 03:00,590.9,21.66,85.92,13.5,0.03,3,0,504.31,508.74
09-05-2018 04:00,538.76,24.31,89.98,7.92,0.09,3,0,506.53,509.11
09-05-2018 05:00,527.65,24.67,44.13,8.27,0.05,3,0,509.31,508.89
09-05-2018 13:00,515.5,14.71,69.3,4.92,0.84,3,0,508.17,507.52
09-05-2018 23:00,563.97,23.52,84.21,11.28,0.4,3,0,503.44,506.75
10-05-2018 08:00,463.52,17.34,51.3,6.16,0.8,4,0,500.9,506.57
10-05-2018 09:00,518.07,25.35,49.37,7.64,0.08,4,0,501.36,506.75
10-05-2018 14:00,441.91,24.65,66.36,7.7,0.24,4,0,500.77,506.01
10-05-2018 17:00,439.53,27.8,68.58,14.81,0.08,4,0,498.26,505.77
10-05-2018 19:00,512.57,18,67.42,5.28,0.04,4,0,501.8,506.85
10-05-2018 22:00,552.44,36.03,49.64,9.97,0.47,4,0,503.12,507.07
11-05-2018 05:00,536.98,18.98,70.77,8.65,0.35,5,0,498.52,506.17
11-05-2018 06:00,404.53,30.41,59.21,4.71,0.09,5,0,491.1,505.24
11-05-2018 16:00,547.58,25.18,66.91,6.01,0.27,5,0,502.01,507.44
11-05-2018 21:00,393.64,25.86,34.21,4.53,0.08,5,0,500.81,507.14
12-05-2018 06:00,542.1,29.25,30.44,4.91,0.01,6,1,497.02,505.37
12-05-2018 10:00,448.07,20.69,43.82,7.04,0.29,6,1,485.4,504.69
12-05-2018 17:00,522.8,20.87,40.93,13.23,0.17,6,1,482.46,503.28
13-05-2018 00:00,495.17,18.09,82.33,1.02,0.12,7,1,476.12,503.04
13-05-2018 01:00,479.2,23.25,88.99,0.28,0.14,7,1,474.28,503.18
13-05-2018 12:00,548.92,15.62,69.71,9.81,0.02,7,1,488.88,502.47
13-05-2018 16:00,460.99,20.44,74.27,10.89,0.61,7,1,482.97,502.7
13-05-2018 21:00,591.48,24.94,35.6,5.16,0.13,7,1,498.29,504.45
14-05-2018 05:00,405.84,17.89,57.46,13.1,0.23,1,0,496.22,504.06
14-05-2018 08:00,509.26,14.35,77.02,5.11,0.05,1,0,503.45,504.96
14-05-2018 19:00,441.1,12.75,51.28,0.71,0.15,1,0,504.3,505.91
14-05-2018 22:00,536.78,34.13,53.95,11.37,0.1,1,0,507.66,507.15
15-05-2018 04:00,447.49,24.68,57.12,9.85,0.28,2,0,505.3,507.04
15-05-2018 05:00,537.87,27.45,37.13,10.52,0.1,2,0,510.8,507.5
15-05-2018 06:00,568.53,29.21,57.63,6.5,0.78,2,0,514.43,507.39
15-05-2018 11:00,562.48,38.65,71.14,4.48,0.12,2,0,509.94,508.36
15-05-2018 13:00,498.05,24.38,49.87,10.15,0.09,2,0,514.87,508.59
15-05-2018 14:00,479.1,24.44,46,14.67,0.07,2,0,515.61,508.5
15-05-2018 15:00,398.71,15.89,54.62,8.41,0.27,2,0,509.66,508.04
16-05-2018 02:00,416.57,18.51,51.5,10.66,0.02,3,0,504.85,507.68
16-05-2018 03:00,552.94,24,47.64,1.05,0.04,3,0,505.55,507.45
16-05-2018 08:00,511.45,19.59,54.42,11.62,0.09,3,0,502.38,506.85
16-05-2018 13:00,552.91,30.49,52.12,10.07,0.07,3,0,503.6,507.93
16-05-2018 17:00,464.39,9.91,79.24,5.17,0.08,3,0,504.7,507.8
16-05-2018 23:00,558.64,13.84,71.83,11.41,0.44,3,0,510.77,508.71
17-05-2018 01:00,597.06,26.66,69.95,1.56,0.25,4,0,510.2,509.01
17-05-2018 05:00,532.32,35.76,77.6,9.46,0.35,4,0,509.43,508.71
17-05-2018 06:00,489.22,33.37,35.13,1.75,0.56,4,0,508.06,508.15
17-05-2018 08:00,544.07,26.66,50.62,3.55,0.01,4,0,509.13,508.05
17-05-2018 13:00,506.71,21.1,72.94,13.1,0.27,4,0,512.72,509.33
17-05-2018 15:00,527.7,22.47,54.5,12.14,0.24,4,0,512.97,509.97
17-05-2018 17:00,501.5,21.75,56.11,11.24,0.07,4,0,514.56,510.17
17-05-2018 18:00,392.38,26.7,65.46,14.21,0.11,4,0,507.6,509.4
17-05-2018 23:00,489.42,24.54,34.92,3.78,0.26,4,0,505.03,508.87
18-05-2018 00:00,468.61,12.13,63.48,3.84,0.04,5,0,502.33,508.83
18-05-2018 01:00,485.6,15.95,37.12,5.65,0.43,5,0,497.69,508.93
18-05-2018 02:00,570.93,23.98,77.26,7.94,0.09,5,0,502.47,509.21
18-05-2018 10:00,442.33,29.58,88.6,8.68,0.19,5,0,494.82,508.36
18-05-2018 15:00,448.71,24.7,70.73,11.78,0.04,5,0,487.39,508.21
18-05-2018 20:00,588.06,19.06,56.73,9.71,0.05,5,0,505.07,509.38
18-05-2018 21:00,499.98,26.06,80.64,13.12,0.27,5,0,501.94,510.02
19-05-2018 04:00,497.3,27.32,40.97,2.13,0.25,6,1,505.25,510.53
19-05-2018 06:00,556.09,25.63,53.48,9.11,0.09,6,1,507.35,510.59
20-05-2018 14:00,474.03,21.8,44.52,10.42,0.45,7,1,508.72,516.53
20-05-2018 20:00,503.93,28.78,81.24,9.52,0.43,7,1,507.41,516.13
21-05-2018 06:00,473.71,27.85,37.53,8.77,0.04,1,0,489.13,514.07
21-05-2018 15:00,448.8,19.68,89.62,0.38,0.12,1,0,483.11,513.77
21-05-2018 17:00,451.77,17.21,56.85,11.88,0.2,1,0,479.46,512.98
21-05-2018 18:00,525.3,18.31,71.56,9.49,0.05,1,0,481.75,512.78
21-05-2018 22:00,510.63,24.2,31.11,10.48,0.22,1,0,491.33,512.81
22-05-2018 07:00,459.86,17.53,43.69,8.48,0.37,2,0,502.84,512.23
22-05-2018 10:00,598.63,33.36,64.09,5.22,1.07,2,0,505.69,513.25
22-05-2018 12:00,525.28,32.58,73.02,12.84,0.18,2,0,503.33,512.37
22-05-2018 17:00,528.49,25.81,60.93,6.19,0.05,2,0,516.99,514.21
22-05-2018 18:00,509.77,13.8,68.44,11.54,0.21,2,0,516.35,514.66
23-05-2018 08:00,542.04,22.99,88.87,0.23,0.08,3,0,513.11,513.68
23-05-2018 10:00,435.37,40.36,32.11,3.26,0.03,3,0,506.9,513.73
23-05-2018 11:00,473.39,24.23,34.44,13.99,0.08,3,0,508.68,513.48
23-05-2018 17:00,553.2,22.93,54.71,13.31,0.16,3,0,497.27,513.13
23-05-2018 18:00,512.63,28.93,87.16,14.55,0.19,3,0,497.39,512.84
23-05-2018 23:00,567.31,30.08,56.76,7.24,0.41,3,0,510.16,513.82
24-05-2018 02:00,613.62,30.17,49.25,12.18,0.67,4,0,513.38,514.12
24-05-2018 10:00,507.05,20.31,31.78,5.2,0.09,4,0,511.4,513.74
24-05-2018 12:00,534.77,35.29,67.87,9.73,0.13,4,0,518.53,513.67
24-05-2018 13:00,442.95,37.92,64.76,2.31,0.26,4,0,516.31,513.28
24-05-2018 20:00,493.62,22.33,32.48,1.89,0.28,4,0,504.25,513.12
24-05-2018 23:00,602.65,24.14,52,12.22,0.09,4,0,495.18,512.39
25-05-2018 04:00,584.79,24,49.32,0.98,0.1,5,0,489.13,512.98
25-05-2018 05:00,594.86,37.97,77.35,12.14,0.41,5,0,495.74,513.46
25-05-2018 06:00,507.83,25.56,64.13,6.45,0.04,5,0,498.75,513.87
25-05-2018 11:00,506.6,26.32,62,9.63,0.09,5,0,494.65,513.85
26-05-2018 02:00,481.93,20.49,35.18,12.96,0.42,6,1,492.6,511.09
26-05-2018 08:00,453.77,20.95,35.09,11.34,0.08,6,1,484.07,510.08
26-05-2018 14:00,525.57,27.09,59.86,10.61,0.07,6,1,485.56,509.76
26-05-2018 22:00,502.26,16.19,45.76,4.62,0.12,6,1,497.7,509.97
26-05-2018 23:00,502.56,24.01,71.51,3.3,0.24,6,1,494.92,510.39
27-05-2018 00:00,474.91,28.19,34.21,8.09,0.32,7,1,494.5,510.65
27-05-2018 03:00,496.95,29.72,77.8,2.4,0.4,7,1,498.5,509.66
27-05-2018 06:00,561.04,20.43,67.75,2.94,0.17,7,1,500.96,510.19
27-05-2018 15:00,389.16,26.93,77.03,5.62,0.25,7,1,498.21,508.92
27-05-2018 20:00,470.91,27.41,62.51,10.36,0.5,7,1,491.3,508.4
28-05-2018 01:00,447.43,25.43,33.1,8.78,0.44,1,0,491.76,509.4
28-05-2018 11:00,491.98,9.06,44.67,0.03,0.14,1,0,499.91,511.93
28-05-2018 13:00,572.55,26.86,54.24,2.15,0.27,1,0,504.39,511.49
28-05-2018 19:00,573.33,18.12,83.76,4.8,0.19,1,0,516.71,513.86
28-05-2018 20:00,444.42,18.02,58.31,13.03,0.16,1,0,515.6,512.87
29-05-2018 03:00,498.39,12.68,80.57,4.29,0.28,2,0,510.77,511.84
29-05-2018 11:00,559.73,28.96,75.41,12.85,0.36,2,0,502.08,511.47
29-05-2018 12:00,547.92,24.42,60.32,1.98,0.02,2,0,503.39,511.6
29-05-2018 16:00,511.22,16.65,75.73,1.41,0.61,2,0,501.2,510.92
29-05-2018 18:00,485.13,28.29,72.96,9.03,0.04,2,0,500.38,510.87
30-05-2018 02:00,459.23,33.37,76.55,13.39,0.11,3,0,498.96,510.5
30-05-2018 03:00,446.69,17.43,86.36,11.94,0.28,3,0,496.81,510.3
30-05-2018 05:00,566.57,23.47,70.99,14.07,0.03,3,0,502.42,511
30-05-2018 17:00,426.03,26.62,33.98,12.65,0.49,3,0,503.86,511.98
30-05-2018 18:00,562.96,21.77,53.1,12.39,0.11,3,0,507.1,512.28
31-05-2018 01:00,464.04,29.46,75.19,5.13,1.46,4,0,507.88,510.64
31-05-2018 04:00,539.11,13.79,77.33,12.92,0.24,4,0,513.27,510.36
31-05-2018 07:00,554.1,42.26,39.56,14.26,0.26,4,0,508.03,510.9
31-05-2018 09:00,479.24,24.47,58.96,6.39,0.15,4,0,506.9,510.51
31-05-2018 10:00,501.7,35.54,39.12,14.46,0.05,4,0,508.42,510.48
31-05-2018 11:00,505.57,22.44,66,5.81,0.3,4,0,510.56,510.03
31-05-2018 17:00,485.79,18.76,52.09,0.23,0.3,4,0,504.38,510.8
31-05-2018 18:00,559.74,26.38,50.95,5.18,1.04,4,0,504.25,511.31
31-05-2018 19:00,544.73,43.96,56.05,3.5,0.22,4,0,503.72,511.96
31-05-2018 22:00,401.09,19.64,78.98,6.47,0.52,4,0,496.7,512.15
01-06-2018 04:00,422.86,24.97,41.57,2.49,0.04,5,0,493.21,510.96
01-06-2018 09:00,537.21,22.7,78.32,11.83,0.1,5,0,497.56,510.33
01-06-2018 16:00,475.15,25.04,59.43,2.19,0.23,5,0,497.05,510.82
01-06-2018 19:00,498.25,13.68,47.45,0.46,0.61,5,0,490.77,511.38
02-06-2018 05:00,458.72,33.07,63.77,5.78,0.03,6,1,498.53,512.27
02-06-2018 13:00,463.6,35.91,67.41,9.75,0.42,6,1,495.47,512.46
03-06-2018 01:00,541.01,32,42.09,3.06,0.08,7,1,508.36,513.15
03-06-2018 02:00,496.77,25.29,42.24,12.72,0.22,7,1,507.38,513.03
03-06-2018 21:00,552.87,30.45,39.58,10.51,0.05,7,1,520.39,516.53
04-06-2018 01:00,516.63,26.77,35.11,12.88,0.13,1,0,517.76,516.94
04-06-2018 02:00,546.66,31.68,86.41,11.66,0.11,1,0,519.84,516.77
04-06-2018 04:00,553.26,26.87,36.54,13.29,0.18,1,0,521.29,516.49
04-06-2018 06:00,454.18,32.62,53.75,1.77,0.13,1,0,520.24,516.39
04-06-2018 08:00,492.98,27.86,50.75,12.93,0.1,1,0,520.71,515.41
04-06-2018 09:00,515.38,18.82,74.09,9.9,0.73,1,0,522.17,515.75
04-06-2018 11:00,567.61,28.08,56.74,8.32,0.79,1,0,520.96,516.06
04-06-2018 18:00,550.63,20.26,57.57,7.47,0.27,1,0,505.78,513.91
04-06-2018 19:00,492.09,23.36,82.55,2.48,0.24,1,0,503.7,513.42
04-06-2018 23:00,494.68,22.46,55.94,13.52,0.38,1,0,508.77,516
05-06-2018 03:00,410.68,19.92,76.93,3.72,0.32,2,0,506.27,515.48
05-06-2018 12:00,399.08,27.09,86.05,12.25,0.05,2,0,493.44,514.64
05-06-2018 14:00,539.66,32.65,74.57,14.29,0.32,2,0,498.3,514.84
05-06-2018 17:00,492.03,36.08,85.82,12.93,0.17,2,0,503.36,513.95
06-06-2018 07:00,516.46,28.14,44.2,6.63,0.22,3,0,478.74,512.05
06-06-2018 09:00,477.59,24.99,46.16,14.32,0.64,3,0,487.74,512.66
06-06-2018 14:00,513.87,31.74,44.93,2.71,0.17,3,0,489.43,512.5
06-06-2018 22:00,451.23,22.74,34.6,11.95,0.18,3,0,493.38,511.09
06-06-2018 23:00,565.18,19.51,69.94,12.74,0.09,3,0,495.75,511.56
07-06-2018 04:00,460.9,31.01,84.65,0.3,0.06,4,0,499.04,511.12
07-06-2018 08:00,408.44,28.08,88.62,3.35,0.01,4,0,491.93,510.49
07-06-2018 12:00,492.48,30.86,44.77,4.95,0.05,4,0,490.82,509.56
07-06-2018 17:00,472.47,16.41,30.42,4.16,0.42,4,0,479.91,508.59
07-06-2018 21:00,565.16,22.69,34.23,1.47,0.24,4,0,481.29,508.54
08-06-2018 00:00,512.86,34.67,34.05,3.34,0.02,5,0,480.12,508.68
08-06-2018 06:00,450.33,14.72,42.01,0.78,0.06,5,0,483.99,509.02
08-06-2018 07:00,449.21,17.14,48.33,7.06,0.17,5,0,480.89,508.9
08-06-2018 12:00,455.36,18.86,34.2,10.49,0.26,5,0,481.79,507.14
09-06-2018 02:00,480.12,15.27,69.35,14.23,0.27,6,1,474.01,506.06
09-06-2018 13:00,524.05,23.55,84.09,9.63,0.02,6,1,488.62,506.19
09-06-2018 15:00,473.59,17.57,32.35,10.76,0.14,6,1,491.12,505.76
09-06-2018 17:00,428.85,17.3,66.95,8.52,0.32,6,1,487.26,505.66
09-06-2018 19:00,480.12,29.69,41.26,14.78,0.9,6,1,485.61,504.84
09-06-2018 20:00,561.88,31.04,64.68,11.02,0.15,6,1,489.97,505.26
10-06-2018 00:00,469.28,27.31,74.32,2.43,0.11,7,1,493.78,504.47
10-06-2018 03:00,431.41,21.63,30.53,4.65,0.31,7,1,495.04,503.88
10-06-2018 15:00,492.44,36.96,33.2,11.7,0.01,7,1,495.81,503.18
10-06-2018 18:00,463.8,32.01,79.96,13.17,0.02,7,1,495.46,502.22
10-06-2018 21:00,460.53,19.39,50.65,10.12,0.04,7,1,489.92,500.83
10-06-2018 22:00,499.65,34.3,62.1,12.66,0.42,7,1,491.92,500.57
10-06-2018 23:00,489.22,23.75,89.89,3.46,0.07,7,1,492.12,500.6
11-06-2018 11:00,559.59,17.54,53.72,3.93,0.01,1,0,489.87,499.51
11-06-2018 12:00,547.5,30.23,77.34,12.51,0.05,1,0,489.15,499.67
11-06-2018 21:00,526.81,25.27,42.35,9.65,0.29,1,0,491.9,498.12
12-06-2018 05:00,404.6,24,67.05,6.88,0.08,2,0,482.35,497.59
12-06-2018 11:00,518.98,20.58,47.27,5.64,0.62,2,0,496.67,499.24
12-06-2018 17:00,483.9,21.98,41.87,2.79,0.06,2,0,499.57,500.2
12-06-2018 22:00,429.24,26.24,81.07,13.87,0.44,2,0,505.43,500.18
13-06-2018 04:00,495.63,28.2,34.13,13.59,0.12,3,0,500.01,500.27
13-06-2018 06:00,547.48,28.11,37.47,14.35,0.17,3,0,507.92,501.35
13-06-2018 07:00,497.03,32.45,43.2,11.2,0.05,3,0,505.71,501.23
13-06-2018 10:00,482.68,16.14,56.3,12.08,0,3,0,504.05,501.72
13-06-2018 11:00,419.42,26.72,55.03,5.64,0.24,3,0,499.9,501.83
13-06-2018 16:00,441.03,27.98,70.1,8.94,0.01,3,0,495.71,500.9
13-06-2018 17:00,508.61,28.89,76.42,0.36,0.14,3,0,496.74,500.95
13-06-2018 19:00,576.4,23.27,75.65,11.82,0.04,3,0,501.49,501.62
13-06-2018 21:00,538.04,26.04,79.63,8.11,0.02,3,0,505.24,502.04
13-06-2018 23:00,519.42,8.01,32.71,8.34,0.22,3,0,508.67,502.08
14-06-2018 03:00,461.37,16.49,39.95,3.4,0.54,4,0,509.13,501.53
14-06-2018 04:00,518.96,22.88,45.03,11.82,0.09,4,0,510.1,501.88
14-06-2018 06:00,470.15,20.35,83.63,3.23,0.23,4,0,508.3,502.84
14-06-2018 08:00,479.39,30.1,76.56,3.97,0.08,4,0,498.72,502.4
14-06-2018 09:00,545.67,43.42,89.32,12.98,0.34,4,0,500.15,503.05
14-06-2018 10:00,526.88,28.78,75.01,9.93,0.27,4,0,501.99,503.84
14-06-2018 17:00,528.53,21.79,36.7,5.18,0.17,4,0,508.45,505.11
15-06-2018 19:00,447.52,34.22,43.55,0.18,0.09,5,0,511.22,508.4
16-06-2018 02:00,527.66,18.29,58.09,12.29,0.21,6,1,514.48,510.97
16-06-2018 10:00,396.75,23.24,81.77,10.31,0.37,6,1,500.52,510.06
17-06-2018 01:00,531.67,29.19,55.45,5.36,0.02,7,1,481.19,509.02
17-06-2018 04:00,450.75,34.8,36.49,11.7,0.09,7,1,472.24,507.93
17-06-2018 08:00,475.96,21.17,67.68,5.12,0.61,7,1,480.51,507.25
17-06-2018 20:00,579.93,26.49,33.78,4.11,0.03,7,1,486.3,508.25
17-06-2018 21:00,540.11,19.31,56.65,2.6,0.23,7,1,486.74,508.74
18-06-2018 02:00,459.53,21.01,50.68,8.64,0.11,1,0,482.18,507.42
18-06-2018 03:00,547.84,36.94,49.77,8.77,0.5,1,0,487.1,507.2
18-06-2018 07:00,465.56,17.74,82.94,14.54,0.03,1,0,489.25,507.11
18-06-2018 15:00,640.73,18.49,33.93,0.03,0.05,1,0,498.41,509.03
19-06-2018 00:00,573.11,32.94,64.43,7.22,0.51,2,0,503.37,510.56
19-06-2018 01:00,522.43,30.7,63.51,10.52,0.13,2,0,510.22,510.44
19-06-2018 06:00,452.45,28.98,47.4,11.47,0.21,2,0,511.01,511.24
19-06-2018 08:00,450.42,26.03,70.56,5.11,0.13,2,0,510.62,510.31
19-06-2018 14:00,528.6,25.91,83.02,13.13,0.16,2,0,509.83,509.64
19-06-2018 15:00,464.76,26.21,87.2,3.64,0.17,2,0,502.5,509.71
20-06-2018 02:00,583.93,34.55,86.99,11.19,0.22,3,0,490.18,509.1
20-06-2018 06:00,542.98,27.65,47.54,0.67,0.02,3,0,490.59,508.71
20-06-2018 11:00,571.03,28,72.23,9.41,0.03,3,0,494.7,509.04
20-06-2018 13:00,511.08,25.82,44.05,0.22,0.01,3,0,495.2,509.26
20-06-2018 15:00,448.4,19.22,48.31,12.58,0.12,3,0,495.9,508.89
21-06-2018 00:00,496.87,34.58,59.02,6.42,0.2,4,0,504.84,507.46
21-06-2018 03:00,567.83,20.07,43.81,9.4,0.18,4,0,509.5,508.6
21-06-2018 04:00,489.98,34.79,36.33,7.89,0.15,4,0,506.35,508.43
21-06-2018 15:00,448.01,12.39,51.47,7.84,0.23,4,0,498.34,508.56
21-06-2018 16:00,469.62,28.14,43.66,2.51,0.07,4,0,495.84,507.71
22-06-2018 00:00,463.24,25.23,50.98,7.81,0.01,5,0,498.29,507.95
22-06-2018 16:00,424.05,30.33,64.51,14.56,0.03,5,0,513.11,508.47
22-06-2018 18:00,519.42,25.27,74.58,13.67,0.2,5,0,506.72,507.17
22-06-2018 21:00,512.18,37.31,58.71,1.4,0.12,5,0,507.17,506.47
23-06-2018 00:00,504.31,23.29,39.69,6.79,0.21,6,1,509.19,506.13
23-06-2018 03:00,489.14,17.28,50.14,6.59,0.31,6,1,506.3,506.77
23-06-2018 04:00,526.33,27.98,35.49,11.76,0.39,6,1,505.17,506.34
23-06-2018 05:00,476.13,22.2,54.91,12.01,0.18,6,1,501.52,506.44
23-06-2018 07:00,504.21,34.42,80.32,2.35,0,6,1,501.38,506.92
23-06-2018 08:00,500.64,18.25,55.25,5.46,0.18,6,1,501.53,507.52
23-06-2018 10:00,486.57,13.84,64.79,0.66,0.11,6,1,499.4,507.99
23-06-2018 13:00,539.69,30.02,80.29,8.26,0.17,6,1,491.62,508.26
23-06-2018 16:00,549.32,22.98,44.93,8.71,0.02,6,1,494.26,508.05
24-06-2018 02:00,590.67,20.88,75.12,3,0.84,7,1,493.79,508.67
24-06-2018 04:00,513.92,24.49,53.72,5.59,0.24,7,1,493.01,509.37
24-06-2018 05:00,474.54,34.93,44.08,1.25,0.16,7,1,492.94,509.16
24-06-2018 17:00,378.68,20.53,33.33,3.83,0.1,7,1,495.46,509.61
24-06-2018 23:00,528.56,16.9,59.05,12.62,0.53,7,1,489.31,507.61
25-06-2018 01:00,445.49,26.61,79.05,10.82,0.26,1,0,486.93,508.56
25-06-2018 03:00,451.51,32.31,33.88,6.27,0.02,1,0,479.79,507.92
25-06-2018 04:00,505.53,20.85,65.53,7.99,0.17,1,0,479.44,507.8
25-06-2018 07:00,357.27,12.16,32.23,11.39,0.01,1,0,477.26,507.18
25-06-2018 15:00,527.92,31.11,89.56,3.06,0.09,1,0,466.99,505.07
25-06-2018 17:00,475.91,33.11,42.17,9.46,0.17,1,0,472.24,505.4
25-06-2018 19:00,409.81,27.07,71.29,9.75,0.07,1,0,475.16,505.12
25-06-2018 22:00,499.72,14.4,43.39,0.41,0.09,1,0,479.17,504.76
26-06-2018 05:00,500.43,17.86,57.18,13.14,0.02,2,0,490.93,504.47
26-06-2018 06:00,421.46,29.69,67.08,12.48,0.06,2,0,486.63,504.28
26-06-2018 09:00,525.22,34.76,80.31,14.78,0.37,2,0,499.31,505.06
26-06-2018 13:00,482.63,11.93,30.98,4.09,0,2,0,499.73,504.45
26-06-2018 17:00,544.6,19.59,61.51,6.85,0.02,2,0,496.49,505.13
26-06-2018 19:00,534.93,19.8,56.64,13.97,0.59,2,0,499.8,505.26
26-06-2018 20:00,501.26,33.43,70.55,4.78,0.34,2,0,504.83,505.38
26-06-2018 22:00,508.21,9.45,45.55,7.16,0.2,2,0,500.21,505.69
27-06-2018 00:00,524.65,10.58,54.64,2.6,0.28,3,0,506.22,506.4
27-06-2018 03:00,510.53,18.39,51.36,7.27,0.81,3,0,502.93,507.06
27-06-2018 04:00,510.48,26.83,47.45,4.79,0.2,3,0,502.79,506.73
27-06-2018 05:00,445.42,25.22,84,10.54,0.27,3,0,500.5,506.46
27-06-2018 08:00,458.2,27.09,55.94,11.29,0.07,3,0,503.12,505.96
27-06-2018 16:00,497.01,21.66,38.25,9.65,0.37,3,0,509.75,506.18
27-06-2018 17:00,524.68,28.2,56.23,10.18,0.09,3,0,508.92,506.51
28-06-2018 00:00,432.07,17.27,82.71,3.52,0.05,4,0,497.76,505.37
28-06-2018 01:00,446.01,15.17,67.48,11.26,0.16,4,0,495.63,504.97
28-06-2018 05:00,451.67,29.5,88.57,13.93,0.01,4,0,487.11,503.52
28-06-2018 08:00,604.66,30.44,87.82,6.75,0.45,4,0,491.18,503.66
28-06-2018 11:00,548.66,32.51,54.43,3.15,0.02,4,0,491.55,503.93
28-06-2018 13:00,510.16,26.37,74.9,6.1,0.27,4,0,488.87,504.4
28-06-2018 17:00,530.28,27.47,87.06,2.33,0.18,4,0,490.83,505.64
28-06-2018 19:00,478.48,25.65,75.49,3.37,0.19,4,0,494.54,505.31
29-06-2018 00:00,447.25,20.77,78.3,7.4,0.7,5,0,492.75,504.57
29-06-2018 07:00,535.17,29.61,80.14,2.7,0.07,5,0,494.33,502.45
29-06-2018 09:00,420.11,20.19,38.43,5.36,0.08,5,0,487.07,501.48
30-06-2018 05:00,551.82,22.14,31.62,13.06,0.49,6,1,491.97,500.99
30-06-2018 06:00,470.22,35.73,47.07,8.6,0.15,6,1,492.76,501.01
30-06-2018 16:00,416.95,31.03,35.04,3.26,0.03,6,1,502.79,501.48
30-06-2018 17:00,525.16,38.82,51.57,13.03,0.5,6,1,503.04,501.85
01-07-2018 02:00,497.63,23.53,89.09,1.13,0.24,7,1,502.09,502.39
01-07-2018 03:00,420.89,21.03,86.92,4.43,0.08,7,1,501.04,502.02
01-07-2018 04:00,452.98,19.74,71.19,11.55,0.19,7,1,500.67,501.65
01-07-2018 07:00,502.37,39.27,75.59,9,0.29,7,1,492.56,501.46
01-07-2018 18:00,513.83,22.96,75.45,7.18,0.29,7,1,496.2,502.06
01-07-2018 20:00,470.17,20.36,58.26,9.41,0.22,7,1,496.15,502.06
02-07-2018 09:00,602.1,19.35,52.33,0.69,0.27,1,0,503.9,505.36
02-07-2018 16:00,469.63,23.89,61.67,14.06,0.01,1,0,495.93,504.81
03-07-2018 01:00,473.36,25.73,36.61,11.05,0.26,2,0,492.03,505.57
03-07-2018 08:00,524.37,34.28,53.59,8.59,0,2,0,500.58,505.08
03-07-2018 09:00,553.6,19.58,76.28,2.02,0.02,2,0,498.56,505.25
03-07-2018 10:00,456.04,25.62,89.91,14.33,0.07,2,0,496.11,505.46
03-07-2018 16:00,527.05,19.76,42.23,10.19,0.03,2,0,501.59,505.97
03-07-2018 21:00,375.1,16.35,53.96,10.81,0.44,2,0,498.22,505.09
04-07-2018 03:00,389.08,23.03,68.25,9.76,0.17,3,0,489.77,502.8
04-07-2018 05:00,445.7,22.9,66.17,0.15,0.17,3,0,494.25,503.16
04-07-2018 06:00,562.77,19.34,75.17,1.97,0.01,3,0,494.62,503.47
05-07-2018 08:00,524.04,22.82,77.46,5.24,0.04,4,0,483.23,502.26
05-07-2018 09:00,574.84,34.66,32.83,0.38,0.28,4,0,488.71,503.18
05-07-2018 15:00,514.44,25.23,31.7,13.09,0.11,4,0,503.08,503.4
05-07-2018 19:00,533.1,10.77,84.54,6.8,0.21,4,0,496.44,501.7
06-07-2018 02:00,542.5,20.04,72.55,0.63,0.19,5,0,504.1,504.16
06-07-2018 11:00,525.7,33.18,72.46,6.46,0.02,5,0,519.79,507.61
07-07-2018 08:00,459.74,12.96,84.47,13.74,0.11,6,1,499.74,506.62
07-07-2018 12:00,452.06,13.28,59.49,12.8,1.27,6,1,489.97,505.67
07-07-2018 15:00,520.65,19.55,32.63,10.35,0,6,1,483.85,504.9
07-07-2018 16:00,489.3,31.01,78.71,0.51,0.42,6,1,485.89,505.34
07-07-2018 18:00,534.52,21.23,51.33,14.78,0.16,6,1,489.28,506.14
08-07-2018 01:00,453.22,21.88,60.92,6.3,0.27,7,1,488.35,504.93
08-07-2018 06:00,517.42,29.17,64.26,12.26,0.05,7,1,488.22,506.26
08-07-2018 07:00,455.11,27.89,41.51,6.6,0.19,7,1,482.85,505.97
08-07-2018 08:00,475.61,29.08,61.15,9.57,0.25,7,1,483.51,505.9
08-07-2018 12:00,559.01,19.26,76.46,13.01,0.03,7,1,500.33,507.46
08-07-2018 18:00,508.4,27.6,89.6,10.98,0.01,7,1,503.98,507.27
09-07-2018 01:00,484.83,22.13,68.89,9.01,0.07,1,0,506.86,506.92
09-07-2018 02:00,489.06,27.68,88.33,10.81,0.44,1,0,506.78,507.38
09-07-2018 07:00,470.12,23.55,48.25,3.28,0.09,1,0,508.42,507.11
09-07-2018 10:00,494.98,20.87,88.53,11.13,0.04,1,0,507.94,507.38
09-07-2018 12:00,520.53,19.86,82.4,8.11,0.02,1,0,501.9,507.67
09-07-2018 14:00,569.66,23.72,76.17,10.47,0.44,1,0,504.83,508.18
09-07-2018 20:00,449.72,24.45,48.29,4.83,0.22,1,0,499.8,508.83
09-07-2018 23:00,532.77,14.41,78.74,0.52,0,1,0,502.41,508.39
10-07-2018 03:00,510.97,17.58,39.31,14.47,0.81,2,0,501.39,508.6
10-07-2018 04:00,539.59,32.12,56.76,5.95,0.29,2,0,505.2,509.12
10-07-2018 09:00,500.71,22.71,31.17,14.64,0.28,2,0,505.28,508.48
10-07-2018 19:00,541.58,23.04,79.71,14.58,0.26,2,0,500.05,508.14
10-07-2018 20:00,510.47,26.97,64.2,4.95,0.02,2,0,502.58,508.53
11-07-2018 09:00,391.42,21.81,51.5,12.64,0.06,3,0,497.15,509.94
12-07-2018 05:00,474.38,13.76,80.04,4,0.28,4,0,504.47,513.22
12-07-2018 06:00,502.79,11.58,42.85,6.54,0.05,4,0,505.86,513.5
12-07-2018 07:00,484.52,34.88,57.58,11.47,0.37,4,0,504.81,513.38
12-07-2018 11:00,494.71,27.41,59.84,3.56,0.03,4,0,504.1,512.53
12-07-2018 14:00,455.63,15,31.6,2.02,0.01,4,0,501.92,511.82
12-07-2018 22:00,422.75,33.3,64.4,10.66,0.06,4,0,497.08,511.87
13-07-2018 13:00,580.82,45,62.86,3.99,0.02,5,0,491.63,508.72
13-07-2018 15:00,498.27,4.89,44.66,11.75,0,5,0,488.9,508.39
14-07-2018 01:00,452.95,32.02,78.88,4.9,0.07,6,1,488.74,509.27
14-07-2018 04:00,574.1,16.9,36.05,7.81,0.12,6,1,497.06,509.9
14-07-2018 09:00,492.11,19.52,48.51,7.77,0.05,6,1,506.16,508.96
14-07-2018 13:00,501.78,20.05,41.14,3.07,0.24,6,1,499.47,510.75
14-07-2018 16:00,524.01,33.13,38.04,9.63,0.97,6,1,504.77,511.01
14-07-2018 22:00,543.07,32.53,62.39,0.5,0,6,1,504.65,511.24
14-07-2018 23:00,512.57,24.1,42.01,1.44,0.13,6,1,500.69,510.99
15-07-2018 09:00,475.85,35.35,69.39,14.37,0.35,7,1,494.46,510.56
15-07-2018 22:00,533.31,26.42,44.39,3.94,0.09,7,1,493.93,509.27
16-07-2018 00:00,528.87,39.8,32.09,2.06,0.09,1,0,496.3,509.75
16-07-2018 03:00,475.79,37.21,38.29,14.74,0.06,1,0,497.55,509.92
16-07-2018 22:00,510.53,32.52,42,11.99,0.17,1,0,513.07,511.22
17-07-2018 01:00,500.97,21.84,61.13,0.29,0.22,2,0,513.27,511.17
17-07-2018 02:00,440.55,26.99,86.02,12.68,0.09,2,0,507.87,511.08
17-07-2018 09:00,501.7,38.54,78.91,8.48,0.23,2,0,505.13,510.57
17-07-2018 12:00,525.94,33.56,45.9,13.54,0.17,2,0,499.76,510.55
17-07-2018 13:00,524.79,21.76,75.97,12.47,0.24,2,0,498.33,510.88
17-07-2018 17:00,485.75,32.36,78.02,4.63,0,2,0,497.03,511.51
17-07-2018 22:00,555.2,28.77,55.08,7.84,0.06,2,0,502.66,511.48
18-07-2018 12:00,450.28,20.19,68.45,13.03,0.02,3,0,499.54,510.92
18-07-2018 20:00,532.28,20.15,81.23,13.42,0.06,3,0,499.35,509.31
18-07-2018 23:00,539.13,33.65,75.61,13.9,0,3,0,494.22,508.89
19-07-2018 09:00,484.72,38.94,89.53,0.15,0.04,4,0,491.93,509
19-07-2018 12:00,395.48,26.5,57.02,7.42,0.04,4,0,487.61,508.57
20-07-2018 11:00,404.3,23.84,41.98,11.48,0.07,5,0,477.68,507.33
20-07-2018 13:00,459.8,14.44,78.06,3.87,0.02,5,0,482.09,506.6
20-07-2018 16:00,566.02,28.66,52.47,9.65,0.51,5,0,486.59,507.94
20-07-2018 17:00,456.28,38.49,69.12,8.58,0.22,5,0,484.22,507.75
20-07-2018 22:00,457.72,31.32,74.77,10.33,0.24,5,0,492.73,506.96
21-07-2018 02:00,504.23,30.31,57.28,12.17,0.94,6,1,493.68,506.69
21-07-2018 07:00,440.68,31.8,55.15,13.93,0.25,6,1,499.95,506.99
21-07-2018 08:00,529.39,34.4,37.6,13.93,0.28,6,1,498.2,506.95
21-07-2018 20:00,558.32,32.05,56.49,13.21,0.17,6,1,498.77,507.01
21-07-2018 21:00,526.55,13.19,87.37,5.44,0.18,6,1,500.26,506.84
22-07-2018 02:00,368.76,32.72,47.82,3.42,0.16,7,1,490.23,504.66
22-07-2018 03:00,627.45,26.7,89.04,3.11,0.15,7,1,493.87,505.64
22-07-2018 07:00,617.18,20.82,80.03,7.45,0.49,7,1,503.56,507.56
22-07-2018 11:00,492.92,33.45,59.76,14.8,0.04,7,1,508.6,508.65
22-07-2018 17:00,415.77,40.35,35.86,14.92,0.03,7,1,500.6,506.23
22-07-2018 19:00,498.18,23.04,66.23,9.34,0.22,7,1,499.79,506.38
23-07-2018 05:00,521.61,33.19,83.77,10.8,0.17,1,0,501.89,506.2
23-07-2018 06:00,465.93,18.89,41.3,7.99,0.22,1,0,498.01,506.18
23-07-2018 11:00,523.77,28.94,52.27,14.65,0.26,1,0,495.52,506.65
23-07-2018 12:00,531.62,24.99,45.91,7.58,0.02,1,0,497.83,506.12
23-07-2018 20:00,471.53,29.46,43.58,5.46,0.13,1,0,503.96,504.73
23-07-2018 22:00,446.79,25.55,47.04,0.81,0.01,1,0,496.16,505.27
24-07-2018 00:00,415.57,26.57,52.55,4.63,0.27,2,0,492.38,504.42
24-07-2018 07:00,481.34,26.24,77.35,9.77,0.07,2,0,491.04,503.78
24-07-2018 17:00,507.9,15.61,60.42,5.75,0.26,2,0,485.43,503.73
24-07-2018 23:00,564.64,26.36,30.39,0.13,0.38,2,0,498.09,504.68
25-07-2018 12:00,576.72,30.91,34.29,0.83,0.08,3,0,512.4,505.98
26-07-2018 05:00,521.73,27.9,89.5,14.61,0.28,4,0,502.74,507.88
26-07-2018 18:00,493.83,31.57,40.9,1.79,0.29,4,0,502.36,509.43
27-07-2018 01:00,572.64,23.18,41.24,2.62,0.04,5,0,501.59,510.74
27-07-2018 08:00,568.92,38.5,74.9,12.59,0.02,5,0,494.57,510.6
27-07-2018 14:00,514.34,21.72,79.1,10.4,0.06,5,0,489.45,510.5
27-07-2018 20:00,509.63,40.22,68.43,8.51,0.07,5,0,496.55,511.01
28-07-2018 03:00,497.55,22.07,41.7,13.57,0.21,6,1,492.74,511.23
28-07-2018 09:00,477.33,16.49,78,12.26,0.17,6,1,508.06,511.88
28-07-2018 11:00,483.5,27.05,40.67,1.3,0.01,6,1,507.44,511.79
28-07-2018 18:00,579.92,17.36,80.59,1.6,0.08,6,1,507.25,512.48
28-07-2018 19:00,536.68,20.7,73.94,13.85,0.11,6,1,508.64,512.75
28-07-2018 22:00,503.83,24.47,37.01,12.19,0.26,6,1,507.31,512.85
29-07-2018 04:00,497.1,18.58,60.71,4.93,0.07,7,1,504.77,512.87
29-07-2018 15:00,562.72,25.23,32.77,10.79,0.36,7,1,499.16,511.73
29-07-2018 18:00,535.79,18.48,61.31,13.33,0.05,7,1,501.79,512.81
29-07-2018 19:00,619.72,14.77,82.56,13.59,0.13,7,1,505.25,513.54
29-07-2018 22:00,581.19,22.5,45.12,10.01,0.04,7,1,512.07,513.67
30-07-2018 00:00,524.95,14.17,81.95,5.37,0.02,1,0,519.36,513.9
30-07-2018 02:00,491.48,25.99,38.9,1.15,0.56,1,0,510.9,513.45
30-07-2018 05:00,553.55,40.63,33.2,13.09,0.29,1,0,513.99,514.37
30-07-2018 06:00,396.28,30.22,70.74,12.45,0.46,1,0,510.05,513.94
30-07-2018 13:00,486.43,39.97,64.7,4.22,0.03,1,0,515.86,513.62
30-07-2018 15:00,443.92,22.63,72.85,0.54,0.09,1,0,510.96,512.66
31-07-2018 06:00,441.05,22.79,39.36,2.85,0.04,2,0,500.47,514.91
31-07-2018 07:00,489.02,36.14,69.46,0.03,0.23,2,0,500.06,514.96
31-07-2018 09:00,422.23,37.44,67.04,8.08,0.07,2,0,496.14,514.19
31-07-2018 16:00,450.32,22.49,47.8,12.54,0.31,2,0,501.72,515.03
31-07-2018 18:00,504.22,36.62,77.78,11.8,0.99,2,0,502.42,515.44
31-07-2018 22:00,499.15,37.83,52.56,6.99,0.24,2,0,507.03,515.42
01-08-2018 01:00,464.32,20.24,43.47,0.12,0.06,3,0,508.44,514.39
01-08-2018 12:00,551.44,20.58,81.17,13.41,0.06,3,0,503.27,513.38
01-08-2018 14:00,512.42,29.86,35.28,9.54,0.2,3,0,501.97,513.41
02-08-2018 02:00,493.29,12.44,37.27,9.57,0.06,4,0,498.28,512.21
02-08-2018 03:00,525.97,30.79,79.16,3.09,0.01,4,0,500.84,512.77
02-08-2018 04:00,583.67,27.4,53.85,13.75,0.2,4,0,507.22,513.4
02-08-2018 09:00,478.19,27.71,31.49,11.11,0.04,4,0,498.51,511.31
02-08-2018 16:00,507.48,37.35,31.74,9.6,0.06,4,0,494.3,511.2
03-08-2018 03:00,467.05,17.05,47.44,13.23,0.18,5,0,497.06,511.04
03-08-2018 08:00,545.4,14.73,61.93,4.27,0.18,5,0,502.39,512.88
03-08-2018 09:00,506.17,35.3,60.65,12.95,0.19,5,0,503.56,512.88
03-08-2018 10:00,493.79,29.7,44.64,3.19,0.19,5,0,503.84,512.73
03-08-2018 16:00,525.91,33.07,88.17,2.76,1.23,5,0,510.1,514.13
03-08-2018 22:00,490.79,29.9,32.24,11.56,0.08,5,0,511.81,513.98
03-08-2018 23:00,443.49,25.63,34.95,5.05,0.2,5,0,509.35,513.43
04-08-2018 05:00,548.68,33.02,79.76,6.08,0.1,6,1,509.5,512.31
04-08-2018 09:00,443.6,13.01,43.38,13.72,0.04,6,1,500.73,511.82
04-08-2018 10:00,515.49,25.91,52.03,1.12,0,6,1,501.64,512.46
04-08-2018 15:00,590.07,22.64,56.67,7.97,0.04,6,1,496.19,512.15
04-08-2018 21:00,477.68,25.68,46.72,9.17,0.02,6,1,484.4,510.72
05-08-2018 02:00,481.55,20.14,78.07,12.72,0.05,7,1,488.76,510.49
05-08-2018 11:00,478.57,31.36,44.49,2.31,0.18,7,1,488.28,510.68
05-08-2018 15:00,546.28,26.59,38.06,4.82,0.02,7,1,487.92,510.52
05-08-2018 17:00,474.49,12.04,67.71,14.09,0.25,7,1,492.74,509.88
05-08-2018 21:00,541.36,27.41,47.99,11.83,0.04,7,1,502.05,509.73
06-08-2018 03:00,446.07,27.64,49.94,12.1,0.14,1,0,501.26,509.39
06-08-2018 07:00,525.21,25.49,32.98,4.76,0.05,1,0,503.24,509.78
06-08-2018 08:00,514.55,27.66,43.24,12.62,0.05,1,0,502.69,509.53
06-08-2018 15:00,453.56,33,53.44,7.5,0.12,1,0,503.77,509.47
06-08-2018 17:00,446.33,34.22,86.48,1.89,0.02,1,0,509.41,509.81
06-08-2018 19:00,520.79,25.73,78.45,4.8,0.29,1,0,507.46,509.98
06-08-2018 20:00,530.01,12.74,63.25,12.29,0.28,1,0,503.75,510.26
07-08-2018 03:00,603.41,30.1,53.22,10.37,0.05,2,0,513.73,511.1
07-08-2018 04:00,430.11,30.36,86.94,11.97,0.47,2,0,511.18,510.68
07-08-2018 13:00,499.33,16.43,74.5,10.96,0.2,2,0,516.4,511.99
07-08-2018 21:00,425.85,27.36,83.47,5.22,0.19,2,0,502.6,509.68
08-08-2018 04:00,562.63,28.93,66.22,1.62,0.1,3,0,495.45,510.47
08-08-2018 06:00,513.62,26.86,55.5,5.29,0.21,3,0,491.51,509.83
08-08-2018 08:00,559.55,24.95,67.54,1.02,0.21,3,0,493.33,510.16
08-08-2018 09:00,459.07,24.29,48.96,5.57,0.02,3,0,493.38,510.25
08-08-2018 10:00,554.61,20.38,51.04,12.62,0.83,3,0,494.09,510.81
08-08-2018 14:00,564.54,27.12,87.27,3.76,0.27,3,0,492.25,510.29
08-08-2018 17:00,534.95,12.7,84.57,14.28,0.19,3,0,497.26,510.72
08-08-2018 19:00,539.17,20.17,38.01,13.31,0,3,0,501.17,511.13
09-08-2018 06:00,439.16,23.43,55.86,8.22,0.14,4,0,507.3,510.99
09-08-2018 17:00,537.94,28.45,37.81,5.52,0.18,4,0,505.59,512.4
10-08-2018 00:00,487.13,24.47,54.39,3.27,0.05,5,0,516.64,512.56
10-08-2018 04:00,462.05,24.14,54.49,3.77,0.17,5,0,507.14,512.72
10-08-2018 19:00,510.52,26.97,36.09,4.74,0.34,5,0,494.5,510.88
10-08-2018 21:00,499.54,20.15,30.3,2.64,0.04,5,0,495.98,510.01
10-08-2018 22:00,474.11,31.14,51.57,0.62,0.12,5,0,493.11,509.91
11-08-2018 01:00,412.66,28.86,46.38,12.45,0.27,6,1,488.05,510.48
11-08-2018 14:00,414.9,36.45,33.85,14.05,0.13,6,1,490.93,510.13
11-08-2018 15:00,471.93,19.95,55.78,6.71,0.09,6,1,488.63,509.41
11-08-2018 17:00,583.74,27.46,57.93,0.91,0.18,6,1,493.47,510.77
11-08-2018 20:00,400.06,25.24,58.86,3.67,0.05,6,1,481.03,509.38
12-08-2018 00:00,508.38,21.33,53.68,0.94,0.04,7,1,483.17,509.51
12-08-2018 02:00,473.02,19.14,69.57,6.98,0.07,7,1,489.23,510.41
12-08-2018 04:00,418.4,22.62,68.38,14.7,0.05,7,1,487.69,510.4
12-08-2018 08:00,497.69,29.61,71.61,5.49,0.36,7,1,482.6,508.99
12-08-2018 15:00,484.82,28.42,57.78,9.97,0.04,7,1,486.53,509.21
12-08-2018 17:00,579.45,17.84,34.09,7.05,0.08,7,1,486.02,509.79
12-08-2018 18:00,437.89,39.18,51.21,5.63,0.23,7,1,484,509.37
12-08-2018 21:00,496.61,33.33,75.7,0.17,0.1,7,1,487.91,507.47
13-08-2018 01:00,387.53,29.09,33.08,14.05,0.17,1,0,486.19,508.02
13-08-2018 06:00,454.56,18.76,70.38,10.47,0.14,1,0,490.2,507.51
13-08-2018 10:00,567.55,36.94,50.64,13.76,0.51,1,0,498.63,508.76
13-08-2018 19:00,540.16,23.85,52.47,0.23,0.05,1,0,492.19,506.57
13-08-2018 20:00,511.98,23.45,61.48,13.21,0.11,1,0,494.98,506.46
14-08-2018 01:00,480.13,40.34,76.77,9.73,0.19,2,0,486.94,505.13
14-08-2018 07:00,557.51,18.12,66.8,5.01,0.2,2,0,486.47,503.98
14-08-2018 11:00,473.82,9.03,40.85,14.91,0.35,2,0,484.72,503.79
15-08-2018 02:00,548.2,23.08,72.54,6.42,0.01,3,0,491.22,505.37
15-08-2018 10:00,534.4,20.09,78.92,13.35,0.02,3,0,485.66,502.92
15-08-2018 14:00,517.09,19.29,58.46,6.75,0.14,3,0,489.78,503.14
16-08-2018 07:00,569.97,33.84,83.55,1.19,0.39,4,0,502.34,502.22
16-08-2018 09:00,486.12,33.24,43.77,4.24,0.97,4,0,500.95,501.85
16-08-2018 12:00,498.17,33.94,82.76,4.11,0.04,4,0,498.26,501.3
16-08-2018 18:00,514.68,17.6,64.57,5.54,0.2,4,0,498.1,500.56
17-08-2018 06:00,475.88,33.3,58.72,11.1,0.31,5,0,500.78,501.42
17-08-2018 16:00,464.43,25.94,42.69,3.29,0.21,5,0,508.26,502.42
17-08-2018 19:00,551.08,25.57,32.11,6.7,0.68,5,0,507.65,502.46
18-08-2018 05:00,526.66,1.14,77.72,1.17,0.29,6,1,504.8,502.9
18-08-2018 07:00,430.9,42.07,47.63,12.63,0.02,6,1,500.98,502.92
18-08-2018 08:00,475.82,30.76,51.74,4.27,0.16,6,1,495.89,502.93
18-08-2018 21:00,531.33,22.94,77.55,8.88,0.01,6,1,493.28,504.69
19-08-2018 02:00,537.67,25.5,50.07,10.42,0.05,7,1,494.16,503.12
19-08-2018 05:00,469.42,17.81,34.64,6.62,0.07,7,1,483.91,502.99
19-08-2018 08:00,491.04,27.62,60.81,1.38,0.05,7,1,489.44,503.92
19-08-2018 13:00,510.52,34.01,71.98,6.06,0.17,7,1,500,505.26
19-08-2018 17:00,482.32,29.16,76.32,8.42,0,7,1,498.27,504.89
19-08-2018 20:00,584.46,24.98,74.39,3.82,0.23,7,1,500.83,506.37
19-08-2018 21:00,583.5,18.55,79.58,1.49,0.18,7,1,503.01,506.89
20-08-2018 01:00,416.44,5.5,70.59,11,0.68,1,0,509.55,506.13
20-08-2018 04:00,475.4,14.85,58.19,1.4,0.3,1,0,515.23,506.91
20-08-2018 05:00,566.4,26.19,80.18,10.63,0.23,1,0,519.28,507.5
20-08-2018 09:00,531.93,18.99,49.54,6.31,0.14,1,0,517.31,506.97
20-08-2018 19:00,537.35,21.61,34.34,1.12,0.04,1,0,510.41,508.17
20-08-2018 20:00,501.57,23.89,77.54,12.12,0.12,1,0,506.96,508.11
20-08-2018 23:00,534.58,14.52,83.53,4.45,0,1,0,506.48,509.12
21-08-2018 00:00,513.66,19.85,59.36,6.2,0.05,2,0,507.81,509.56
21-08-2018 04:00,482.8,21.38,64.68,11.51,0.27,2,0,503.19,509.18
21-08-2018 08:00,466.59,19.76,81.89,8.85,0.09,2,0,493.67,508.15
21-08-2018 11:00,500.78,29.62,88.54,12.06,0.04,2,0,493.12,507.78
21-08-2018 14:00,582.18,16.18,86.76,0.23,0.05,2,0,500.35,509.35
22-08-2018 03:00,412.86,18.27,65.92,5.93,0.11,3,0,494.76,509.58
22-08-2018 06:00,505.67,14.47,41.36,10.13,0.12,3,0,498.81,510.63
22-08-2018 12:00,520.94,23.98,30.99,12.22,0.14,3,0,505.49,511.29
22-08-2018 18:00,532.98,32.27,59.18,5.15,0.03,3,0,499.89,511.53
23-08-2018 09:00,495.12,27.22,43.68,10.24,0.36,4,0,499.94,510.8
23-08-2018 11:00,547.62,15.36,35.55,5.63,0.16,4,0,501.04,511.56
23-08-2018 17:00,514.92,24.62,36.34,4.61,0.03,4,0,501.46,511.91
24-08-2018 05:00,412.85,24.51,46.82,0.34,0.14,5,0,502.56,510.71
24-08-2018 13:00,556.41,34.11,89.49,10.11,0.08,5,0,507.27,511.54
24-08-2018 17:00,497.78,20.61,38.99,7.57,0.51,5,0,504.58,511.48
24-08-2018 21:00,453.88,25.36,72.86,13.96,0.04,5,0,501.93,510.7
24-08-2018 22:00,500.37,22.37,48.14,6.99,0.25,5,0,502.66,510.57
25-08-2018 01:00,428.19,26.68,31.53,4.05,0.26,6,1,494.61,510.16
25-08-2018 08:00,467.94,40.47,35.85,12.83,0.07,6,1,500.79,511.37
25-08-2018 12:00,508.98,16.8,66.12,5.66,0.06,6,1,502.85,512.79
25-08-2018 13:00,567.26,14.84,30.68,1.86,0.11,6,1,503.3,513.24
25-08-2018 19:00,502.39,36.46,66.71,3.6,0.4,6,1,498.34,512.08
25-08-2018 20:00,471.79,13.73,70.48,14.74,0.37,6,1,497.28,511.75
25-08-2018 23:00,475.12,20.62,52.35,1.91,0.36,6,1,500.73,512.17
26-08-2018 00:00,436.59,27.63,41.37,9.96,0.04,7,1,499.11,512.01
26-08-2018 04:00,516.58,25.25,33.02,4.53,0.09,7,1,499.61,511.97
26-08-2018 09:00,462.74,29.24,65.42,14.69,0.29,7,1,487.07,511.91
26-08-2018 19:00,514.94,27.64,65.91,2.64,0.2,7,1,488.59,510.65
26-08-2018 23:00,448.19,18.84,74.54,8.13,0.04,7,1,491.67,509.38
27-08-2018 00:00,542.84,27.58,84.22,1.18,0.22,1,0,496.09,509.75
27-08-2018 03:00,478.71,26.73,78.38,12.7,0.02,1,0,500.7,509.6
27-08-2018 06:00,527.8,26.82,39.55,6.91,0.47,1,0,500.18,509.87
27-08-2018 14:00,389.59,14.1,52.7,10.03,0.54,1,0,488.59,507.96
27-08-2018 17:00,497.37,25.08,39.92,9.79,0.31,1,0,494.61,508
27-08-2018 21:00,490.48,35.58,73.22,10.59,0.3,1,0,491.13,507.97
27-08-2018 22:00,471.3,16.99,33.68,13.44,0.1,1,0,489.76,507.46
28-08-2018 03:00,504.95,13,48,3.17,0.05,2,0,491.83,507.99
28-08-2018 06:00,501.02,20.42,40.63,3.78,0.53,2,0,488.95,508.32
28-08-2018 10:00,480.81,30.79,79.13,11.15,0.15,2,0,485.06,508.48
28-08-2018 11:00,510.11,16.41,81.65,8.6,0.33,2,0,486.74,508.53
28-08-2018 13:00,451.18,9.48,32.8,13.82,0.2,2,0,488.13,507.34
28-08-2018 15:00,438.34,19.45,66.27,10.64,0.24,2,0,490.55,506.34
28-08-2018 18:00,490.21,30.74,57.47,0.17,0.13,2,0,490.34,506.35
28-08-2018 20:00,528.52,24.46,57.8,0.54,0.02,2,0,487.14,506.68
28-08-2018 21:00,483.43,31.94,47.14,0.73,0.01,2,0,486.85,506.11
29-08-2018 02:00,450.93,21.31,80.73,12.83,0.29,3,0,485.58,506.1
29-08-2018 03:00,429.76,20.05,33.42,6.25,0.03,3,0,482.45,506.2
29-08-2018 06:00,531.32,25.41,36.73,1.85,0.03,3,0,484.63,506.25
29-08-2018 10:00,594.42,25.41,45.94,1.2,0.06,3,0,492.22,506.38
29-08-2018 11:00,491.79,25.44,54.33,14.15,0.82,3,0,491.46,506.04
30-08-2018 00:00,493.1,30.96,82.67,9.89,0.11,4,0,497.84,506.02
30-08-2018 03:00,597.11,31.26,54.75,2.13,0.19,4,0,506.79,506.78
30-08-2018 10:00,485.76,26.06,68.22,9.67,0.17,4,0,493.37,505.26
30-08-2018 19:00,590.94,20.82,44.19,10.45,0.11,4,0,502.82,506.19
31-08-2018 01:00,488.47,23.51,89.12,8.85,0.11,5,0,502.88,506.17
31-08-2018 14:00,444.26,32.02,36.53,13.45,0.21,5,0,498.21,505.04
31-08-2018 15:00,559.85,14.84,42.53,7.69,0.14,5,0,502.06,505.65
01-09-2018 04:00,404.77,19.04,88.1,10.94,0.26,6,1,483.41,505.47
01-09-2018 09:00,440.17,39.54,50.41,8.37,0.28,6,1,487.61,503.26
01-09-2018 11:00,393.8,19.48,33.19,10.31,0.11,6,1,483.23,502.56
01-09-2018 15:00,450.28,34.96,70.85,3.81,0.04,6,1,486.83,502.78
01-09-2018 21:00,451.07,18.87,50.57,10.07,0.11,6,1,484.21,503.45
01-09-2018 22:00,430.92,18.74,61.25,1.73,0.31,6,1,481.82,502.65
02-09-2018 01:00,474.1,20.62,78.27,4.57,0.08,7,1,473.2,501.86
02-09-2018 08:00,471.66,36.74,63.78,14.19,0.14,7,1,475.28,501.68
02-09-2018 09:00,470.01,17.69,82.44,11.47,0.03,7,1,476.53,501.72
02-09-2018 16:00,518.02,23.34,68.17,14.05,0.22,7,1,476.46,501.17
02-09-2018 18:00,563.55,17.08,37.99,9.21,0,7,1,477.88,501.61
02-09-2018 19:00,451,30.54,62.33,13.14,0.2,7,1,476.82,501.23
02-09-2018 20:00,419.11,22.47,48.95,6.96,0.37,7,1,472.18,500.97
02-09-2018 23:00,516.06,17.67,66.04,11.55,0.13,7,1,480.6,500.65
03-09-2018 01:00,569.62,14.09,80.34,13.61,0.14,1,0,484.2,499.96
03-09-2018 13:00,423.99,12.39,61.97,2.43,0.11,1,0,477.74,498.65
04-09-2018 00:00,455.31,20.51,86,10.42,0.19,2,0,486.79,499.08
04-09-2018 03:00,355.02,27.06,69.13,1.61,0.24,2,0,478.39,497.76
04-09-2018 04:00,583.57,6.59,45.4,14.43,0.15,2,0,484.96,498.16
04-09-2018 16:00,562.61,22.88,44.52,4.31,0.46,2,0,495.04,499.58
04-09-2018 17:00,508.06,35.68,46.82,7.96,0.25,2,0,493.12,500.04
04-09-2018 19:00,504.1,22.7,86.17,5.37,0.36,2,0,492.28,500.64
04-09-2018 21:00,456.96,27.21,88.48,9.01,0,2,0,492.24,499.78
05-09-2018 01:00,520.16,23.01,81.05,13.87,0.88,3,0,498.06,500.24
05-09-2018 03:00,460.2,30.66,75.2,1.08,0.13,3,0,500.8,500.43
05-09-2018 07:00,522.09,28.06,55.32,1.19,0.27,3,0,498.12,500.3
05-09-2018 08:00,561.35,21.31,50.92,7.82,0.26,3,0,498.06,500.61
05-09-2018 12:00,433.96,25.8,62.42,1.43,0.09,3,0,499.1,500.54
05-09-2018 18:00,469.94,30.51,88.36,13.33,0.11,3,0,499.56,501.05
06-09-2018 02:00,526.54,41.54,66.69,3.67,0.24,4,0,499.28,500.17
06-09-2018 07:00,602.69,30.04,88.23,14.99,0.18,4,0,507.27,502.23
06-09-2018 14:00,542.56,22.42,43.67,4.44,0.54,4,0,506.7,501.9
06-09-2018 23:00,468.07,11.39,51.34,8.21,0.19,4,0,512.82,502.15
07-09-2018 01:00,531.15,25.78,51.7,6.9,0.21,5,0,517.37,502.09
07-09-2018 11:00,502.05,21.52,37.44,12.04,0.12,5,0,518.56,503.9
07-09-2018 14:00,526.89,16.38,65.04,7.98,0.19,5,0,514.88,504.33
07-09-2018 15:00,515.32,32.25,82.57,1.42,0.05,5,0,512.97,504.06
07-09-2018 18:00,543.18,22.73,62.69,9.29,0.03,5,0,512.26,504.89
08-09-2018 06:00,483.94,19.17,55.89,2.05,0.05,6,1,496.66,504.13
08-09-2018 13:00,554.71,26.3,84.93,3.03,0.12,6,1,496.04,505.73
08-09-2018 14:00,523.95,19.86,58,7.74,0.06,6,1,495.92,504.98
08-09-2018 16:00,608.93,21.34,86.93,13.17,0.2,6,1,500.1,505.97
08-09-2018 17:00,509.72,19.67,57.47,5.43,0.11,6,1,499.43,506.2
08-09-2018 20:00,512.47,32.37,41.88,14.21,0.32,6,1,497.09,506.4
09-09-2018 05:00,470.64,29.63,52.46,6.99,0.16,7,1,505.34,507.86
09-09-2018 10:00,428.66,16.99,59.44,0.05,0.3,7,1,500.73,507.88
09-09-2018 12:00,543.13,12.58,51.22,3.47,0.02,7,1,501.33,508.57
09-09-2018 22:00,500.1,15.28,80.7,3.63,0.06,7,1,494.27,510.63
10-09-2018 01:00,456.95,18.61,36.72,11.29,0.12,1,0,493.86,510.64
10-09-2018 08:00,503.73,22.19,62.46,5.25,0.26,1,0,513.34,513.45
10-09-2018 11:00,529.9,19.82,78.3,6.9,0.56,1,0,526.91,514.71
10-09-2018 17:00,486.35,31.67,88.22,2.39,0.12,1,0,526.33,516.12
10-09-2018 19:00,554.86,19.36,86.41,6.81,0.07,1,0,523.03,515.86
11-09-2018 00:00,509.25,21.09,67.14,6.81,0.04,2,0,522.49,516.53
11-09-2018 03:00,461.46,26.23,61.81,12.84,0.14,2,0,522.18,518
11-09-2018 10:00,561.06,20.71,68.22,10.63,0.1,2,0,511.44,517.48
12-09-2018 04:00,470.61,18.73,38.19,1.82,0.37,3,0,497.4,517.08
12-09-2018 12:00,526.71,31.05,42.92,14.71,0.02,3,0,496.14,517.09
12-09-2018 14:00,552.05,20.55,66.36,4.71,0.12,3,0,498.13,516.95
12-09-2018 15:00,436.74,16.52,59.78,7.47,0.29,3,0,498.72,517.04
12-09-2018 17:00,456.35,25.31,78.15,0.34,0.11,3,0,497.44,516.52
12-09-2018 22:00,527.6,18.03,58.74,0.43,0.15,3,0,496.23,517.05
12-09-2018 23:00,482.8,19.92,46.1,11.07,0.05,3,0,493.98,516.94
13-09-2018 08:00,459.19,23.83,79.95,2.98,0.09,4,0,505.78,516.73
13-09-2018 09:00,427.25,20.23,41.68,10.93,0.12,4,0,500.53,515.65
13-09-2018 12:00,593.43,23.97,64.69,12.52,1.07,4,0,499.72,516.14
13-09-2018 13:00,501.74,20.25,56.78,6.83,0.07,4,0,501.31,516.11
14-09-2018 12:00,492.07,21.59,55.78,6.17,0.23,5,0,497.84,513.4
14-09-2018 17:00,543.58,26.12,83.11,7.3,0.13,5,0,497.88,512.99
15-09-2018 10:00,579.57,17.8,59.82,6.16,0.09,6,1,492.09,513.39
15-09-2018 13:00,484.73,13.29,49.59,7.33,0.02,6,1,496.59,513.32
15-09-2018 16:00,496.95,39.38,78.33,0.76,0.02,6,1,499.7,512.83
15-09-2018 20:00,498.85,35.29,39.22,8.41,0.46,6,1,502.09,512.69
16-09-2018 01:00,547.88,28.08,56.24,2.18,0.1,7,1,504.01,512.43
16-09-2018 02:00,364.37,17.12,82.27,6.78,0.15,7,1,500.2,511.29
16-09-2018 04:00,428.46,27.15,57.59,12.77,0.09,7,1,497.43,511.86
16-09-2018 10:00,614.6,7.85,38.81,0.66,0.09,7,1,498.53,513.07
16-09-2018 12:00,441.9,29.38,52.83,3.8,0.01,7,1,496.17,513
16-09-2018 14:00,480.03,23.64,43.35,11.72,0.12,7,1,502.87,513.62
16-09-2018 19:00,506.29,18.32,58.36,3.55,0.02,7,1,498.26,512.31
16-09-2018 23:00,417.93,20.52,72.31,2.24,0.61,7,1,486.64,510.63
17-09-2018 01:00,440.17,28.99,73.43,13.56,0.08,1,0,483.58,510.94
17-09-2018 06:00,495.65,18.93,49.57,4.84,0.36,1,0,498.69,510.62
17-09-2018 08:00,526.04,30.67,82.17,14.61,0.05,1,0,505.59,510.87
17-09-2018 14:00,514.56,28.21,38.56,10.97,0.01,1,0,497.35,509.19
17-09-2018 15:00,481.82,27.93,60.63,0.77,0.02,1,0,496.33,508.35
17-09-2018 16:00,490.8,28.91,84.16,10.69,0.28,1,0,496.07,508.24
17-09-2018 17:00,375.61,30.72,52.18,3.53,0.52,1,0,492.27,507.57
17-09-2018 18:00,488.91,25.87,68.55,2.59,0.22,1,0,489.75,507.76
17-09-2018 21:00,502.63,34.7,32.5,2.22,0.07,1,0,494.02,507.43
18-09-2018 04:00,469.75,37.1,88.61,0.21,0.23,2,0,497.18,507.65
18-09-2018 05:00,524.89,22.62,63.8,7.04,0.34,2,0,498.29,508.08
18-09-2018 13:00,515.09,21.37,63.84,2.45,0.02,2,0,501.11,507.99
18-09-2018 22:00,492.11,27.86,89.14,9.56,0.35,2,0,504.19,507.96
19-09-2018 02:00,503.67,37.03,40.5,8.7,0.13,3,0,502.91,507.96
19-09-2018 03:00,548.44,19.57,36,6.11,0.03,3,0,502.99,508.47
19-09-2018 04:00,548.36,40.9,82.75,10.66,0.1,3,0,506.27,508.95
19-09-2018 18:00,545.99,18.13,61.17,1.77,0.05,3,0,507.77,508.98
20-09-2018 05:00,521.81,34.08,33.51,10.26,0.05,4,0,505.1,510
20-09-2018 13:00,427.95,22.76,33.38,5.09,0.12,4,0,495.13,507.81
20-09-2018 20:00,496.58,40.23,48.8,10.64,0.44,4,0,496.39,508.42
21-09-2018 00:00,438.02,23.23,40.27,4.6,0.06,5,0,494.99,507.99
21-09-2018 02:00,555.07,23.81,74.47,6.75,0.35,5,0,499.71,508.56
21-09-2018 04:00,616.23,9.66,54.91,6.34,0.04,5,0,501.93,510.04
21-09-2018 07:00,494.7,21.52,67.55,4.77,0.12,5,0,502.76,509.76
21-09-2018 10:00,480.61,24.49,65.26,2.17,0.34,5,0,509.53,510.29
21-09-2018 17:00,505.56,27.71,89.61,1.97,0.03,5,0,513.98,510.93
22-09-2018 04:00,453.71,23.1,49.48,4.95,0.08,6,1,501.62,511.02
22-09-2018 06:00,492.82,42.85,75.65,11,0.2,6,1,500.19,511.24
22-09-2018 11:00,563.64,27.6,87.06,6.34,0.16,6,1,497.58,511.22
22-09-2018 14:00,639,20.91,71.06,5.29,0.04,6,1,504.48,511.82
22-09-2018 18:00,396.14,23.84,67.91,3.78,0.18,6,1,489.53,510.21
22-09-2018 19:00,488.24,25.03,44.92,13.7,0.05,6,1,491.87,509.78
23-09-2018 01:00,556.24,28.08,72.78,8.01,0.5,7,1,491.16,509.05
23-09-2018 05:00,589.37,32.8,71.46,2.02,0.01,7,1,500.1,511.52
23-09-2018 06:00,487.68,13.72,62.48,5.44,0.26,7,1,499.89,511.53
23-09-2018 07:00,384.93,15.78,51.71,5.43,0.01,7,1,495.44,510.94
23-09-2018 13:00,563.72,27.12,56.59,12.24,0.28,7,1,498.86,510.27
23-09-2018 21:00,428.08,23.12,30.86,13.55,0.01,7,1,506.23,511.67
23-09-2018 23:00,493.67,22.31,35.36,8.75,0.12,7,1,512.14,512.24
24-09-2018 06:00,402.91,26.78,40.55,0.42,0.12,1,0,501.29,511.91
24-09-2018 08:00,420.49,31.83,45.45,0.71,0.88,1,0,504.47,510.7
24-09-2018 10:00,454.86,24.34,37.2,3.79,0.25,1,0,502.64,510.76
24-09-2018 16:00,516.51,15.74,69.01,9.68,0.14,1,0,494.15,510.48
24-09-2018 17:00,459.3,31.02,33.58,0.93,0.3,1,0,492.32,510.99
24-09-2018 20:00,526.07,22.8,87.61,11.71,0.15,1,0,487.37,511.15
24-09-2018 23:00,515.32,27.08,66.04,12.74,0.52,1,0,494.96,511.73
25-09-2018 05:00,516.57,22.34,57.87,8.22,0.02,2,0,488.2,511
25-09-2018 07:00,465.99,23.87,76.53,6.52,0.02,2,0,491.59,510.55
25-09-2018 10:00,524.57,16.19,35.04,9.88,0.32,2,0,499.59,511.14
25-09-2018 12:00,443.15,25.68,47.68,6.67,0.02,2,0,494.82,510.03
25-09-2018 16:00,472.47,24.35,42.33,5.43,0.02,2,0,498.1,510.33
25-09-2018 17:00,525.48,26.01,73.65,7.46,0.28,2,0,500.86,510.89
25-09-2018 19:00,575.04,12.2,66.02,0.25,0.37,2,0,502,511.5
25-09-2018 20:00,567.64,14.47,82.4,7.07,0.69,2,0,503.73,511.48
25-09-2018 21:00,476.67,33.69,66.76,2.47,0.05,2,0,499.98,511.11
25-09-2018 23:00,369.09,30.49,74.14,5.41,0.16,2,0,492.75,510.08
26-09-2018 00:00,425.92,23.19,44.23,6.15,0.02,3,0,490.57,509.81
26-09-2018 01:00,433.03,13.96,66.92,1.83,0.03,3,0,487.4,509.36
26-09-2018 02:00,506.76,31.06,32.26,12.28,0.04,3,0,486.77,509.38
27-09-2018 07:00,529.96,18.61,56.8,11.18,0.23,4,0,476.5,504.35
27-09-2018 11:00,475.85,28.47,48.47,4.13,0.99,4,0,478.13,504.73
27-09-2018 22:00,487.8,15.31,35.22,12.54,1.82,4,0,481.86,503.74
28-09-2018 03:00,483.37,21.78,69.76,8.6,0.25,5,0,480.83,502.33
28-09-2018 04:00,535.16,22.09,45.64,2.41,0.07,5,0,483.09,501.84
28-09-2018 11:00,454.67,26.21,38.46,4.12,0.06,5,0,492.17,501.63
28-09-2018 13:00,533.18,26.15,66.38,3.75,0.01,5,0,495.82,502.7
28-09-2018 16:00,549.86,29.46,89.76,2.58,0.19,5,0,496.87,502.35
29-09-2018 11:00,464.81,24.4,42.77,10.22,0.11,6,1,511.24,503.62
29-09-2018 17:00,496.25,37.75,51.53,9.71,0.15,6,1,502.68,503.56
29-09-2018 18:00,481.57,10.94,54.23,12.02,0.05,6,1,502.05,504.08
29-09-2018 20:00,555.98,17.15,46.23,9.09,0.19,6,1,504.26,504.09
29-09-2018 22:00,483.03,32.99,43.96,7.63,0.62,6,1,505.75,505.14
30-09-2018 01:00,459.88,18.83,31.15,5.39,0.18,7,1,505.2,504.73
30-09-2018 08:00,452.45,14.62,46.73,3.31,0.11,7,1,503.92,505.65
30-09-2018 13:00,366.27,20.95,40.01,6.24,0.37,7,1,495.15,504.21
30-09-2018 14:00,412.45,39.22,80.65,8.4,0.44,7,1,497.13,503.73
30-09-2018 15:00,491.13,22.31,36.2,5.34,0.04,7,1,496.05,503.34
30-09-2018 23:00,557.84,13.96,62.85,7.87,0.24,7,1,492.7,502.75
01-10-2018 00:00,519.87,37.39,43.48,6.85,0.35,1,0,493.49,502.74
01-10-2018 04:00,494.59,22.3,65.78,1.7,0.1,1,0,484.5,501.77
01-10-2018 09:00,567.3,29.99,68.19,9.35,0.03,1,0,490.97,504.1
01-10-2018 15:00,490.33,22.43,82.15,0.88,0.23,1,0,509.95,505.64
01-10-2018 21:00,476.51,26.84,33.23,5.68,0.08,1,0,517.11,505.7
02-10-2018 00:00,469.58,16.6,30.16,2.58,0.12,2,0,515.38,505.98
02-10-2018 07:00,422.83,30.18,36.64,14.75,0.5,2,0,504.83,505.03
02-10-2018 09:00,505.18,30.93,53.33,7.06,0.01,2,0,506.19,505.49
02-10-2018 16:00,573.49,23.94,83.51,2.22,0.24,2,0,500.3,505.92
03-10-2018 00:00,435.53,32.6,36.25,1.83,0.08,3,0,488.27,505.65
03-10-2018 05:00,414.92,28.99,60.32,13.14,0.21,3,0,492.9,506.49
03-10-2018 23:00,498.04,26.13,83.11,13.55,0.31,3,0,500.93,509.64
04-10-2018 07:00,522.86,33.58,31.11,9.62,0.28,4,0,501.23,509.59
05-10-2018 00:00,555.31,17.56,59.32,8.71,0.34,5,0,490.74,510.13
05-10-2018 01:00,510.03,22.29,54.45,2.84,0.31,5,0,495.43,510.81
05-10-2018 02:00,512.86,27.21,87.24,14.65,0.04,5,0,495.19,511.16
05-10-2018 03:00,482.78,32.25,41.57,4.16,0.61,5,0,491.44,511.15
05-10-2018 08:00,436.54,42.76,37.47,8.84,0.12,5,0,494.04,510.43
05-10-2018 10:00,494.43,16.55,62.48,1.22,0.2,5,0,500.18,510.43
05-10-2018 12:00,541.66,29.95,85.07,10,0.01,5,0,502.56,510.76
05-10-2018 15:00,364.62,14.36,85.82,5.14,0.5,5,0,501.05,510
06-10-2018 03:00,538.85,22.06,65.3,8.43,0.01,6,1,498.82,508.89
06-10-2018 04:00,501.52,26.52,56.53,5.71,0.15,6,1,500.44,509.27
06-10-2018 10:00,535.76,23.88,77.11,5.74,0.03,6,1,493.78,507.95
06-10-2018 15:00,453.73,11.82,56.05,5.74,0.43,6,1,493.8,507.92
06-10-2018 17:00,465.24,31.08,68.01,9.74,0.67,6,1,492.12,507.3
06-10-2018 18:00,523.66,19.7,89.88,14.2,0.63,6,1,495.71,507.56
07-10-2018 03:00,458.81,30.75,65.41,9.08,0.12,7,1,488.39,506.66
07-10-2018 07:00,430.02,22.31,47.2,10.69,0.59,7,1,487.33,504.99
07-10-2018 09:00,441.85,40.99,49.64,11.82,0.35,7,1,484.49,504.64
07-10-2018 12:00,573.11,20.39,55.22,6.44,0.01,7,1,485.32,505.35
07-10-2018 19:00,523.04,34.8,63.98,12.8,0.07,7,1,498.67,508.3
08-10-2018 00:00,528.41,35.23,52.73,11.01,0.26,1,0,505.91,508.79
08-10-2018 04:00,475.04,18.66,59.95,0.33,0.59,1,0,501.87,509.09
08-10-2018 10:00,584.07,33.22,45.56,6.49,0.19,1,0,518.91,508.64
08-10-2018 15:00,525.48,15.61,62.53,12.08,0.11,1,0,510.58,507.51
08-10-2018 16:00,540.59,13.37,88.72,0.68,0.09,1,0,509.28,507.69
08-10-2018 19:00,448.6,31.99,87.05,10.21,0.1,1,0,516.49,508.42
08-10-2018 20:00,414.47,18.08,78.13,5.45,0.64,1,0,510.74,507.25
09-10-2018 03:00,525.91,16.77,42.1,1.89,0.05,2,0,494.42,506.19
09-10-2018 04:00,474.69,27.47,40.65,9.77,0.21,2,0,494.41,506.12
09-10-2018 06:00,544.71,9.63,65.17,5.04,0.15,2,0,495.08,506.34
09-10-2018 08:00,486.77,32.33,54.42,12.6,0.04,2,0,495.58,506.02
09-10-2018 09:00,518.29,24.97,72.35,0.86,0.22,2,0,492.62,506.1
09-10-2018 12:00,517.31,28.14,33.89,11.36,0.14,2,0,482.36,504.8
09-10-2018 13:00,524.6,21.78,33.9,12.33,0.03,2,0,484.81,504.87
09-10-2018 14:00,603.21,35.93,74.09,5.32,0.13,2,0,487.83,505.56
09-10-2018 15:00,507.9,29.4,30.94,6.9,0,2,0,487.09,505.96
10-10-2018 01:00,468.54,33.64,46.35,9.24,0.08,3,0,504.5,507.89
10-10-2018 20:00,445.05,26.64,53.7,2.18,0.01,3,0,504.29,507
11-10-2018 01:00,469.64,13.59,61.63,10.17,0.13,4,0,497.16,507.79
11-10-2018 10:00,382.48,34.03,81.04,6.56,0.54,4,0,502.77,508.52
11-10-2018 11:00,583.64,13.72,53.85,14.71,0.13,4,0,506.59,509.15
11-10-2018 12:00,456.8,7.13,41.81,2.02,0.94,4,0,502.29,508.77
11-10-2018 15:00,534.76,37.02,68.84,7.99,0.21,4,0,501.99,509.2
11-10-2018 16:00,481.22,32.3,49.53,11.48,0.76,4,0,499.78,509.41
11-10-2018 17:00,434.76,29.12,30.72,10.67,0.07,4,0,497.94,508.47
11-10-2018 18:00,522.08,21.59,34.98,10.97,0.29,4,0,496.83,508.87
12-10-2018 05:00,591.69,16.11,48.39,0.79,0.39,5,0,479.54,506.93
12-10-2018 16:00,442.4,28.5,50.46,8.82,0.25,5,0,478.36,505.99
12-10-2018 19:00,441.17,14.81,87.97,13.17,0.21,5,0,481.72,506.51
12-10-2018 23:00,487.1,23.14,57.94,11.36,0.04,5,0,486.95,505.8
13-10-2018 07:00,523.81,29.99,69.29,10.16,0.29,6,1,494.75,506.75
13-10-2018 08:00,626.5,13.89,65.04,4.87,0.13,6,1,498.46,507.61
13-10-2018 10:00,443.98,25.99,85.86,1.57,0.4,6,1,498.42,506.67
13-10-2018 11:00,462.26,28.03,33.35,0.64,0.25,6,1,496.87,506.46
14-10-2018 01:00,551.53,31.5,84.48,10.68,0.1,7,1,517.75,508.45
14-10-2018 04:00,473.67,16.45,46.38,6.86,0.01,7,1,510.04,508.61
14-10-2018 08:00,432.5,21.12,36.36,5.02,0.18,7,1,499.35,509.35
14-10-2018 18:00,463.55,14.43,75.38,7.79,0.04,7,1,495.62,507.14
14-10-2018 21:00,459.26,21.1,37.25,3.84,0.1,7,1,489.9,506.45
14-10-2018 23:00,590.28,20.55,83.34,14.4,0.02,7,1,486.03,505.76
15-10-2018 00:00,468.34,27.03,46.47,11.29,0.36,1,0,484.73,505.4
15-10-2018 02:00,550.54,16.53,73.05,4.39,0.25,1,0,482.21,505.24
15-10-2018 04:00,437.78,31.19,82.33,3.48,0,1,0,489.74,506.84
15-10-2018 14:00,521.12,25.79,62.48,9.39,0.58,1,0,494.01,505.47
15-10-2018 16:00,481.64,24.22,44.58,4.76,0.78,1,0,495.27,504.82
16-10-2018 00:00,465.67,23.1,72.48,8.67,0.18,2,0,489.98,504.66
16-10-2018 03:00,435.7,38.6,60.14,12.02,0.24,2,0,482.69,505.36
16-10-2018 04:00,445.58,30.9,56.93,5.27,0.11,2,0,483.02,505.18
16-10-2018 08:00,512.87,33.58,34,8.62,0.08,2,0,495.63,506.66
16-10-2018 09:00,468.46,31.35,42.12,1.93,0.44,2,0,496.66,506.36
16-10-2018 11:00,464.14,24.69,39.09,4.15,0.08,2,0,499.23,507.58
16-10-2018 13:00,433.92,23.38,32.34,12.46,0.43,2,0,490.15,506.31
16-10-2018 14:00,501.05,30.1,60.42,1.95,0.34,2,0,489.32,505.69
16-10-2018 23:00,524.03,17.74,36.86,1.73,0.08,2,0,497.62,504.46
17-10-2018 00:00,572.33,28.48,87.48,5.09,0.03,3,0,502.06,504.4
17-10-2018 03:00,434.94,18.19,54.81,4.63,0.22,3,0,495.52,503.92
17-10-2018 06:00,565,27.97,89.73,6.8,0.12,3,0,492.63,505.84
17-10-2018 07:00,548.02,32.98,82.11,7.73,0,3,0,494.7,505.88
17-10-2018 10:00,408.07,17.29,56.15,0.46,0.16,3,0,489.27,504.49
17-10-2018 12:00,481.61,35.58,52.29,9.63,0.01,3,0,496.1,504.34
17-10-2018 18:00,450.1,21.46,42.01,6.96,0.02,3,0,499.78,503.24
17-10-2018 21:00,590.3,18.25,64.15,9.63,0.06,3,0,497.81,503.75
18-10-2018 05:00,526.87,28.06,68.4,8.54,0.02,4,0,505.83,504.04
18-10-2018 09:00,541.32,12.48,79.2,3.97,0.15,4,0,502.84,504.35
18-10-2018 14:00,567.46,26.92,51.54,4.12,0.2,4,0,513.77,506.14
18-10-2018 15:00,501.22,14.25,67.13,3.8,0.17,4,0,511.38,505.93
18-10-2018 16:00,516.05,24.66,38.92,8.17,0.13,4,0,515.1,506.14
18-10-2018 18:00,578.01,10.52,87.33,10.27,0.24,4,0,523.91,507.18
18-10-2018 21:00,565.47,22.04,68.31,5.99,0.01,4,0,519.53,507.92
19-10-2018 01:00,472.25,23.25,52.08,5.34,0.26,5,0,505.21,508.51
19-10-2018 04:00,498.88,39.29,42.75,7.66,0.3,5,0,505.87,508.27
19-10-2018 10:00,468.46,16.93,83.88,2.3,0.25,5,0,512.74,509.09
19-10-2018 19:00,488.31,15.62,44.74,14.86,0.05,5,0,501.27,509.87
20-10-2018 12:00,602.44,21.35,57.82,6.49,0.3,6,1,523.17,513.06
20-10-2018 16:00,556.87,31.95,33.04,7.03,0.3,6,1,519.7,512.71
20-10-2018 19:00,443.64,8.27,80.21,9.87,0.04,6,1,521.53,512.58
20-10-2018 20:00,442.15,28.26,35.19,0.17,0.01,6,1,517.65,512.48
20-10-2018 21:00,516.13,20.39,85.73,5.26,0.04,6,1,516.7,512.02
21-10-2018 01:00,450.88,11.27,79.76,0.06,0.05,7,1,499.77,510.33
21-10-2018 08:00,538.32,27.55,53.28,9.42,0.06,7,1,491.51,510.28
21-10-2018 17:00,442.35,22.09,75.07,6.88,0.59,7,1,479.7,510.57
21-10-2018 23:00,413.7,25.7,35.29,9.29,0.2,7,1,489.51,511.29
22-10-2018 06:00,464.43,28.68,61.13,14.23,0.06,1,0,502.44,511.73
22-10-2018 08:00,511.81,36.9,47.93,2.13,0.03,1,0,503.21,512.22
22-10-2018 14:00,560.29,27.27,62.24,14.51,0.01,1,0,504.08,512.35
23-10-2018 00:00,517.15,18.19,55.92,2.31,0.46,2,0,516.78,515.3
23-10-2018 10:00,476.16,18.45,41.92,1.58,0.02,2,0,502.25,512.84
23-10-2018 14:00,533.76,21.36,72.82,3.78,0.65,2,0,505.5,514.7
23-10-2018 16:00,635.54,15.71,56.69,4.05,0.47,2,0,512.38,515.37
23-10-2018 20:00,489,23.34,34.98,14.5,0.37,2,0,498.76,514.82
24-10-2018 00:00,531.66,17.46,52.36,11.54,0.08,3,0,493.57,514.07
24-10-2018 08:00,565.7,27.49,36.09,9.86,0.16,3,0,494.21,513.22
24-10-2018 18:00,476.11,22.59,78.18,11.45,0.32,3,0,487.2,513.82
24-10-2018 22:00,501.15,25,57.99,11.3,0.1,3,0,489.36,512.78
25-10-2018 00:00,509.67,22.92,88.18,13.72,0.08,4,0,490.37,512.66
25-10-2018 04:00,529.62,32.55,52.38,9.26,0.03,4,0,503.87,512.98
25-10-2018 05:00,504.97,27.63,38.94,7.89,0.11,4,0,503.34,512.84
25-10-2018 06:00,480.48,20.43,73.69,1.75,0.08,4,0,504.57,512.9
25-10-2018 14:00,501.71,16.65,53.37,6.92,0.02,4,0,495.37,510.86
25-10-2018 16:00,515.49,18.16,41.84,11.16,0.16,4,0,491.99,510.34
25-10-2018 21:00,463.11,29.61,86.14,7.31,0.85,4,0,494.06,509.87
26-10-2018 03:00,396.43,25.19,89.24,11.68,0.1,5,0,487.53,510.12
26-10-2018 09:00,497.14,27.32,72.1,3.02,0.26,5,0,487.1,508.86
26-10-2018 16:00,554.26,21.41,54.11,1.91,0.06,5,0,496.6,509.08
26-10-2018 21:00,530.18,35.34,51.92,1.14,0.07,5,0,498.06,508.95
26-10-2018 23:00,517.98,31.72,63.8,9.71,0.29,5,0,498.7,508.57
27-10-2018 04:00,515.72,19.88,65.69,13.41,0.09,6,1,500.58,507.18
27-10-2018 06:00,536.49,34.11,61.84,14.11,0.01,6,1,504.75,507.17
27-10-2018 15:00,501.67,21.47,72.29,7.44,0.53,6,1,500.15,506.25
27-10-2018 17:00,549.56,26.76,47.68,6.65,0.25,6,1,499.7,506.06
27-10-2018 19:00,514.89,34.27,89.49,12.68,0.21,6,1,503.4,506.62
28-10-2018 00:00,506.98,27.43,85.02,1.64,0.2,7,1,498.03,507.54
28-10-2018 01:00,503.25,24.54,80.86,5.69,0.05,7,1,500.18,507.86
28-10-2018 05:00,507.84,1.06,72.32,9.62,0.31,7,1,499.28,507.27
28-10-2018 12:00,435.45,32.86,67.89,3.72,0.03,7,1,503.55,508.88
28-10-2018 17:00,577.76,23.97,71.81,1.45,0.12,7,1,507.84,510.16
28-10-2018 20:00,555.34,18.76,70.5,11.39,0.53,7,1,501.08,508.89
29-10-2018 01:00,443.96,19.56,65.98,4.6,0.51,1,0,499.23,509.22
29-10-2018 05:00,533.11,32.86,37.66,9.24,0.09,1,0,504.09,507.98
29-10-2018 10:00,468.59,24.22,54.1,9.66,0.18,1,0,497.77,508.8
29-10-2018 13:00,513.88,30.3,53.57,1.83,1.42,1,0,504.82,509.4
29-10-2018 14:00,453.34,24.43,72.49,14.44,0.28,1,0,502.85,508.75
29-10-2018 23:00,500.75,27.34,38.44,0.39,0.23,1,0,497.22,506.81
30-10-2018 03:00,463.15,17.87,45.48,10.64,0.11,2,0,491.91,505.61
30-10-2018 10:00,470.78,13.98,84.8,14.04,0.06,2,0,497.6,508.12
30-10-2018 14:00,519.33,22.74,39.3,2.85,0.28,2,0,506.89,508.95
30-10-2018 16:00,492.64,30.09,61.18,3.51,0.2,2,0,510.06,509.02
30-10-2018 18:00,543.7,30.74,43.62,8.4,0.23,2,0,513.21,509.37
30-10-2018 19:00,503.92,31.51,37.78,9.17,0.32,2,0,514.72,509.82
30-10-2018 22:00,414.12,24.16,64.82,6.12,0.26,2,0,509.88,509.18
31-10-2018 03:00,464.8,28.33,37.19,8.35,0.39,3,0,521.18,510.33
31-10-2018 12:00,562.49,14.7,31.34,4.53,0.18,3,0,509.42,511.36
31-10-2018 17:00,499.22,15.8,54.09,0.22,0.02,3,0,511.42,512.49
31-10-2018 22:00,506.11,28.66,62.96,8.84,0.07,3,0,503.79,511.28
01-11-2018 02:00,464.22,25.2,76.25,14.8,0.37,4,0,492.6,509.74
01-11-2018 09:00,347.77,34.07,81.73,9,1.52,4,0,487.99,509.09
01-11-2018 10:00,551.08,26.37,45.82,11.57,0.13,4,0,486.02,509.56
01-11-2018 12:00,447.49,16.04,36.71,7.57,0.01,4,0,484.3,510.25
02-11-2018 01:00,494.12,25.6,34.05,14.6,0.18,5,0,487.15,509.21
02-11-2018 04:00,523.73,36.38,36.13,5.26,0.01,5,0,488.23,509.68
02-11-2018 07:00,520.41,25.13,35.57,9.16,0.19,5,0,494.33,511
02-11-2018 10:00,647.15,23.57,65.31,0.52,0.11,5,0,499.87,511.1
02-11-2018 16:00,498.17,22.89,36.68,14.91,0.27,5,0,513.54,512.41
02-11-2018 17:00,413.11,18.39,50.59,8.98,0.91,5,0,513.98,511.87
02-11-2018 19:00,560.53,14.72,65.39,6.66,0.13,5,0,515.66,512.47
02-11-2018 20:00,470.02,15.65,56.86,13.27,0.12,5,0,516.35,512.33
02-11-2018 22:00,542.58,20.48,79.05,11.99,0.02,5,0,515.65,512.12
03-11-2018 12:00,515.31,33.45,88.46,8.54,0.06,6,1,500.95,511.72
03-11-2018 16:00,462.02,11.49,73.82,0.1,0.06,6,1,496.49,512.23
03-11-2018 17:00,533.18,25.59,62.49,5.74,0.06,6,1,501.49,512.13
03-11-2018 20:00,551.9,28.34,43.52,5.82,0.17,6,1,503.39,512.15
03-11-2018 21:00,538.21,19.32,35.3,1.07,0.01,6,1,504.13,512.41
04-11-2018 06:00,523.52,26.79,65.83,1.95,0.04,7,1,508.16,512.03
04-11-2018 11:00,519.85,21.54,59.33,10.86,0.03,7,1,510.32,512.22
04-11-2018 17:00,515.71,12.76,80.49,6.78,0.88,7,1,509.39,512.36
04-11-2018 22:00,564.14,32.08,83.56,1.24,0.06,7,1,506.3,514.42
05-11-2018 05:00,507.12,29.72,52.88,11.28,0.02,1,0,511.43,513.04
05-11-2018 09:00,528.7,19.9,74.14,4.49,0.09,1,0,507.63,513.06
05-11-2018 10:00,494.51,26.01,36.98,9.61,0,1,0,506.21,513.22
05-11-2018 14:00,481.22,24.3,59.18,3.31,0.09,1,0,503.96,513.21
05-11-2018 19:00,504.87,26.36,51.45,7.73,0.71,1,0,507.89,514.24
05-11-2018 22:00,614.44,32.22,67.78,3.15,0.05,1,0,507.7,515
06-11-2018 00:00,539.1,26.48,50.37,4.84,0.42,2,0,508.22,515.28
06-11-2018 11:00,441.45,31.86,60.6,13.11,0.01,2,0,497.25,512.37
06-11-2018 15:00,428.86,21.86,34.41,1.28,0.2,2,0,489.01,510.4
06-11-2018 23:00,531.54,25.71,30.5,1.89,0.13,2,0,481.74,510.29
07-11-2018 01:00,639.61,27.87,42.42,3.61,0.57,3,0,491.5,511.47
07-11-2018 02:00,504.56,22.64,43.63,0.09,0.07,3,0,491.74,511.06
07-11-2018 09:00,487.28,22.4,30.01,0.15,0.3,3,0,499.72,511.77
07-11-2018 11:00,523.77,30.42,73.64,5.49,0.07,3,0,502.87,511.19
07-11-2018 16:00,454.52,37.63,44.46,13.48,0.13,3,0,501.25,509.3
07-11-2018 20:00,469.72,33.46,37.73,14.11,0.16,3,0,501.34,510.03
07-11-2018 22:00,440.95,29.43,79.31,9.67,0.49,3,0,502.08,509.92
08-11-2018 04:00,478.93,23.52,43.15,4.95,0.08,4,0,491.04,510.39
08-11-2018 10:00,495.23,27.12,55.97,7.61,0.04,4,0,488.72,511.43
08-11-2018 14:00,595.93,21.16,58.03,5.99,0.08,4,0,493.35,512.23
08-11-2018 15:00,482.34,31.44,43.54,5,0.68,4,0,494.8,512.35
08-11-2018 17:00,514.78,22.87,87.55,11.85,0.17,4,0,495.26,512.89
08-11-2018 23:00,523.05,35.61,64.03,10.11,0.07,4,0,505.24,513.07
09-11-2018 09:00,606.23,36.79,81.82,6.7,0.12,5,0,501.13,512.53
09-11-2018 11:00,491.02,23.67,87.51,0.34,0.22,5,0,491.57,510.52
09-11-2018 15:00,504.99,25.5,65.38,5.63,0.02,5,0,498.21,510.04
10-11-2018 03:00,523.43,36.51,64.5,6.33,0.01,6,1,495.02,510.88
10-11-2018 04:00,589.15,29.5,69,0.87,0.08,6,1,499.99,511.7
10-11-2018 07:00,533.5,23.88,69.67,7.99,0.85,6,1,499.16,510.91
10-11-2018 12:00,496.34,18.19,48.22,9.38,0.02,6,1,498.27,509.94
10-11-2018 13:00,460.46,31.69,65.82,13.28,0.42,6,1,496.37,509.77
11-11-2018 02:00,463.2,22.24,56.83,11.49,0.01,7,1,485.77,507.06
11-11-2018 04:00,530.49,30.61,34.31,3.94,0.14,7,1,481.7,507.25
11-11-2018 08:00,552.91,27.41,35.47,8.43,0.28,7,1,490.31,507.91
11-11-2018 21:00,499.23,26.96,37.64,5.9,0.12,7,1,505.18,508.15
12-11-2018 00:00,423.37,9.21,36.83,4.69,0.03,1,0,503.98,507.34
12-11-2018 03:00,543.64,15.02,33.23,13.96,0.12,1,0,512.07,508.2
12-11-2018 05:00,413.95,31.87,86.88,6.71,0.34,1,0,508.05,507.33
12-11-2018 08:00,558.83,35.33,58.46,3.85,0.6,1,0,500.53,506.86
12-11-2018 16:00,392.35,26.45,88.24,7.12,0.65,1,0,484.41,505.43
13-11-2018 02:00,448.04,21.13,87.7,13.12,0.45,2,0,487.49,504.55
13-11-2018 08:00,462.23,23.06,60.23,6.42,0.13,2,0,490.16,505.46
13-11-2018 15:00,512.74,19.61,60.86,10.69,0.04,2,0,494.83,506.37
13-11-2018 16:00,493.56,25.71,85.54,4.61,0.26,2,0,499.04,506.19
14-11-2018 01:00,497.56,23.93,78.69,11.25,0.09,3,0,490.15,504.66
14-11-2018 03:00,315.58,32.61,58.15,9.05,0.03,3,0,483.42,503.35
14-11-2018 05:00,480.42,19.14,57.94,13.78,0.28,3,0,479.74,503.07
14-11-2018 07:00,446,17.83,51.01,6.37,0.14,3,0,481.12,503.11
14-11-2018 08:00,508.14,21.69,80.8,14.29,0.01,3,0,483.03,502.78
14-11-2018 16:00,636.1,31.57,61.4,4.59,0.23,3,0,485.7,503.92
14-11-2018 17:00,542.22,31.31,66.61,1.71,0.02,3,0,488.52,503.95
15-11-2018 03:00,479.11,22.87,89.43,4.44,0.09,4,0,509.16,506.4
15-11-2018 06:00,571.78,35.25,51.32,3.05,0.29,4,0,508.47,506.05
15-11-2018 14:00,406.35,24.03,84.29,13.52,0.05,4,0,501.65,503.93
15-11-2018 16:00,450.14,20.15,89.83,6.05,0.1,4,0,499.69,504.43
15-11-2018 18:00,555.19,22.16,31.9,3.19,0.02,4,0,495.73,504.52
15-11-2018 20:00,496.83,33.75,85.86,14.44,0.06,4,0,497.12,504.58
16-11-2018 00:00,576,35.25,67.45,9.49,0.45,5,0,499.56,505.02
16-11-2018 11:00,475.8,22.26,42.05,3.33,0.72,5,0,502.56,505.94
16-11-2018 15:00,399.25,29.78,46.22,10.02,0.02,5,0,498.65,504.73
16-11-2018 16:00,516.72,21.7,72.11,12.92,0.11,5,0,501.42,505.03
16-11-2018 17:00,485.5,29.07,41.4,10.04,0.32,5,0,503.03,505.62
16-11-2018 21:00,319.95,25.56,47.55,7.78,0.28,5,0,489.41,504.55
16-11-2018 22:00,464.94,19.32,41.76,3.93,0.22,5,0,485.69,503.81
16-11-2018 23:00,456.21,26.22,67.14,11.08,0.54,5,0,484.56,502.81
17-11-2018 00:00,526.64,25.41,50.61,2.47,0.16,6,1,482.51,502.91
17-11-2018 02:00,489.24,21.22,65.43,13.23,0.53,6,1,483.25,503.1
17-11-2018 06:00,475.01,29.33,38.28,1.71,0.07,6,1,489.37,504.1
17-11-2018 07:00,527.15,37.29,62.65,10.37,0.02,6,1,489.12,504.06
18-11-2018 01:00,485.02,29.78,71.22,12.99,0.11,7,1,512.56,506.84
18-11-2018 03:00,497.61,28.73,50.16,7.78,0.14,7,1,512.98,507.62
18-11-2018 04:00,463.66,9.86,58.71,12.51,0.38,7,1,509.39,507.22
18-11-2018 14:00,485.02,16.32,79.21,3.55,0.03,7,1,505.35,505.67
18-11-2018 21:00,428.43,27.73,70.44,7.63,0.03,7,1,501.73,505.3
19-11-2018 04:00,479.79,26.4,89.8,1.92,0.22,1,0,499.53,505.47
19-11-2018 10:00,510.5,25.02,30.32,7.69,0.23,1,0,504.49,507.19
19-11-2018 15:00,529.97,29.58,57.8,9.06,0.13,1,0,507.73,507.92
19-11-2018 17:00,459.51,19.22,80.24,2.78,0.38,1,0,504.21,508.46
19-11-2018 19:00,514.67,25.24,50.62,2.13,0.3,1,0,507.4,509.58
19-11-2018 23:00,515.85,32.08,61.42,7.5,0.05,1,0,518.15,509.36
20-11-2018 10:00,448.7,16.01,60.28,2.35,0.06,2,0,510.05,509.17
21-11-2018 00:00,552,31.65,38.23,12.04,0.12,3,0,514.98,513.26
21-11-2018 03:00,453,26.01,87.25,12.5,0.46,3,0,511.56,513.66
21-11-2018 04:00,480.69,25.77,48.03,6.48,0.05,3,0,512.75,513.79
21-11-2018 05:00,550.76,15.24,73.14,2.43,0.05,3,0,510.04,514.21
21-11-2018 09:00,502.98,27.91,72.53,2.82,0.3,3,0,517.63,514.48
21-11-2018 10:00,505.31,21.77,49.29,5.07,0.08,3,0,519.99,514.91
21-11-2018 13:00,556.39,32.91,48,10.03,0.26,3,0,516.63,515.32
22-11-2018 00:00,458.32,27.75,83.52,0.76,0.04,4,0,493.7,512.72
22-11-2018 01:00,466.01,17.84,72.6,9.65,0.52,4,0,494.41,512.3
22-11-2018 11:00,491.1,26.34,83.9,4.41,0.32,4,0,492.43,513.45
22-11-2018 15:00,507.57,17.96,78.22,6.98,0.32,4,0,491.67,513.28
22-11-2018 17:00,455.18,19.73,74.91,6.51,0.14,4,0,491.46,513.46
22-11-2018 21:00,542.67,34.53,36.35,9.66,0.03,4,0,494.86,513.49
22-11-2018 22:00,475.29,25.11,57.65,5.31,0.06,4,0,493.53,513.01
23-11-2018 03:00,488.95,31.68,63.62,7.4,0.03,5,0,506.2,513.97
23-11-2018 07:00,537.23,31.07,75.6,14.15,0.07,5,0,502.36,513.39
23-11-2018 12:00,535.17,26.85,44.24,10.03,0.49,5,0,502.77,513.53
23-11-2018 20:00,579.65,27.03,80.02,5.12,0.16,5,0,506.63,514.65
24-11-2018 04:00,518.01,16.49,72.71,0.29,0.39,6,1,504.63,516.12
24-11-2018 13:00,507.39,19.76,49.24,12.45,0.1,6,1,497.75,514.55
24-11-2018 22:00,576.34,18.14,80.29,11.84,0.7,6,1,493.48,513.67
25-11-2018 07:00,519.95,26.49,48.99,2.2,0.1,7,1,506.09,515.81
25-11-2018 14:00,558.53,24.97,86.69,12.56,0.02,7,1,516.65,515.58
25-11-2018 18:00,508.33,30.56,56.07,3.68,0.59,7,1,516.83,515.16
25-11-2018 19:00,553,18.14,74.99,0.37,0.26,7,1,517.35,515.48
25-11-2018 20:00,440.29,9.92,73.17,6.2,0.2,7,1,517.27,514.62
25-11-2018 21:00,449.37,28.71,52.83,8.67,0.18,7,1,513.65,514.75
26-11-2018 05:00,443.74,13.15,60.21,14.28,0.15,1,0,485.92,513.31
26-11-2018 09:00,496.44,23.5,59.24,3.74,0.11,1,0,490.08,512.88
26-11-2018 15:00,528.24,19.72,32.09,0.77,0.03,1,0,491.96,513.15
26-11-2018 19:00,500.11,21.65,89.62,14.3,0.06,1,0,488.74,512.76
26-11-2018 20:00,486.27,41.32,52.79,4.53,0.04,1,0,490.65,512.46
26-11-2018 22:00,465.54,20.43,83.7,14.51,0.29,1,0,494.41,511.68
27-11-2018 00:00,565.53,21.88,63.44,2.38,0.37,2,0,496.48,511.88
27-11-2018 12:00,491.27,23.54,85.21,3.44,0.08,2,0,507.01,511.92
27-11-2018 16:00,389.07,30.07,34.37,14.93,0.06,2,0,503.53,511.39
28-11-2018 01:00,452.93,22.34,72.15,5.66,0.65,3,0,500.79,510.47
28-11-2018 03:00,540.28,24.15,88.15,5.69,0.48,3,0,504.73,511.41
28-11-2018 05:00,500.44,16.83,73.79,5.81,0.22,3,0,506.2,511.52
28-11-2018 06:00,429.22,24.83,45.47,12.57,0.02,3,0,505.13,511.06
28-11-2018 11:00,604.97,38.15,74.11,11.81,0.04,3,0,508.98,511.19
28-11-2018 12:00,497.94,33.81,69.98,12.97,0.12,3,0,509.25,511.2
29-11-2018 01:00,556.64,17.24,71.7,3.89,0.03,4,0,515.45,513.54
29-11-2018 06:00,504,19.03,31.84,3.34,0.04,4,0,514.74,514.16
29-11-2018 08:00,450.61,40.47,64.67,5.13,0.05,4,0,511.88,512.94
29-11-2018 13:00,474.79,19.31,75.65,5.85,0.17,4,0,498.29,512.76
29-11-2018 14:00,496.36,30.1,85.68,10.69,0.67,4,0,497.95,512.7
29-11-2018 16:00,511.91,8.38,85.77,3.01,0.13,4,0,504.49,513.48
29-11-2018 21:00,529.03,32.48,67.59,0.19,0.42,4,0,503.16,513.36
29-11-2018 22:00,560.46,20.37,48.75,13.35,0.29,4,0,503.53,513.87
01-12-2018 04:00,380.74,16.76,88.26,5.2,0.27,6,1,515.1,516.02
01-12-2018 07:00,452.47,26.29,38.16,5.55,0.24,6,1,502.14,515.4
01-12-2018 18:00,483.67,12.47,56.49,7.29,0.09,6,1,487.91,515.99
01-12-2018 21:00,429.82,21.31,33.77,8.52,0.57,6,1,485.35,515.58
02-12-2018 00:00,489.88,13.37,58.79,10.45,0.06,7,1,488.96,514.27
02-12-2018 02:00,427.9,38.94,75.21,8.06,0.26,7,1,482.7,513.19
02-12-2018 05:00,539.45,20.69,72.14,14.38,0.01,7,1,492.41,514.19
02-12-2018 13:00,475.54,16.03,52.05,13.97,0.03,7,1,498.54,512.43
02-12-2018 17:00,485.59,20.94,85.09,4.84,0.01,7,1,491.12,512.39
02-12-2018 19:00,450.42,17.47,38.26,3.4,0.09,7,1,485.98,511.77
03-12-2018 21:00,511.76,17.78,76.27,2.6,0.27,1,0,502.01,514.01
04-12-2018 02:00,447.48,28.98,41.24,13.26,0.29,2,0,495.25,512.68
04-12-2018 03:00,542.31,14.63,44,5.57,0.45,2,0,495.08,512.54
04-12-2018 18:00,498.08,28.92,46.6,1.16,0.77,2,0,486.28,510.28
05-12-2018 01:00,436.55,10.43,47.57,0.6,0.36,3,0,484.61,510.26
05-12-2018 10:00,520.94,14.87,53.81,4.56,0.22,3,0,471.69,509.12
05-12-2018 22:00,423.49,18.9,79.48,11.84,0.62,3,0,489.46,508.08
06-12-2018 04:00,468.5,30.55,46.22,5.07,0.77,4,0,499.24,506.79
06-12-2018 09:00,498.74,25.42,86.25,6.6,0.02,4,0,495.77,506.42
06-12-2018 11:00,583.23,24.99,57.04,9.21,0.5,4,0,499.7,507.61
06-12-2018 17:00,424.01,19.73,58.97,7.22,0.5,4,0,493.49,506.95
06-12-2018 20:00,509.1,21.7,70.22,14.32,0.04,4,0,493.76,507.11
07-12-2018 01:00,543.89,17.12,75.99,13.71,0.03,5,0,492.72,505.61
07-12-2018 11:00,563.19,29.21,54.42,10.69,0.08,5,0,504.2,505.48
07-12-2018 18:00,537.85,17.71,59.61,0.42,0.34,5,0,515.63,505.53
08-12-2018 04:00,534.12,21.13,43.83,0.75,0.37,6,1,514.31,504.64
08-12-2018 09:00,504.56,19.64,77.17,0.55,0.36,6,1,507.16,506.99
08-12-2018 10:00,505.38,25.88,38.35,5.08,1,6,1,508.52,507.37
08-12-2018 16:00,308.17,40.92,87.95,4.06,0.06,6,1,506.8,507.72
08-12-2018 18:00,472.98,22.31,49.82,5.12,0.54,6,1,503.49,507.8
08-12-2018 22:00,530.61,23.48,59.34,7.17,0.09,6,1,508,507.8
09-12-2018 12:00,417.39,24.48,68.84,10.92,0.03,7,1,486.17,506.37
09-12-2018 16:00,546.05,27.16,69.05,13.47,0.07,7,1,491.07,507.39
09-12-2018 17:00,476.01,31.77,69.08,13.66,0.94,7,1,487.5,507.33
09-12-2018 22:00,500.32,24.67,58.78,13.27,0.31,7,1,495.46,508.64
10-12-2018 06:00,580.79,37.7,46.08,5.01,0.48,1,0,500.08,507.42
10-12-2018 07:00,451.76,24.8,37.93,14.29,0.1,1,0,497.57,506.93
10-12-2018 09:00,499.48,19.27,66.83,8.18,0.26,1,0,499.16,507.42
10-12-2018 14:00,501,30.88,84.69,5.71,0.29,1,0,500.88,507.31
10-12-2018 15:00,480.01,24.96,74,1.28,0.03,1,0,499.11,506.78
10-12-2018 16:00,668.87,18.56,86.17,4.67,0.06,1,0,504.23,508.02
10-12-2018 17:00,533.83,20.87,44.96,10.73,0.05,1,0,506.64,507.88
11-12-2018 00:00,556.08,17.54,67.2,14.42,0.02,2,0,506.51,508.21
11-12-2018 18:00,443.81,38.49,84.72,7.14,0.11,2,0,489.04,508.32
11-12-2018 20:00,622.99,22.27,57.39,11.75,0.21,2,0,501.07,508.59
11-12-2018 22:00,456.79,28.4,71.04,7.86,0.24,2,0,502.79,508.73
11-12-2018 23:00,556.78,7.6,57.71,0.56,0.19,2,0,502.18,509.67
12-12-2018 08:00,468.32,34.57,81.92,2.4,0.23,3,0,496.66,510.03
12-12-2018 13:00,609.52,25.7,65.33,12.1,0.5,3,0,504.16,511.07
12-12-2018 17:00,518.86,38.99,40.22,13.78,0.19,3,0,515.82,512.35
13-12-2018 00:00,541.57,22.13,60.43,2.15,0.45,4,0,515.03,513.02
13-12-2018 01:00,539.9,18.54,36.69,3.12,0.25,4,0,513.83,513.08
13-12-2018 13:00,542.03,20.2,36.79,12.59,0.07,4,0,521.21,514.46
13-12-2018 14:00,458.74,16.96,56.71,6.14,0.01,4,0,517.65,514.07
13-12-2018 17:00,433.8,22.73,31.69,5.61,0.2,4,0,502.64,513.69
13-12-2018 18:00,590.38,28.98,75.79,0.66,0.39,4,0,506.8,513.95
13-12-2018 22:00,492,21.42,63.04,2.62,0.52,4,0,510.81,515.17
14-12-2018 09:00,432.36,31.16,67.59,9.07,0.2,5,0,506.72,514.26
14-12-2018 11:00,491.44,32.43,54.75,14.25,0.5,5,0,503.27,514.04
14-12-2018 16:00,400.5,35.5,30.17,10,0.03,5,0,507.46,513.31
14-12-2018 22:00,424.64,21.16,42.84,11.34,0.17,5,0,501.08,513.78
15-12-2018 06:00,471.79,28.28,31.78,6.5,0.03,6,1,500.6,513.78
15-12-2018 16:00,581.32,24.66,89.84,14.85,0.01,6,1,511,513.92
15-12-2018 18:00,480.7,11.74,39.33,1.6,0.07,6,1,510.78,513.67
15-12-2018 22:00,490.79,24.46,45.05,7.48,0.53,6,1,502.51,512.98
15-12-2018 23:00,489.71,29.48,59.71,3.97,0.04,6,1,503.24,513.39
16-12-2018 03:00,511.54,10.69,54,12.45,0.08,7,1,491.58,512.85
16-12-2018 07:00,562.14,34.37,52.3,13.89,0.05,7,1,499.59,514
16-12-2018 09:00,427.09,22.74,60.13,6,0.04,7,1,494.91,513.76
16-12-2018 17:00,482.7,18.27,39.13,7.96,0.35,7,1,493.62,514.51
16-12-2018 18:00,458.13,25.33,88.56,4.83,0.4,7,1,492.68,514.39
17-12-2018 02:00,531.27,28.87,30.46,13.45,0.16,1,0,512.75,516.02
17-12-2018 04:00,567.62,27.44,60.45,4.9,0.1,1,0,514.52,515.87
17-12-2018 06:00,602.6,19.13,84.43,13.9,0.07,1,0,513.04,515.58
17-12-2018 07:00,414.7,19.01,30.03,14.03,0.56,1,0,506.89,515.36
17-12-2018 09:00,497.95,19,83.38,4.65,0.04,1,0,508.28,515.09
17-12-2018 10:00,492.68,23.05,71.55,9.72,0.14,1,0,504.58,515.1
17-12-2018 13:00,513.04,35.77,88.57,14.88,0.23,1,0,508.09,515.38
17-12-2018 20:00,514.36,26.65,41.11,2.64,0.37,1,0,500.76,514.97
18-12-2018 11:00,507.52,22.34,40.27,2.02,0.24,2,0,489.51,513.97
18-12-2018 16:00,460.22,25.09,67.27,11.19,0.01,2,0,491.99,514.25
18-12-2018 18:00,488.17,12.63,53.72,13.27,0.11,2,0,495.36,515.07
18-12-2018 21:00,457.44,21.99,31.49,10.73,0.19,2,0,489.75,513.37
19-12-2018 06:00,444.94,15.97,87.13,11.18,0.22,3,0,495.06,513.13
19-12-2018 18:00,530.19,41.07,79.99,11.13,0.07,3,0,493.07,511.47
19-12-2018 20:00,439.56,22.27,43.47,2.72,0.03,3,0,495.81,510.77
19-12-2018 22:00,496.22,13.7,88.27,13.38,0.77,3,0,494.86,510.94
20-12-2018 01:00,470.27,21.04,67.62,9.76,1.11,4,0,491.8,510.49
20-12-2018 02:00,523.91,25.85,85.73,3.31,0.25,4,0,496.45,511.07
20-12-2018 05:00,422.42,28.39,40.83,5.71,0.13,4,0,494.53,510.16
20-12-2018 06:00,610.72,25.61,87.62,14.45,0.16,4,0,501.44,511.11
20-12-2018 08:00,483.91,27.7,74.62,1.33,0,4,0,494.34,509.71
20-12-2018 17:00,463.83,37.24,87.56,9.86,0.27,4,0,504.3,511.47
20-12-2018 20:00,494.34,24.26,74.19,5.31,0.04,4,0,503.02,510.46
20-12-2018 22:00,450.62,35.73,54.69,5.45,0.04,4,0,501.14,509.53
21-12-2018 05:00,477.42,14.58,53.51,3.41,0.41,5,0,511.63,510.24
21-12-2018 08:00,431.38,17.88,80.4,3.88,0.08,5,0,511.04,510.19
21-12-2018 14:00,500.15,26.72,49.93,3.75,0.32,5,0,503.1,509.77
21-12-2018 21:00,564.42,23.65,49.08,6.47,0.02,5,0,509.29,510.57
22-12-2018 05:00,447.23,33.96,77.45,11.03,0.48,6,1,495.36,509
22-12-2018 08:00,550.52,33.27,45.77,14.66,0.21,6,1,496.69,509.42
22-12-2018 10:00,455.9,21.31,48.12,0.5,0.11,6,1,492.38,509.34
22-12-2018 18:00,516.6,19.54,77.41,6.25,0.08,6,1,502.88,509.9
22-12-2018 21:00,431.9,21.99,30.1,2.39,0.01,6,1,499.48,510.53
22-12-2018 23:00,499.54,28.21,63.05,6.37,0.26,6,1,497.01,510.44
23-12-2018 02:00,504.06,27.94,75.72,3.38,0.02,7,1,502.41,511.52
23-12-2018 13:00,607.41,16.95,73.56,10.48,0.39,7,1,514.16,511.82
23-12-2018 21:00,500.91,28.8,43.09,10.68,0.47,7,1,507.02,511.07
24-12-2018 00:00,522.29,27.02,54.3,3.5,0.16,1,0,512.93,511.48
24-12-2018 01:00,413.89,23.97,59.4,11.46,0.05,1,0,505.32,510.6
24-12-2018 02:00,463.98,20.38,35.43,0.79,0.16,1,0,503.65,510.19
24-12-2018 10:00,387.21,20.75,84.66,2.76,0.27,1,0,502.06,510.41
24-12-2018 14:00,419.04,39.52,62.6,5.99,0.04,1,0,494.73,510.03
25-12-2018 00:00,596.79,23.11,82.06,1.89,0.02,2,0,492.68,510.59
25-12-2018 04:00,478.19,22.13,64.53,7.51,0.13,2,0,494.81,510.98
25-12-2018 23:00,451.1,35.33,72.07,6.78,0.03,2,0,503.15,510.82
26-12-2018 01:00,536.33,24.16,37.1,6.27,0.24,3,0,497.23,510.72
26-12-2018 04:00,460.5,26.92,33.41,3.63,0.05,3,0,501.85,511.84
26-12-2018 12:00,532.35,19.24,36.9,3.76,0,3,0,504.57,513.08
26-12-2018 23:00,469.2,25.05,38.57,6.53,0.14,3,0,506.11,512.66
27-12-2018 07:00,488.97,26.12,47.15,10.37,0,4,0,497.18,512.64
27-12-2018 08:00,512.35,35.98,46.59,10.02,0.18,4,0,495.57,512.81
27-12-2018 18:00,503.42,19.04,35.8,2.51,0.28,4,0,493.51,511.57
27-12-2018 19:00,506.32,31.44,68.9,6.48,0.09,4,0,496.2,511.9
27-12-2018 21:00,430.03,21.86,37.23,6.01,0.08,4,0,497.8,512.38
27-12-2018 23:00,583.2,18.16,79.9,5.51,0.12,4,0,503.15,513.2
28-12-2018 01:00,542.98,25.2,38.09,2.31,0.2,5,0,502.5,512.83
28-12-2018 04:00,519.25,36.4,54.84,5.7,0.07,5,0,496.53,511.9
28-12-2018 08:00,496.63,23.02,70.44,11.45,0.18,5,0,512.3,513
28-12-2018 11:00,545.1,28.54,77.23,5,0.42,5,0,519.4,513.56
28-12-2018 13:00,522.28,17.19,81.64,0.6,0.14,5,0,519.87,513.76
28-12-2018 20:00,543.58,35.38,60.37,10.89,0.44,5,0,508.24,513.04
29-12-2018 02:00,525.53,29.8,40.2,4.71,0.06,6,1,513.79,513.65
29-12-2018 04:00,526.52,21.92,34.24,6.97,0.16,6,1,515.95,514.71
29-12-2018 06:00,498.27,33.8,33,2.01,0.09,6,1,511.63,515.09
30-12-2018 06:00,526.17,27.2,70.46,9.69,0.13,7,1,510.95,515.35
30-12-2018 09:00,509.6,40.21,82.51,9.07,0.69,7,1,505.18,515.13
30-12-2018 14:00,657.89,21.64,49.38,13.61,0.11,7,1,515.52,515.26
31-12-2018 03:00,425.88,15.04,75.55,9.08,0.09,1,0,500.65,514.11
31-12-2018 09:00,465.31,25.59,33.12,0.73,0.26,1,0,506.37,514.79
31-12-2018 19:00,563.46,19.29,71.96,6.97,0.34,1,0,497.82,515.66
01-01-2019 00:00,548.57,31.41,47.48,1.07,0.03,2,0,510.28,516.13
01-01-2019 01:00,435.24,32.9,56.11,14.5,0.47,2,0,508.08,515.7
01-01-2019 03:00,528.95,2.67,54.63,8.19,0.21,2,0,506.82,515.6
01-01-2019 05:00,477.24,16.61,80.09,6.37,0.06,2,0,504.14,515.26
01-01-2019 17:00,557.11,25.25,89.3,5.8,0.01,2,0,509.45,516.48
01-01-2019 20:00,463.27,20.93,34.33,7.09,0.43,2,0,509.73,516.45
01-01-2019 21:00,547.8,26.9,87.97,11.16,0.42,2,0,511.11,516.79
02-01-2019 00:00,439.8,34.51,88.99,5.18,0.03,3,0,503.23,517.19
02-01-2019 02:00,531.47,26.34,85.56,14.52,0.06,3,0,510.19,517.01
02-01-2019 06:00,394.27,32.99,66.07,5.25,0.44,3,0,502.85,515.91
02-01-2019 23:00,498.52,23.11,43.61,1.02,0.09,3,0,485.57,514.11
03-01-2019 04:00,504.24,1.7,35.92,14.21,0.19,4,0,489.29,513.92
03-01-2019 14:00,513.26,16.57,30.89,9.04,0.04,4,0,506.82,516.41
04-01-2019 10:00,496.49,19.92,31.23,13.95,0.04,5,0,499.72,513.5
04-01-2019 12:00,521.76,22.35,79.17,12.69,0.25,5,0,498.68,513.21
04-01-2019 18:00,593.45,28.08,83.9,14.67,0.2,5,0,502.18,514.58
05-01-2019 02:00,419.84,21.19,89.25,6.55,0.01,6,1,489.1,511.09
05-01-2019 13:00,431.69,27.82,37.72,11.93,0.45,6,1,482.72,509.34
05-01-2019 14:00,552.9,31.7,35.23,8.71,0.12,6,1,485.64,510.1
05-01-2019 15:00,504.09,34.13,38.78,2.8,0.22,6,1,485.56,509.93
05-01-2019 19:00,483.35,29.22,76.6,11.82,0,6,1,478.84,508.43
05-01-2019 21:00,438.78,20.53,68.31,5.02,0.14,6,1,483.35,507.81
05-01-2019 23:00,467.58,21.25,74.85,13.01,0.1,6,1,484.88,507.96
06-01-2019 00:00,392.18,43.22,89.22,3.63,0.85,7,1,479.95,507.66
06-01-2019 11:00,526.54,18.48,33.23,8.56,0.13,7,1,493,507.7
06-01-2019 13:00,446.21,20.85,43.55,11.3,0.22,7,1,491.56,507.25
06-01-2019 15:00,602.28,30.48,89.88,10.83,0.18,7,1,491.11,506.3
06-01-2019 17:00,515.22,23.87,40.99,1.49,0.07,7,1,497.15,506.49
06-01-2019 19:00,531.17,13.38,83.5,12.27,0.34,7,1,495.98,506.54
06-01-2019 21:00,510.71,25.97,74.39,1.36,0.01,7,1,499.31,507.05
07-01-2019 00:00,478.81,18.11,57.68,13.45,0.33,1,0,501.39,507.28
07-01-2019 04:00,528.24,31,82.85,0.71,0.17,1,0,495.21,507.28
07-01-2019 05:00,534.22,31.68,84.09,1.72,0.14,1,0,495.74,507.02
07-01-2019 09:00,514.1,23.29,39.58,3.77,0.02,1,0,492.58,505.81
07-01-2019 15:00,541.3,16.55,47.35,13.77,0.07,1,0,495.72,506.37
07-01-2019 16:00,584.17,21.56,67.71,9.19,0.36,1,0,498.12,506.69
08-01-2019 01:00,506.34,25.79,78.53,9.05,0.46,2,0,494.4,505.13
08-01-2019 03:00,508.84,24.43,39.08,4.7,0.06,2,0,495.68,505.26
08-01-2019 04:00,501.12,25.61,34.91,2.81,0.28,2,0,494.55,505.28
08-01-2019 11:00,492.34,28.95,87.6,10.28,0.36,2,0,498.39,504.79
08-01-2019 12:00,570.76,33.63,47.34,5.35,0.74,2,0,497.66,505.46
08-01-2019 15:00,517.37,27.23,45.58,11.53,0.02,2,0,504.83,505.87
09-01-2019 00:00,453.08,24.73,52.99,11.81,0.01,3,0,505.04,504.96
09-01-2019 05:00,482.13,30.12,82.86,11.21,0.04,3,0,504.47,504.41
09-01-2019 08:00,523.02,24.13,75.52,3.13,0.09,3,0,507.65,505.5
09-01-2019 09:00,493.02,33.8,82.75,9.23,0.05,3,0,502.69,505.54
09-01-2019 10:00,512.84,27.41,34.92,5.65,0.11,3,0,502.23,505.97
09-01-2019 19:00,573.97,29.78,43.62,8.98,0.01,3,0,501.78,506.5
10-01-2019 00:00,515.35,22.75,43.29,10.48,0.68,4,0,505.74,507.38
10-01-2019 18:00,499.03,14.76,64.85,14.45,0.29,4,0,512.99,507.73
11-01-2019 06:00,489.87,17.85,74.03,6.83,0.05,5,0,509.2,508.51
11-01-2019 08:00,515.26,25.1,39.99,6.06,0.11,5,0,510.62,508.94
11-01-2019 11:00,435.08,27.92,81.97,14.3,0.23,5,0,510.24,508.88
11-01-2019 20:00,509.43,24.89,50.95,2.43,0.57,5,0,493.18,507.54
12-01-2019 00:00,502.36,21.56,61.3,13.63,0.17,6,1,491.16,508.79
12-01-2019 01:00,534.73,28.03,87.45,10.8,0.12,6,1,490.37,508.96
12-01-2019 02:00,478.17,28.13,75.42,2.08,0.18,6,1,488.42,509.31
12-01-2019 12:00,501.65,19.37,85.88,6.75,0.04,6,1,498.1,510.04
12-01-2019 14:00,538.7,23.35,50.46,12.93,0.16,6,1,502.65,510.78
12-01-2019 16:00,510.83,22.34,50.02,9.88,0.26,6,1,508.66,511.35
13-01-2019 07:00,465.49,25.59,80.98,14.6,0.09,7,1,494.79,510.37
13-01-2019 09:00,494.25,29.41,54.7,1.76,0.78,7,1,495.61,510.38
13-01-2019 10:00,425.89,26.18,33.71,6.73,0.05,7,1,492.58,510.02
13-01-2019 12:00,494.89,22.72,54.98,5.98,0.41,7,1,493.88,510.46
13-01-2019 13:00,501.88,17.06,49.61,0.27,0.24,7,1,491.15,510.8
13-01-2019 14:00,520.03,10.25,78.35,6.42,0.1,7,1,490.37,511.26
13-01-2019 16:00,522.82,33.2,76.87,0.68,0.21,7,1,489.24,510.38
13-01-2019 20:00,574.58,6.51,39.83,8.21,0.88,7,1,493.89,510.7
14-01-2019 01:00,574.51,29.01,88.74,8.86,0.61,1,0,495.1,511.55
14-01-2019 12:00,568.78,22.98,47.75,3.43,0.33,1,0,509,512.02
14-01-2019 14:00,601.78,7.73,71.72,6.53,0.03,1,0,511.49,513.19
15-01-2019 04:00,482.95,6.24,34.31,4.71,0.04,2,0,501.39,513.61
15-01-2019 09:00,482.84,17.62,54.18,13.44,0.04,2,0,510.15,513.9
15-01-2019 17:00,483.82,31.6,34.47,11.23,0.28,2,0,513.97,515.01
15-01-2019 22:00,495.84,28.89,59.07,0.74,0.06,2,0,517.08,515.64
16-01-2019 03:00,500.71,22.68,81.53,13.16,0.11,3,0,519.56,515.75
16-01-2019 06:00,528.55,30.72,42.52,11.95,0.69,3,0,519.2,516.3
16-01-2019 08:00,528.52,27.01,82.91,9.14,0.09,3,0,517.88,516.18
16-01-2019 14:00,423.84,22.78,76.6,3.09,0.48,3,0,514.88,517.57
16-01-2019 17:00,552.52,33.38,78.05,12.87,0.04,3,0,512.89,516.96
16-01-2019 21:00,491.14,29.85,45.74,11.43,0.27,3,0,506.1,516.43
17-01-2019 02:00,487.6,28.29,74.61,3.98,0.12,4,0,504.26,515.42
17-01-2019 15:00,559.56,22.87,89.77,14.24,0.16,4,0,506.13,515.22
17-01-2019 19:00,553.4,16.06,32.13,7.23,0.26,4,0,506.24,516.12
17-01-2019 21:00,496.81,23.35,86.68,8.98,0,4,0,508.43,515.55
17-01-2019 23:00,450.05,18.18,32.76,6.83,0.3,4,0,504.03,514.83
18-01-2019 02:00,445.07,31.14,36.64,8.92,0.09,5,0,507.99,513.97
18-01-2019 04:00,531.56,18.84,71.89,13.22,0.81,5,0,511.47,514.82
18-01-2019 15:00,516.7,12.67,59.97,6.22,0.34,5,0,496.58,515.39
18-01-2019 18:00,414.54,15.44,80.24,11.14,0.43,5,0,492.47,515.6
18-01-2019 21:00,580.51,25.83,77.5,9.23,0.03,5,0,492.41,515.43
19-01-2019 00:00,530.9,21.82,47.04,3.75,0.07,6,1,492.1,514.82
19-01-2019 02:00,449.58,26.47,56.77,7.91,0.19,6,1,492.29,514.54
19-01-2019 03:00,423.51,25.35,40.62,10.02,0.01,6,1,489.01,513.75
19-01-2019 13:00,414.76,21.33,37.62,8.3,0.67,6,1,486.16,512.89
19-01-2019 14:00,552.63,29.7,63.8,9.97,0.27,6,1,488.8,512.98
19-01-2019 15:00,407.85,16.07,67.49,9.57,0.34,6,1,484.27,512.42
20-01-2019 08:00,425.29,21.45,38.5,9.6,0.01,7,1,488.33,513.56
20-01-2019 09:00,509.04,22.45,56.58,8.55,0.01,7,1,489.7,513.65
20-01-2019 16:00,503.45,19.96,52.49,3.48,0.09,7,1,493.75,513.09
20-01-2019 17:00,493.37,23.36,63.78,5.93,0.01,7,1,491.63,513.16
20-01-2019 18:00,558.85,33.84,75.78,1.15,0.08,7,1,497.1,513.79
20-01-2019 19:00,434.38,19.58,34.04,6.95,0.29,7,1,496.29,513.21
20-01-2019 21:00,416.44,30.23,39.81,9.87,0.03,7,1,490.29,512.2
21-01-2019 00:00,539.1,17.83,34.63,2.67,0.03,1,0,483.92,512.17
21-01-2019 02:00,499.32,16.22,67.06,5.82,0.15,1,0,485.07,511.07
21-01-2019 06:00,519.17,23.59,58.62,4.37,0.12,1,0,480.05,510.84
21-01-2019 13:00,434.26,26.23,43.9,8.61,0.03,1,0,487.33,509.88
21-01-2019 14:00,510.95,23.38,61.01,2.54,0.17,1,0,487.89,509.33
22-01-2019 02:00,487.65,27.67,47.55,6.44,0.19,2,0,490.07,508.8
22-01-2019 03:00,403.7,38.82,76.02,12.62,0.05,2,0,488.36,508.37
22-01-2019 06:00,574.78,22.33,77.17,11.05,0.09,2,0,495.71,508.81
22-01-2019 09:00,551.66,14.78,59.61,3.47,0.06,2,0,501.23,509.19
22-01-2019 18:00,457.84,31.71,30.91,5.15,0.22,2,0,495.79,506.39
22-01-2019 20:00,509.88,25.7,31.79,13.24,0.77,2,0,502.2,505.9
23-01-2019 00:00,501.01,25.1,85,7.54,0.35,3,0,497.85,505.44
23-01-2019 01:00,544.59,22.35,38.17,12.39,0.05,3,0,498.31,506.14
23-01-2019 05:00,520.35,23.99,33.2,14.22,0.02,3,0,496.9,505.28
23-01-2019 13:00,542.34,29.25,36.33,12.34,0.18,3,0,495.99,503.68
23-01-2019 15:00,411.58,20.31,59.96,0.86,0.2,3,0,495.02,503.93
23-01-2019 23:00,452.35,27.16,64.31,5.46,0.71,3,0,507.01,505.34
24-01-2019 00:00,553.91,26.93,35.12,2.77,0.03,4,0,509.21,505.8
24-01-2019 01:00,495.69,28.85,77.46,1.12,0.38,4,0,507.18,506.29
24-01-2019 02:00,493.52,19.79,30.14,5.02,0.09,4,0,508.31,506.32
24-01-2019 05:00,450.14,28.87,46.25,3.99,0.04,4,0,504.15,505.64
24-01-2019 12:00,427.72,28.33,82.92,0.01,0.93,4,0,495.07,503.4
24-01-2019 19:00,484.51,15.77,70.56,3.05,0.17,4,0,494.7,502.89
25-01-2019 13:00,483.41,13.89,43.21,1.55,0.15,5,0,513.07,504.99
25-01-2019 15:00,524,16.42,74.01,9.9,0.05,5,0,514.17,505.19
25-01-2019 17:00,508.41,27.4,61.21,4.28,0.07,5,0,510.69,505.01
25-01-2019 18:00,391.93,14.73,63.71,13.99,0.1,5,0,503.25,504.87
26-01-2019 06:00,483.85,19.94,79.89,0.22,0.08,6,1,507.33,506.69
26-01-2019 07:00,566.78,24.23,61.86,1.2,0.29,6,1,509.18,507.24
26-01-2019 16:00,396.76,17.17,84.47,10.72,0.02,6,1,497.94,506.81
27-01-2019 00:00,463.84,22.55,75.71,7.44,0.07,7,1,488.95,505.25
27-01-2019 05:00,540.42,20.88,30.63,5.64,0.4,7,1,493.16,506.49
27-01-2019 07:00,575.71,36.39,45.07,14.67,0.02,7,1,493.96,507.1
27-01-2019 08:00,489.1,15.83,37.41,12.18,0.43,7,1,491.47,507.48
27-01-2019 14:00,473.35,17.24,64.9,12.99,0.08,7,1,497.15,508.46
27-01-2019 16:00,535.76,7.41,75.71,12.99,0.05,7,1,506.41,508.65
27-01-2019 17:00,480.33,17.45,71.31,8.84,0,7,1,503.04,508.57
27-01-2019 19:00,489.63,27.24,72.29,7.74,0.4,7,1,499.81,508.07
27-01-2019 21:00,590.27,18.25,77.49,8.37,0.33,7,1,507.1,509.15
28-01-2019 05:00,479.77,36.35,63.54,5.03,0.07,1,0,503.74,509.78
28-01-2019 12:00,514.61,32.47,54.43,0.87,0.5,1,0,498.53,509.98
28-01-2019 18:00,451.1,18.9,39.07,10.91,0.53,1,0,503.18,510.39
28-01-2019 19:00,469.38,19.92,85.57,9.43,0.38,1,0,502.34,510.28
29-01-2019 01:00,468.16,23.75,89.08,3.16,0.01,2,0,496.9,510.28
29-01-2019 09:00,487.44,12.86,33.59,9.91,0.17,2,0,496.13,509.33
29-01-2019 12:00,571.71,30.69,89.22,14.56,0.13,2,0,496.95,510.38
29-01-2019 15:00,472.37,18.59,69.87,2.91,0.06,2,0,489.07,509.56
29-01-2019 19:00,520.79,27.63,56.08,4.98,0.19,2,0,491.78,509.4
29-01-2019 20:00,468.71,21.38,73.2,10.2,0.16,2,0,494.6,509.15
30-01-2019 03:00,489.93,34.02,45.26,0.83,0.01,3,0,496.04,510.09
30-01-2019 12:00,465.76,18.24,82.01,7.31,0.1,3,0,494.82,510.35
30-01-2019 22:00,506.03,29.54,38.76,1.49,0.05,3,0,498,508.37
31-01-2019 00:00,529.19,23.8,43.89,14.56,0,4,0,501.29,508.83
31-01-2019 21:00,566.14,26.57,53.74,4.23,0.6,4,0,507.39,511.06
01-02-2019 02:00,493.95,19.47,83.45,9.06,0.46,5,0,511.49,511.16
01-02-2019 16:00,551.48,30.34,78.56,0.1,0.16,5,0,512.87,510.79
01-02-2019 19:00,608.59,32.64,80.61,3.96,0.33,5,0,518.39,512.8
02-02-2019 03:00,561.62,24.62,47.32,12.87,0.59,6,1,509.9,511.37
02-02-2019 04:00,423.72,26.08,76.9,2.28,0.23,6,1,507.56,510.57
02-02-2019 08:00,460.09,19.4,58.43,5.68,0.32,6,1,508.73,510.11
02-02-2019 10:00,435.52,21.52,89.41,10.8,0.12,6,1,508.25,510.37
02-02-2019 17:00,493.71,31.55,52.56,10.85,0.02,6,1,501.69,511.56
02-02-2019 21:00,397.33,22.03,34.89,13.12,0.5,6,1,496.18,511.58
03-02-2019 01:00,488.67,19.8,47.31,6.55,0.1,7,1,499.27,512.61
03-02-2019 03:00,600.42,21.17,77.66,12.96,0.43,7,1,498.31,512.8
03-02-2019 09:00,459.83,31.3,53.02,14.84,0.17,7,1,495.77,511.05
03-02-2019 10:00,528.56,45,54.51,6.91,0.3,7,1,499.64,511.17
03-02-2019 13:00,505.17,22.88,62.98,8,0.16,7,1,504.87,511.51
03-02-2019 19:00,471.95,29.15,32.37,8.31,0.45,7,1,499.57,512.03
03-02-2019 20:00,475.53,23.88,37.04,2.05,0.66,7,1,499.86,511.7
04-02-2019 04:00,573.32,30.69,51.57,2.99,0.53,1,0,494,510.25
04-02-2019 08:00,557.47,22.65,71.17,0.94,0.09,1,0,491.86,510.03
04-02-2019 14:00,543.83,19.22,86.08,7.34,0.23,1,0,488.28,509.4
04-02-2019 19:00,477.43,25.04,38.84,7.96,0.38,1,0,489.06,510.1
05-02-2019 04:00,542.86,25.82,73.51,2.32,0.03,2,0,496.27,509.97
05-02-2019 06:00,359.9,16.67,55.71,3.16,0.05,2,0,499.74,509.36
05-02-2019 18:00,551.35,15.53,54.27,0.15,0,2,0,491.61,510.34
05-02-2019 20:00,518.12,34.91,53.5,11.69,0.26,2,0,493.98,510.31
05-02-2019 21:00,474.51,22.99,39.65,3.95,0.15,2,0,492.99,510.09
06-02-2019 01:00,466,29.27,76.73,13.25,0.2,3,0,492.68,509.57
06-02-2019 09:00,465.4,32.27,70.24,4.18,0.11,3,0,504.73,510.8
06-02-2019 10:00,496.59,23.98,57.59,12.09,0.78,3,0,504.32,510.34
06-02-2019 21:00,485.36,18.4,76.55,9.9,0.56,3,0,502.99,510.62
06-02-2019 23:00,498.56,28.68,74.15,7.37,0.06,3,0,501.73,510.41
07-02-2019 06:00,521.01,30.23,76.88,10.25,0.17,4,0,502.99,512.17
07-02-2019 13:00,514.07,35.86,81.63,7.69,0.13,4,0,508.99,512.36
07-02-2019 18:00,494.32,25.27,32.44,8.68,0.01,4,0,513.92,512.53
07-02-2019 19:00,480.87,27.2,67.31,11.69,0.04,4,0,512.99,511.91
08-02-2019 00:00,448.64,25.12,82.57,14.28,0.04,5,0,510.1,510.95
08-02-2019 07:00,499.65,22.5,40.52,4.29,0.32,5,0,501.55,511.78
08-02-2019 11:00,461.22,30.73,84.48,7.16,0.35,5,0,497.85,511.42
08-02-2019 13:00,549.6,21.57,68.2,14.5,0.01,5,0,497.82,510.57
08-02-2019 15:00,423.82,33.98,54.05,2.68,0.52,5,0,490.96,509.72
08-02-2019 21:00,488.61,29.21,54.22,3.81,0.12,5,0,497.69,509.22
08-02-2019 22:00,488.46,32.68,59.07,9.73,0.02,5,0,496.82,509.51
09-02-2019 05:00,522.34,33.69,60.09,7.07,0.24,6,1,495.62,509.35
09-02-2019 13:00,446.24,22.97,31.75,11.22,0.23,6,1,498.83,509.87
09-02-2019 16:00,435.76,28.7,71.21,9.96,0.44,6,1,502.52,508.88
10-02-2019 02:00,505.15,23.06,57.85,5.35,0.11,7,1,493.26,508.97
10-02-2019 04:00,462.47,15.92,43.82,4.45,0.16,7,1,495.36,508.59
10-02-2019 05:00,485.02,33.31,31.09,6.93,0.42,7,1,493.8,508.27
10-02-2019 08:00,476.87,29.04,34.65,3.1,0.09,7,1,487.61,508.09
10-02-2019 11:00,557.83,25.5,62.68,14.05,0.44,7,1,484.54,507.82
10-02-2019 13:00,437.74,34.05,34.74,4.84,0.05,7,1,489.63,507.65
10-02-2019 16:00,520.93,22.26,56.51,13.88,0.16,7,1,496.48,507.64
10-02-2019 17:00,475.17,20.74,71.38,1.17,0.26,7,1,496.14,507.6
10-02-2019 18:00,546.15,32.94,88.77,12.59,0.01,7,1,497.11,507.99
10-02-2019 23:00,509.4,35.3,65.85,9.85,0.15,7,1,493.04,508.42
11-02-2019 00:00,528.62,33.1,52.1,5.89,0.13,1,0,494.91,509.08
11-02-2019 14:00,493.67,22.47,48.11,12.35,0.26,1,0,495.7,509.44
11-02-2019 19:00,516.26,21.42,51.73,6.87,0.1,1,0,488.59,508.22
11-02-2019 23:00,503.18,16.59,63.92,3.94,0.3,1,0,497.12,508.71
12-02-2019 01:00,411.31,17.26,35.24,14.65,0.17,2,0,492.34,508.66
12-02-2019 22:00,541.13,33.37,89.29,7.03,0.18,2,0,491.22,508.45
13-02-2019 00:00,509.02,21.6,32.61,10.59,0.3,3,0,490.69,508.71
13-02-2019 01:00,452.19,25.35,87.68,2.84,0.74,3,0,492.4,508.62
13-02-2019 06:00,494.24,22.33,86.58,12.46,0.12,3,0,505.81,507.13
13-02-2019 09:00,525.16,27.73,51.52,4.24,0.06,3,0,501.86,507.54
13-02-2019 11:00,449.22,21,78.62,4.31,0.73,3,0,502.03,508.38
13-02-2019 12:00,541.13,24.9,54.53,5.85,0.31,3,0,504.7,508.65
13-02-2019 14:00,507.87,35.78,77.9,3.16,0.11,3,0,502.38,508.03
13-02-2019 15:00,548.83,18.29,84.95,13.41,0.17,3,0,503.74,508.4
14-02-2019 10:00,415.6,18.13,87.21,7.44,0.06,4,0,487.14,505.18
14-02-2019 12:00,526.13,26.44,82.09,11.25,0.46,4,0,487.38,505.14
14-02-2019 13:00,467.34,23.72,31.85,5.83,0.17,4,0,488.75,504.85
14-02-2019 14:00,449.06,17.8,87.96,8.63,0.17,4,0,486.3,504.65
15-02-2019 05:00,488.07,4.71,43.14,10.66,0,5,0,485.24,504.33
15-02-2019 16:00,457.11,34.56,42.25,5.67,0.17,5,0,498.73,505.33
15-02-2019 21:00,523.63,25.04,87.7,5.83,0,5,0,495.07,505.49
16-02-2019 13:00,431.96,29.09,88.68,6.41,0.1,6,1,506.78,505.7
16-02-2019 23:00,483.22,33.28,49.47,9.25,0.2,6,1,499.91,506.02
17-02-2019 01:00,444.04,20.82,62.05,9.54,0.14,7,1,497.93,505.78
17-02-2019 20:00,553.09,38.02,53.67,9.21,0.29,7,1,508.26,507.97
17-02-2019 23:00,548.4,40.06,55.98,10.4,0.36,7,1,516.95,509.5
18-02-2019 08:00,448.52,21.82,61.06,4.03,0.47,1,0,519.68,510.01
18-02-2019 13:00,473.96,24.9,36.85,10.33,0.28,1,0,510.28,509.37
18-02-2019 16:00,534.41,18.14,88.1,6.9,0.01,1,0,509.88,509.89
18-02-2019 19:00,457.7,36.17,76.66,12.13,0.35,1,0,504.24,509.69
18-02-2019 20:00,532.84,18,59.57,9.06,0.75,1,0,503.4,509.84
18-02-2019 23:00,506.19,21.82,44.81,4.54,0.25,1,0,496.86,509.47
19-02-2019 15:00,511.37,26.57,67.69,12.55,0.31,2,0,500.32,510.62
19-02-2019 19:00,534.85,24.68,84.88,7.42,0.01,2,0,499.1,510.19
19-02-2019 21:00,448.27,17.4,40.73,8.42,0.06,2,0,497.9,510.65
20-02-2019 01:00,460.78,30.42,44.87,11.13,0.11,3,0,493.45,510.3
20-02-2019 16:00,583.71,19.14,71.31,9.41,0.19,3,0,507.99,511.6
20-02-2019 21:00,474.81,18.36,61.93,10.03,0.15,3,0,499.72,510.19
21-02-2019 01:00,480.36,23.84,83.67,13,0.14,4,0,499.64,509.88
21-02-2019 02:00,481.43,24.24,70.38,0.69,0.1,4,0,497.44,510.1
21-02-2019 03:00,411.2,30.23,80.11,11.97,0.01,4,0,494.22,509.23
21-02-2019 04:00,450.95,33.21,42.85,8.19,0.08,4,0,488.87,508.84
21-02-2019 10:00,559.71,23.09,49.44,12.39,0.46,4,0,494.67,510.5
21-02-2019 14:00,524.79,34.2,69.76,4.98,0.05,4,0,485.15,510.76
21-02-2019 23:00,460.92,28.63,42.45,2.83,0.14,4,0,490.44,510.23
22-02-2019 01:00,540.93,34.08,37.07,5.63,0.08,5,0,493.68,510.15
22-02-2019 04:00,434.21,30.15,63.44,12.25,0,5,0,501.15,510.97
22-02-2019 08:00,446.32,25.67,43.15,7.13,0.01,5,0,496.59,510.93
22-02-2019 12:00,577.24,22.49,73.34,3.8,0.05,5,0,505.09,511.69
22-02-2019 18:00,512.27,15.9,77.44,13.93,0.12,5,0,516.9,513.46
23-02-2019 03:00,475.24,28.29,60.42,1.47,0.54,6,1,505.89,511.67
23-02-2019 04:00,484.78,21.5,36.94,10.83,0.05,6,1,508,511.46
23-02-2019 18:00,411.41,16.75,48.53,7.84,0.19,6,1,495.93,511.91
23-02-2019 22:00,444.78,26.06,68.06,4.27,0.05,6,1,493.82,511.31
24-02-2019 03:00,428.02,25.69,44.78,14.98,0.28,7,1,492.01,510.28
24-02-2019 08:00,431.77,11.45,67.41,6.84,0.35,7,1,491.11,511.38
24-02-2019 13:00,482.37,24.67,68.29,13.98,0.41,7,1,493.25,510.27
24-02-2019 16:00,549.39,24.17,47.61,4.82,0.25,7,1,489.74,510.16
24-02-2019 18:00,545.89,19.12,51.05,6.83,0.13,7,1,495.39,510.77
24-02-2019 19:00,484.48,27.23,80.31,0.77,0.05,7,1,493.42,509.97
24-02-2019 21:00,446.08,21.51,64.21,3.81,0.41,7,1,493.49,508.69
24-02-2019 23:00,448.01,21.35,85.41,13.32,0.03,7,1,493.47,508.12
25-02-2019 09:00,575.31,22.7,62.6,5.29,0.12,1,0,502.47,508.78
25-02-2019 12:00,377.09,26.89,59.02,7.78,0.22,1,0,493.28,507.75
25-02-2019 18:00,479.99,22.19,48.45,14.43,0.24,1,0,494.59,508.4
25-02-2019 19:00,470.84,31.95,51.72,12.99,0.27,1,0,494.02,508.48
26-02-2019 09:00,504.46,28.31,58.76,7.78,0.12,2,0,492.01,508.01
26-02-2019 11:00,506.17,34.06,48.6,6.79,0.05,2,0,494.97,508.86
26-02-2019 19:00,419.62,36.48,76,2.07,0.09,2,0,499.29,508.5
26-02-2019 22:00,523.64,25.58,66.11,12.51,0.02,2,0,500.46,508.52
27-02-2019 04:00,457.23,23.94,44.58,14.15,0.11,3,0,493.01,506.73
27-02-2019 18:00,441.53,25.92,82.52,13.49,0.09,3,0,473.72,504.58
27-02-2019 23:00,457.27,25.5,50.92,2.72,0.09,3,0,476.16,504.23
28-02-2019 01:00,429.59,24.35,31.64,13.15,0.05,4,0,474.32,504.14
28-02-2019 05:00,468.87,28.03,54.79,14.67,0.02,4,0,476.93,505.15
28-02-2019 11:00,494.9,14.75,36.48,10.35,0.09,4,0,487.49,504.22
28-02-2019 14:00,575.97,16.8,47.03,11.71,0.16,4,0,486.62,504.75
28-02-2019 19:00,545.5,22.73,76.24,12.33,0.33,4,0,490.9,505.38
28-02-2019 20:00,532,24.51,45.04,11.96,0.03,4,0,495.84,505.21
28-02-2019 23:00,489.97,20.41,63.3,9.9,0.03,4,0,497.32,505.23
01-03-2019 13:00,605.84,20.91,66.67,3.23,0.09,5,0,517.58,505.86
01-03-2019 16:00,553.86,14.7,76.06,13.62,0.09,5,0,516.27,505.19
02-03-2019 02:00,524.46,35.92,89.23,6.2,0.2,6,1,515.91,506.61
02-03-2019 10:00,484.45,12.8,49.56,8.24,0,6,1,511.71,506.35
02-03-2019 14:00,404.33,29.72,62.08,12.63,0.35,6,1,508.83,506.1
03-03-2019 05:00,459.04,28.62,87.1,11.7,0.02,7,1,493.17,507.2
03-03-2019 13:00,490.76,27.55,86.75,0.96,0.17,7,1,487.79,506.02
03-03-2019 16:00,584.29,25.5,55.97,3.91,0.67,7,1,494.04,506.5
03-03-2019 17:00,467.69,31.65,74.28,0.42,0.21,7,1,498.4,506.16
03-03-2019 19:00,525.78,24.09,81.71,11.13,0.09,7,1,494.92,505.99
04-03-2019 04:00,526.4,32.26,38.16,10.89,0.22,1,0,498.24,506.48
04-03-2019 06:00,502.45,18.85,41.08,8.94,1.19,1,0,496.46,506.5
04-03-2019 11:00,498.36,29.95,83.14,11.84,0.48,1,0,503,506.29
04-03-2019 15:00,492.18,21.17,35.52,5.99,0.11,1,0,505.21,507.29
04-03-2019 20:00,492.59,24.79,86.94,4.51,0.58,1,0,500.56,507.01
05-03-2019 04:00,505.92,11.38,30.11,11.81,0.16,2,0,504.8,508.89
05-03-2019 05:00,519.58,29.9,38.48,1.42,0.09,2,0,507.22,508.61
05-03-2019 07:00,559.48,22.16,65.29,10.66,0.22,2,0,512.69,508.66
05-03-2019 12:00,506.07,22.46,35.17,4.43,0.11,2,0,516.21,509.26
05-03-2019 17:00,462.44,21.26,49.76,4.75,0.3,2,0,508.7,508.74
06-03-2019 12:00,492.27,20.59,63.64,3.26,0.03,3,0,493.95,511.66
06-03-2019 15:00,473.88,34.65,55.45,4.85,1.17,3,0,494.07,511.96
07-03-2019 04:00,509.11,22.24,44.86,8.89,0.04,4,0,509.36,514.93
07-03-2019 09:00,553.27,36.31,37.44,13.68,0.02,4,0,513.52,515.38
07-03-2019 17:00,581.18,35.13,30.32,14.6,0.67,4,0,514.75,516.31
07-03-2019 19:00,443.64,20.51,40.06,9.82,0.38,4,0,510.76,515
07-03-2019 23:00,451.59,23.76,33.37,2.11,0.29,4,0,496.55,513.72
08-03-2019 03:00,569.92,18.13,51.7,7.52,0.05,5,0,497.84,513.46
08-03-2019 21:00,532.29,20.65,83.75,5.91,0.3,5,0,496.66,511.59
09-03-2019 01:00,588.24,25.57,87.4,3.81,0.01,6,1,499.98,510.93
09-03-2019 10:00,491.41,28.27,82.69,14.94,0.39,6,1,499.77,511.02
09-03-2019 17:00,493.23,17.98,46.67,12.35,0.4,6,1,503.23,512.73
09-03-2019 20:00,590.58,23.97,46.99,12.28,0.05,6,1,507.63,511.86
09-03-2019 21:00,528.95,22.26,88.09,12.68,0.29,6,1,507.49,512.1
09-03-2019 22:00,375.44,33.15,72.53,10.73,0.46,6,1,504.41,511.97
10-03-2019 01:00,482.04,25.17,55.41,12.52,0.15,7,1,506.52,511.76
10-03-2019 06:00,486.41,23.58,56.29,6.25,0.08,7,1,510.07,512.24
10-03-2019 14:00,506.04,23.38,67.25,9.26,0.17,7,1,500.82,513.76
10-03-2019 15:00,462.5,11.71,38.15,0.99,0.56,7,1,499.05,513.28
10-03-2019 21:00,473.62,22.89,57.04,6.93,0.06,7,1,498.33,512.6
11-03-2019 05:00,519.88,25.89,44.21,1.9,0.08,1,0,505.15,513.61
11-03-2019 07:00,499.34,16.65,76.66,2.64,0.16,1,0,509.61,514
11-03-2019 08:00,452.28,28.41,37.05,5.93,0.23,1,0,507.75,513.5
11-03-2019 11:00,474.9,29.65,83.18,9.21,0.06,1,0,505.32,513.71
11-03-2019 14:00,478.88,18.02,83.14,8.65,0.01,1,0,502.59,513.08
11-03-2019 20:00,424.17,29.06,86.77,9.3,0.13,1,0,503.63,513.05
11-03-2019 23:00,467.03,27.9,71.99,8.71,0.32,1,0,506.39,513.31
12-03-2019 04:00,524.34,22.7,89.48,1.65,0.07,2,0,497.12,512.13
12-03-2019 05:00,509.87,42.47,33.18,5.14,0.21,2,0,496.7,512.07
12-03-2019 13:00,559.32,29.62,54.06,10,0.05,2,0,500.98,511.34
12-03-2019 20:00,436.67,16.35,47.19,14.68,0.26,2,0,502.68,512.95
12-03-2019 23:00,457.72,19.6,85.1,7.84,0.25,2,0,496.16,512.29
13-03-2019 01:00,464.56,30.81,68.84,14.51,0.18,3,0,495.91,512.23
13-03-2019 10:00,518.15,27.56,87.81,0.57,0.09,3,0,500.95,512.13
13-03-2019 12:00,450.3,32.82,61.31,11.59,0.28,3,0,496.17,511.4
13-03-2019 13:00,557.65,26.82,32.65,9.31,0.05,3,0,496.1,511.54
14-03-2019 02:00,449.59,21.03,61.76,1.48,0.15,4,0,505.98,510.42
14-03-2019 03:00,504.25,30.44,42.83,4.56,0.52,4,0,503.74,510.52
14-03-2019 11:00,506.77,22.77,55.55,8.22,0.16,4,0,496.9,509.76
14-03-2019 12:00,577.07,30.44,61.76,2.38,0.42,4,0,502.18,509.65
14-03-2019 16:00,501.13,24.05,32.82,2.72,0.04,4,0,497.29,510.57
14-03-2019 18:00,480.42,34.74,49.74,4.62,0.06,4,0,501.37,510.35
14-03-2019 20:00,524.6,24.66,68.89,14.93,0.02,4,0,496.01,510.41
15-03-2019 08:00,479.44,28.87,76.77,8.5,0.28,5,0,504.22,510.46
15-03-2019 15:00,452.67,34.02,88.53,14.63,0.3,5,0,486.77,509.29
15-03-2019 18:00,577.04,17.09,76.78,5.37,1.01,5,0,491.58,510.23
15-03-2019 21:00,540.78,15.17,32.99,1.79,0.14,5,0,496.53,510.66
16-03-2019 00:00,554.87,26.59,81.91,0.57,0.22,6,1,495.11,510.69
16-03-2019 02:00,409.05,33.62,47.04,10.19,0.01,6,1,491.47,509.48
16-03-2019 08:00,486.63,23.71,53.06,6.14,0.26,6,1,483.96,508.4
16-03-2019 16:00,435.11,35.2,41.79,5.51,0.01,6,1,485.37,507.19
16-03-2019 21:00,486.7,8.53,48.2,0.82,0.23,6,1,478.32,506.41
17-03-2019 05:00,427.93,21.71,73.37,4.06,0.19,7,1,491.34,506.96
17-03-2019 15:00,521.65,30.94,46.55,13.53,0.05,7,1,496.19,507.06
17-03-2019 23:00,389.12,23.76,50.11,12.66,0.07,7,1,497.14,506.67
18-03-2019 02:00,541.31,34.62,78.67,2.01,0.83,1,0,494.03,505.57
18-03-2019 03:00,516.08,18.63,35.75,8.95,0.02,1,0,495.02,505.67
18-03-2019 07:00,481.45,22.69,56.3,4.64,0.01,1,0,487.88,505.04
18-03-2019 08:00,495.94,22.71,30.73,7.9,0.03,1,0,488.71,505.3
18-03-2019 09:00,541.77,23.51,43.03,12.25,0.18,1,0,487.06,505.4
18-03-2019 11:00,525.01,36.29,80.18,3.6,0.17,1,0,493.74,505.82
18-03-2019 14:00,514.41,17.05,64.93,6.36,0.04,1,0,501.2,506.5
18-03-2019 16:00,559.44,24.36,63.32,7.63,0.01,1,0,503.91,506.56
18-03-2019 20:00,509.15,30.46,65.04,11.82,0.01,1,0,501.67,506.14
19-03-2019 00:00,556.73,15.62,46.64,10.16,0.31,2,0,502.46,505.94
19-03-2019 02:00,489.83,22.78,39.71,11.08,0.42,2,0,501.55,505.87
19-03-2019 04:00,569.16,12.73,78.11,7.44,0.07,2,0,505.27,506.66
19-03-2019 05:00,465.99,23.97,34.9,4.75,0.17,2,0,504.62,506.39
19-03-2019 21:00,590.53,21.43,72.35,2.56,0.17,2,0,517.69,508.07
19-03-2019 22:00,560.75,15.08,59.82,12.55,0.04,2,0,519.26,508.64
20-03-2019 00:00,483.41,26.83,42.96,10.72,0.01,3,0,516.66,508.91
20-03-2019 04:00,460.34,26.93,61.85,14.82,0.3,3,0,506.75,507.7
20-03-2019 07:00,498.6,31.76,52.01,6.21,0.31,3,0,503.67,506.72
20-03-2019 12:00,460.61,28.78,79.67,13.43,0.47,3,0,505.06,507.63
20-03-2019 14:00,598.18,27.89,37.29,5.68,0.13,3,0,507.73,507.37
20-03-2019 16:00,481.86,24.38,70.28,5.34,0.21,3,0,502.36,506.9
21-03-2019 00:00,571.7,27.72,73.13,0.76,0.13,4,0,490.78,506.62
21-03-2019 01:00,455.67,21.99,88.43,8.95,0.13,4,0,492.12,506.59
21-03-2019 04:00,570.22,28.06,34.62,13.8,0.16,4,0,497.32,507.47
21-03-2019 09:00,499.62,16.94,42.2,6.55,0.11,4,0,501.81,508.44
21-03-2019 19:00,474.49,27.42,31.98,13.53,0.01,4,0,496.49,506.79
21-03-2019 20:00,555.13,15.41,43.5,9.94,0.08,4,0,499.6,506.97
22-03-2019 08:00,560.57,33.43,45.83,0.95,0.02,5,0,492.64,506.78
22-03-2019 09:00,474.73,30.52,54.77,13.35,0.04,5,0,491.6,506.59
22-03-2019 20:00,472.09,29.91,87.84,7.68,0.19,5,0,498.02,507.78
23-03-2019 04:00,490.87,7.49,89.94,8.75,0.11,6,1,501.28,508.92
23-03-2019 05:00,472.27,37.44,56.01,12.23,0.08,6,1,501.89,508.69
23-03-2019 19:00,503.56,24.6,39.42,14.47,0.12,6,1,495.37,510.19
24-03-2019 06:00,450.78,38.37,40.8,3.81,0,7,1,476.58,506.51
24-03-2019 07:00,338.37,22.29,52.8,8.16,0.15,7,1,465.44,505.33
24-03-2019 13:00,507.17,25.62,41.9,6.18,0.37,7,1,473.93,505.86
24-03-2019 14:00,458.68,28.55,72.87,12.57,0.15,7,1,469.1,505.95
24-03-2019 15:00,480.39,6.67,77.15,2.73,0.54,7,1,467.86,505.7
24-03-2019 18:00,490.91,25.39,58.8,13.65,0.04,7,1,475.3,506.22
25-03-2019 03:00,499.83,20.08,34.84,3.91,0.52,1,0,477.41,505.21
25-03-2019 06:00,520.4,17.98,70.92,12.5,0.13,1,0,481.96,505.33
25-03-2019 09:00,521.67,26.16,46.03,14.79,0.92,1,0,488.6,505.36
25-03-2019 20:00,543.93,35.56,83.33,12.37,0.11,1,0,514.04,507.57
26-03-2019 05:00,418.45,29.27,88.47,1.42,0.04,2,0,518.68,507.17
26-03-2019 07:00,540.39,30.1,32.2,11.23,0.07,2,0,519.85,507.05
26-03-2019 15:00,475.15,15.22,72.01,7.05,0.08,2,0,513.23,506.8
26-03-2019 22:00,502.19,20.47,37.5,9.39,0.15,2,0,490.08,504.76
27-03-2019 01:00,525.63,27.16,76.82,11.99,0.54,3,0,495.98,505.64
27-03-2019 02:00,514.5,19,62.89,3.33,0.04,3,0,495.77,505.64
27-03-2019 03:00,502.2,22.57,32.2,8.62,0.06,3,0,495.71,505.99
27-03-2019 14:00,477.01,20.93,70.6,5.48,0.05,3,0,496.77,505.76
27-03-2019 20:00,450.46,6.41,71.46,3.06,0.06,3,0,500.94,506.55
27-03-2019 21:00,496.79,25.39,41.06,3.24,0.03,3,0,501.81,507.04
27-03-2019 22:00,421.32,12.16,36.14,6.91,0.11,3,0,498.44,506.82
27-03-2019 23:00,518.6,27.23,71.66,4.95,0.13,3,0,496.67,506.49
28-03-2019 05:00,470.23,24.74,83.54,10.21,0.39,4,0,490.04,505.18
28-03-2019 11:00,488.24,27.19,41.49,0.53,0.05,4,0,497.38,505.37
28-03-2019 18:00,458.53,21.53,55.94,6.7,0.03,4,0,486.22,504.56
29-03-2019 01:00,468.46,27.55,89.29,11.57,0.3,5,0,493.72,504.97
29-03-2019 04:00,489.76,30.93,86.45,0.55,0.03,5,0,494.27,505.16
29-03-2019 05:00,480.68,33.33,58.77,14.57,0.75,5,0,494.71,505.3
29-03-2019 07:00,461.52,11.52,53.58,8.71,0.03,5,0,487.83,505.39
29-03-2019 11:00,473.31,25.46,30.49,10.85,0.38,5,0,485.47,504.91
29-03-2019 21:00,529.76,17.18,87.11,8.85,0.03,5,0,495.07,503.77
30-03-2019 01:00,530.49,29.51,60.42,8.94,0.02,6,1,497.62,504.42
30-03-2019 08:00,457.46,29.3,33.79,1.37,0.36,6,1,497.77,503.75
30-03-2019 09:00,463.56,22.12,32.98,1.25,0.02,6,1,499,504.11
30-03-2019 22:00,483.2,19.27,56.07,8.29,0.31,6,1,503.33,505.49
31-03-2019 08:00,495.87,20.89,52.45,0.49,0.88,7,1,492.68,506.83
31-03-2019 11:00,516.83,23.78,67,14.37,0.23,7,1,490.1,507.03
31-03-2019 19:00,499.1,27.3,58.82,13.64,0.23,7,1,478.73,506.1
01-04-2019 06:00,461.44,26.69,58.19,4.04,0.06,1,0,486.64,506.84
01-04-2019 07:00,474.85,15.92,77.21,11.17,0.13,1,0,484.45,506.96
01-04-2019 10:00,479.65,27,86.1,11.04,0.37,1,0,486.46,506.14
01-04-2019 16:00,534.34,32.48,71.16,14.61,0.24,1,0,492.13,505.29
02-04-2019 00:00,545.89,32.38,51.37,14.76,0.31,2,0,486.66,502.01
02-04-2019 01:00,560.51,40.33,31.14,11.43,0.03,2,0,492.02,502.47
02-04-2019 05:00,611.66,18.79,41.95,2.16,0.39,2,0,494.61,503.69
02-04-2019 07:00,551.3,40.38,32.11,9.48,0.17,2,0,497.96,503.78
02-04-2019 18:00,462.6,16.11,54.86,12.21,0.37,2,0,493.39,501.36
02-04-2019 20:00,514.47,16.91,71.67,8.81,0.34,2,0,495.55,502.2
03-04-2019 13:00,514.98,33.67,86.88,8.91,0.12,3,0,495.82,502.7
03-04-2019 18:00,583.26,21.59,47.52,0.64,0.5,3,0,511.32,503.75
03-04-2019 21:00,540.25,29.25,47.67,13.8,0.43,3,0,513.07,503.93
04-04-2019 00:00,470.27,27.18,60.01,8.77,0.15,4,0,512.79,504.66
04-04-2019 01:00,478.87,25.26,39.79,6.54,0.22,4,0,510.92,504.62
04-04-2019 02:00,434.38,16.31,85.44,8.52,0.22,4,0,507.4,504.33
04-04-2019 04:00,516.26,36.78,74.03,2.68,0.47,4,0,505.15,504.59
04-04-2019 18:00,510.33,35.46,88.29,4.06,0.35,4,0,505.66,506.58
04-04-2019 22:00,547.08,25.85,62.52,9.13,0.15,4,0,503.05,506.17
04-04-2019 23:00,503.83,37.26,67.2,14.99,0.1,4,0,501.59,505.8
05-04-2019 08:00,506.22,36.2,33.99,0.53,0.05,5,0,503.78,506.63
05-04-2019 10:00,510.84,28.98,43.87,4.33,0.07,5,0,504.34,507.27
05-04-2019 12:00,518.26,26.51,65.59,14.96,0,5,0,498.32,507.16
05-04-2019 13:00,512.24,25.53,39.98,13.3,0.1,5,0,499.27,507.64
05-04-2019 15:00,528.68,16.13,86.41,3.67,0.25,5,0,501.72,507.74
05-04-2019 16:00,416.62,5.64,89.79,10.88,0.14,5,0,498.36,507.25
05-04-2019 19:00,450.75,26.3,61.17,4.35,0.15,5,0,496.54,506.72
06-04-2019 02:00,488.77,26.42,47.75,7.78,0.11,6,1,496.59,504.81
06-04-2019 22:00,410.55,25.94,42.71,11,0.02,6,1,494.9,505.28
07-04-2019 05:00,520.43,28.27,60,14.47,0.11,7,1,504.62,507.84
07-04-2019 06:00,465.12,29.46,82.97,0.79,0.39,7,1,500.13,508.09
07-04-2019 08:00,444.24,25.26,34.34,11.91,0,7,1,496.05,507.12
07-04-2019 12:00,472.35,11.72,43.48,4.76,0.09,7,1,489.24,507.66
07-04-2019 13:00,447.09,27.16,52.07,4.65,0.03,7,1,487.03,507.56
07-04-2019 17:00,586.53,26.31,30.71,14.4,0.18,7,1,496.28,508.65
08-04-2019 02:00,524.55,34.93,85.1,10.61,0.41,1,0,501.33,509.1
08-04-2019 08:00,434.65,28.31,49.28,4.8,0.01,1,0,501.83,509.94
08-04-2019 09:00,509.3,18.55,36.38,12.9,0.36,1,0,502.06,510.06
08-04-2019 10:00,528.08,21.35,32.46,7.49,0.38,1,0,504.6,510.35
08-04-2019 11:00,490.07,22.34,43.92,8.29,0.11,1,0,503.78,509.73
08-04-2019 12:00,518.54,19.16,65.02,11.26,0.2,1,0,505.7,510.2
08-04-2019 19:00,472.84,26.83,67.14,8.38,0.07,1,0,495.3,509.99
09-04-2019 06:00,554.65,20.88,86.44,14.88,0.02,2,0,494.49,509.64
09-04-2019 07:00,548.52,25.53,46.49,0.33,0.28,2,0,495.23,509.62
09-04-2019 09:00,502.73,23.33,87.31,6.11,0.29,2,0,498.54,509.41
09-04-2019 12:00,553.04,40.89,31.46,9.53,0.27,2,0,501.24,510.93
09-04-2019 15:00,445.7,18.72,87.56,14.24,0.26,2,0,502.32,510.35
10-04-2019 10:00,465.31,32.22,40.57,4.08,0.02,3,0,496.83,510.09
10-04-2019 17:00,376.12,22.86,86.06,3.91,0.04,3,0,487.14,508.93
11-04-2019 03:00,617.98,12.94,30.37,13.79,0.26,4,0,500.5,509.3
11-04-2019 08:00,494.6,37.58,33.65,2.49,0.08,4,0,501.61,509.67
11-04-2019 18:00,481.91,20.5,80.86,3.19,0.07,4,0,515.47,509.54
12-04-2019 08:00,485.97,15.76,38.88,0.49,0.07,5,0,493.25,508.13
12-04-2019 12:00,404.36,24.4,50.55,8.92,0.03,5,0,489.18,507.29
12-04-2019 22:00,522.5,30.05,81.68,0.38,0.39,5,0,497.22,508.65
13-04-2019 01:00,583.86,23.52,49.48,7.51,0.19,6,1,504.45,509.85
13-04-2019 02:00,549.78,28.1,76.6,10.69,0.05,6,1,504.43,510.23
13-04-2019 04:00,533.77,21.3,78.73,2.98,0.28,6,1,502.81,510.08
13-04-2019 12:00,453.85,23.19,46.72,4.79,0.1,6,1,517.35,509.67
13-04-2019 16:00,543.02,29.29,43.12,2.63,0.02,6,1,508.45,509.55
13-04-2019 17:00,361.63,24.4,86.73,9.59,0.38,6,1,505.71,508.91
14-04-2019 03:00,509.07,30.26,45.03,5.31,0.27,7,1,506.43,510.45
14-04-2019 15:00,495.18,26.15,77.39,14.84,0.06,7,1,506.37,511.76
14-04-2019 18:00,564.17,37.36,87.63,1.9,0.34,7,1,509.4,511.49
15-04-2019 06:00,497.6,37.18,84.84,3.23,0.16,1,0,498.2,509.84
15-04-2019 08:00,515.81,34.81,56.49,4.54,0.39,1,0,496.19,509.73
15-04-2019 09:00,568.31,15.74,88.23,10.45,0.26,1,0,496.66,510.09
15-04-2019 13:00,561.82,28.29,81.97,12.37,0.13,1,0,501.52,511.21
15-04-2019 16:00,464.08,16.21,46.36,0.33,0.61,1,0,500.05,511.42
15-04-2019 19:00,538.78,20.27,41.08,5.3,0.06,1,0,502.85,512.69
16-04-2019 16:00,459.81,30.13,50.9,7.46,0.21,2,0,507.34,512.57
16-04-2019 20:00,510.97,17.64,80.28,14.26,0.03,2,0,496.61,512.22
17-04-2019 02:00,487.65,24.25,83.68,12.34,0.03,3,0,484.94,511.62
17-04-2019 17:00,534.54,28.35,33.42,13.24,0.17,3,0,477.52,510.73
17-04-2019 23:00,533.78,27.17,54.94,8.44,0.01,3,0,492.77,511.33
18-04-2019 03:00,517.1,21.52,76.71,9.09,0.01,4,0,497.67,510.93
18-04-2019 07:00,451.28,35.63,33.93,10.42,0,4,0,501.9,510.03
18-04-2019 09:00,463.78,13.45,40.23,2.93,0.13,4,0,505.37,509.95
18-04-2019 14:00,475.99,32.95,35.89,14.7,0.09,4,0,510.78,510.69
18-04-2019 19:00,567.21,25.21,33.74,0.85,0.02,4,0,508.14,510.46
19-04-2019 07:00,514.61,24.4,38.53,14.62,0.16,5,0,519.35,513.78
19-04-2019 12:00,488.67,15.55,59.16,2.78,1.03,5,0,511.91,514.41
20-04-2019 04:00,523.94,21.86,47.69,12.46,1,6,1,497.06,512.21
20-04-2019 22:00,498.09,26.17,59.64,14.44,0.46,6,1,487.54,509.41
21-04-2019 01:00,464.18,34.98,60.53,5.84,0.03,7,1,486.76,509.24
21-04-2019 02:00,468.05,23.64,65.22,14.29,0.11,7,1,484.21,509.07
21-04-2019 16:00,498.27,26.07,42.39,7.18,0.08,7,1,485.03,508.05
22-04-2019 02:00,333.94,22.59,44.34,4.71,0.42,1,0,488.71,507.3
22-04-2019 03:00,470.49,25.91,76.61,9.64,0.01,1,0,489.73,507.44
22-04-2019 05:00,528.18,28.03,73.65,13.98,0.03,1,0,488.75,507.93
22-04-2019 09:00,497.16,23.47,39.58,11.51,0.39,1,0,480.16,507.19
22-04-2019 12:00,490.64,8.66,81.05,12.62,0.17,1,0,478.48,505.59
22-04-2019 14:00,518.56,34,69.54,7.53,0.34,1,0,481.32,505.15
22-04-2019 20:00,430.73,19.5,47.92,8.73,0.58,1,0,477.67,503.59
23-04-2019 01:00,416.35,19.2,42.16,4.52,0.02,2,0,481.43,503.3
23-04-2019 02:00,470.92,42.37,38.75,8.56,0.23,2,0,487.14,503.22
23-04-2019 09:00,541.45,27.73,78.65,12.14,0.03,2,0,496.23,504.6
23-04-2019 10:00,462.91,18.74,71.46,2.63,0.2,2,0,498.18,504.15
23-04-2019 13:00,521.88,25.02,75.15,6.98,0.74,2,0,499.77,503.15
24-04-2019 03:00,571.19,24.19,81.4,2.75,0.34,3,0,509.12,506.83
24-04-2019 04:00,558.56,27.46,84.65,11.06,0.01,3,0,515.34,507.33
24-04-2019 05:00,505.38,20.9,31.63,10.54,0.13,3,0,517.71,507.71
24-04-2019 06:00,436.06,29.11,65.79,5.85,0.15,3,0,509.96,507.36
24-04-2019 11:00,475.99,21.58,46.53,12.41,0.01,3,0,501.71,508.12
24-04-2019 15:00,444.93,25.53,78.32,3.67,0.27,3,0,495.38,506.74
24-04-2019 17:00,560.38,25.07,82.53,12.53,0.05,3,0,490.03,506.59
25-04-2019 01:00,466.81,27.73,66.59,1.19,0,4,0,493.06,506.07
25-04-2019 03:00,478.3,17.65,31.07,6.07,0.2,4,0,489.65,505.66
25-04-2019 15:00,504.7,25.65,39.79,0.26,0.02,4,0,520.36,507.89
26-04-2019 07:00,519.7,21.87,77.74,14.27,0.03,5,0,506.29,504.85
26-04-2019 18:00,531.3,31.32,34.23,14.3,0.28,5,0,500.83,505
26-04-2019 21:00,555.53,32.56,50.23,9.23,0,5,0,500.48,506.11
27-04-2019 02:00,511.18,27.31,73.31,3.13,0.23,6,1,511.21,507.37
27-04-2019 03:00,425.8,20.77,65.42,5.72,0.02,6,1,510.02,506.9
27-04-2019 06:00,562.65,22.34,79.66,11.01,0.23,6,1,514.09,507.73
28-04-2019 00:00,528.49,41.39,71.87,13.36,0.07,7,1,507.05,509.82
28-04-2019 06:00,470.44,28.92,72.43,1.08,0.21,7,1,501.39,510.22
28-04-2019 07:00,516.43,29.68,74.84,14.15,0.04,7,1,502.26,509.86
28-04-2019 15:00,523.22,32.57,36.06,3.72,0.32,7,1,502.52,510.53
28-04-2019 23:00,441.91,-4.1,71.05,13.4,0.29,7,1,497.87,509.92
29-04-2019 00:00,616.65,16.75,52.21,14.82,0.05,1,0,501.54,510.98
29-04-2019 02:00,500.63,21.42,33.75,4.39,0.13,1,0,503.61,512.5
29-04-2019 05:00,626.17,33.83,88.91,14.7,0.24,1,0,508.62,513.07
29-04-2019 13:00,446.11,27.1,70.18,13.79,0.01,1,0,497.78,512.84
29-04-2019 15:00,511.29,32.11,85.1,2.47,0.11,1,0,496.51,512.54
30-04-2019 01:00,545.15,33.51,73.9,6.13,0,2,0,494.78,513.43
30-04-2019 03:00,545.39,19.44,63.31,14.78,0.39,2,0,495.29,514.21
30-04-2019 09:00,408.75,21.14,47.91,10.92,0.16,2,0,498.25,513.38
30-04-2019 16:00,621.31,24.9,36.13,7.1,0.41,2,0,521.22,515.03
30-04-2019 18:00,548.86,20.87,56.94,1.54,0.05,2,0,524.2,515.58
30-04-2019 20:00,497.53,26.76,66.28,4.61,0.12,2,0,518.06,515.66
01-05-2019 01:00,498.43,21.2,88.6,3.16,0.3,3,0,520.52,515.82
01-05-2019 05:00,535.89,22.69,69.52,12.96,0.16,3,0,515.59,515.07
01-05-2019 20:00,455.91,33.51,33.22,13.46,0.06,3,0,509.59,518.5
01-05-2019 21:00,470.44,30.02,34.24,10.48,0.23,3,0,508.88,517.92
02-05-2019 01:00,462.31,28.32,81.71,10.67,0.18,4,0,507.91,517.98
02-05-2019 02:00,542.14,29.99,88.12,15,0.17,4,0,506.52,518.31
02-05-2019 03:00,473.06,17.45,50.46,8.38,0.92,4,0,511.58,518.28
02-05-2019 04:00,495.12,23.06,67.73,4.26,0.05,4,0,510.31,518.08
02-05-2019 07:00,500.38,27.17,35.74,13.83,0.03,4,0,499.71,516.4
02-05-2019 16:00,450.47,21.96,33.34,9.58,0.18,4,0,482.07,513.09
03-05-2019 02:00,471.41,26.28,74.15,5.11,0.01,5,0,484.94,514.26
04-05-2019 01:00,514.65,30.59,31.42,10.99,0.09,6,1,509.49,514.25
04-05-2019 03:00,416.43,22.25,46.6,13.38,0.06,6,1,504.75,514.3
04-05-2019 17:00,526.6,22.13,55.35,13.82,0.17,6,1,507.5,513.99
04-05-2019 18:00,448.5,18.43,67.59,1.44,0.09,6,1,506.93,514.03
04-05-2019 20:00,546.82,22.33,45.56,4.61,0.1,6,1,510.33,514.25
04-05-2019 22:00,461.36,22.91,52.16,8.96,0.72,6,1,504.36,513.9
05-05-2019 06:00,494.57,26.43,89.07,0.7,0.23,7,1,506.4,514.13
05-05-2019 08:00,543.65,34.01,69.99,10.41,0.14,7,1,504.79,514.43
05-05-2019 13:00,417.22,27.76,79.72,12.4,0.42,7,1,501.8,513.01
05-05-2019 15:00,573.72,25.17,54.51,6.43,0.01,7,1,502.29,513.65
05-05-2019 17:00,486.91,30.95,85.34,2.94,0.16,7,1,499.75,512.79
05-05-2019 20:00,504.75,23.63,68.52,14.22,0.08,7,1,496.37,513.58
05-05-2019 21:00,586.42,34.76,83.06,12.43,0.11,7,1,500.37,514.39
06-05-2019 18:00,482.62,32.54,61.95,12.92,0.18,1,0,499.87,514.01
07-05-2019 05:00,533.97,27.65,46.31,5.94,0.02,2,0,488.25,512.04
07-05-2019 13:00,461.99,32.46,71.98,4.22,0.14,2,0,492.72,511.29
07-05-2019 15:00,425.45,23.59,52.77,5.28,0.45,2,0,491.89,511.01
07-05-2019 22:00,428.9,29.13,67.13,3.62,0.2,2,0,496.85,509.1
07-05-2019 23:00,510.75,31.08,31.24,2.47,0.29,2,0,498.22,508.98
08-05-2019 02:00,459.51,13.54,74.92,6.93,0.04,3,0,503.83,508.77
08-05-2019 05:00,578.39,43.69,34.26,0.33,0.35,3,0,496.83,509.3
08-05-2019 13:00,429.28,26.92,45.74,1.27,0.01,3,0,500.56,508.11
08-05-2019 15:00,561.89,22.15,85.55,8.43,0.12,3,0,504.14,509.56
08-05-2019 19:00,499.89,20.09,70.97,6.17,0.33,3,0,508.95,509.18
09-05-2019 00:00,521.66,25.55,68.65,5.32,0.04,4,0,507.27,508.88
09-05-2019 02:00,427.8,27.39,79.12,5.35,0.13,4,0,500.79,507.93
09-05-2019 04:00,498.88,23.7,62.73,11.88,0.04,4,0,503.99,508.13
09-05-2019 06:00,593.76,27.93,72.27,6.91,0.2,4,0,504,509.8
09-05-2019 11:00,473.68,11.28,66.18,9.46,0.17,4,0,498.1,510.42
09-05-2019 14:00,551.65,21.8,63.93,0.51,0.26,4,0,502.76,511.16
09-05-2019 15:00,434.5,21.56,69.14,0.09,0.59,4,0,497.45,511.06
09-05-2019 20:00,561.61,36.58,64.87,8.52,0.7,4,0,494.93,510.27
10-05-2019 12:00,516.85,16.29,88.64,14.65,0.03,5,0,490.32,509.71
10-05-2019 16:00,520.42,30.85,48.16,0.04,0.73,5,0,500.77,510.11
10-05-2019 17:00,456.94,34.4,84.97,13.79,0.09,5,0,499.42,509.62
10-05-2019 19:00,423.74,31.4,33.59,14.59,0.27,5,0,494.2,509.09
10-05-2019 23:00,468.82,14.12,53.21,11.86,0.03,5,0,495.03,507.91
11-05-2019 06:00,493.97,29.38,65.06,3.48,0.04,6,1,494.45,508.23
11-05-2019 10:00,482,20.56,75.6,14.79,0.04,6,1,490.55,507.69
11-05-2019 17:00,513.96,17.5,57.35,11.36,0.5,6,1,491.71,507.32
11-05-2019 20:00,531.63,28.42,61.64,13.13,0.11,6,1,495.95,506.6
11-05-2019 22:00,386.55,19.14,86.36,3.73,0.12,6,1,488.65,505.82
12-05-2019 00:00,487.87,24.63,49.49,6.03,0,7,1,487.23,505.59
12-05-2019 01:00,629.01,20.1,43.03,4.8,0.11,7,1,493.3,505.78
12-05-2019 07:00,434.26,19.99,78.24,13.16,0.33,7,1,486.75,505.29
12-05-2019 08:00,493.25,16.97,65.38,13.08,0.14,7,1,486.84,504.98
12-05-2019 11:00,512.98,18.85,71.21,12.27,0.2,7,1,481.59,505.12
12-05-2019 17:00,515.45,16.61,56.98,1.1,0.89,7,1,491.16,506.07
13-05-2019 05:00,545.34,21.87,54.37,9.36,0.16,1,0,505.31,505.95
13-05-2019 19:00,427.45,17.11,76.93,10.68,0.07,1,0,517.5,508.93
14-05-2019 08:00,500.89,22.8,69.6,10.54,0.04,2,0,497.22,507
14-05-2019 11:00,450.5,33.58,51.4,7.23,0.08,2,0,491.8,506.1
14-05-2019 20:00,451.7,30.25,77.96,13.44,0.15,2,0,477.18,505.98
15-05-2019 04:00,433.53,27.85,68.42,12.82,0.09,3,0,483.47,505.79
15-05-2019 10:00,503.87,25.63,79.16,13.02,0.46,3,0,481.07,503.97
15-05-2019 11:00,544.46,17.52,58.61,14.94,0.3,3,0,484.99,504.04
15-05-2019 17:00,452.65,30.2,68.68,11.5,0.03,3,0,490.01,504.41
16-05-2019 00:00,558.74,26.08,58.55,12.09,0.43,4,0,500.35,504.38
16-05-2019 04:00,500.8,21.98,60.25,11.33,0.2,4,0,496.01,504.63
16-05-2019 06:00,530.52,15.09,37.64,13.9,0.35,4,0,503.5,504.2
16-05-2019 07:00,498.23,24.09,42.55,2.99,0.15,4,0,504.06,504.15
16-05-2019 09:00,479.62,26.07,51.98,13.5,0.11,4,0,499.6,504.03
16-05-2019 10:00,469.42,21.07,70.86,13.29,0.36,4,0,498.17,503.61
17-05-2019 00:00,548.31,28.64,79.91,11.7,0.16,5,0,502.01,506.04
17-05-2019 03:00,622.43,21.16,81.96,6.29,0.02,5,0,510.47,506.39
17-05-2019 06:00,521.56,33.14,47.56,0.6,0.04,5,0,508.74,506.38
17-05-2019 09:00,496.06,22.85,87.75,9.69,0.02,5,0,507.56,505.86
17-05-2019 13:00,383.2,21.2,59.36,7.82,0.8,5,0,502.6,505.7
17-05-2019 20:00,583.56,14.21,49.38,11.55,0.05,5,0,510.16,507.02
18-05-2019 00:00,550.88,27.58,62.92,6.32,0.05,6,1,508.19,507.87
18-05-2019 03:00,555.52,45,84.64,5.31,0.09,6,1,508.01,508.57
18-05-2019 04:00,554.13,26.35,43.11,2.64,0.09,6,1,513.19,508.88
18-05-2019 05:00,466.99,43.26,44.9,10.54,0.6,6,1,509.83,508.45
18-05-2019 17:00,508.09,24.43,86.24,3.37,0.22,6,1,512.28,508.66
19-05-2019 09:00,504.73,31.98,72.99,11.77,0.1,7,1,509.81,512.3
19-05-2019 11:00,497.11,40.84,70.96,13.87,0.35,7,1,507.44,512.3
19-05-2019 16:00,561.8,25.13,85.48,13.99,0.06,7,1,517.68,512.57
19-05-2019 20:00,499.64,26.1,47.6,4.84,0.81,7,1,510.56,511.93
20-05-2019 00:00,567.26,25.89,77.47,6.45,0.06,1,0,507.71,511.85
20-05-2019 07:00,555.61,26.39,61.39,0.42,0.3,1,0,503.42,511.07
20-05-2019 08:00,523.19,30.31,68.9,7.44,0.11,1,0,501.76,510.97
20-05-2019 18:00,483.56,22.53,36.26,6.71,0.1,1,0,502.53,509.56
21-05-2019 03:00,484.68,31.22,35.1,13.56,0.03,2,0,502.03,512.63
21-05-2019 04:00,544.94,42.57,83.13,12.82,0.01,2,0,507.31,512.48
21-05-2019 16:00,497.86,22.68,74.45,5.13,0.02,2,0,508.35,513.27
21-05-2019 20:00,442.19,20.01,34.27,3.67,0.03,2,0,504.04,514.44
21-05-2019 21:00,444.56,40.25,40.37,0.08,0.01,2,0,500.73,514.35
22-05-2019 00:00,482.37,29.69,84.5,10.39,0.42,3,0,505.42,515.39
22-05-2019 02:00,553.67,28.1,55.12,0.14,0.05,3,0,508.69,516.25
22-05-2019 03:00,540.73,27.02,75.26,9.49,0.13,3,0,511.03,515.82
22-05-2019 07:00,486.86,25.82,38.53,9.2,0.03,3,0,501,515.99
22-05-2019 09:00,443.79,36.49,55.01,11.86,0.07,3,0,499.76,515.6
22-05-2019 10:00,535.01,23.78,43.45,3.09,0.09,3,0,497.13,515.78
22-05-2019 13:00,535.39,25.76,78.2,4.36,0.14,3,0,497.6,514.18
22-05-2019 19:00,502.83,28.82,47.73,0.17,0.05,3,0,497.46,515.44
23-05-2019 11:00,519.21,33.98,64.85,12,0.5,4,0,492.53,514.44
23-05-2019 13:00,515.15,17.84,56.88,11.98,0.31,4,0,491.47,514.47
23-05-2019 19:00,478.7,28.72,70.72,14.37,0.35,4,0,493.19,514.67
24-05-2019 08:00,516.54,19.46,85.38,1.3,0.13,5,0,499.37,513.88
24-05-2019 11:00,524.08,29.43,71.7,8.56,0.01,5,0,505.32,513.98
24-05-2019 16:00,564.92,29.46,41.02,2.77,0.24,5,0,517.07,515.98
24-05-2019 20:00,391.94,28.14,37.96,0.94,0.19,5,0,506.41,513.87
24-05-2019 22:00,561.04,26.73,53.6,7,0.01,5,0,512.47,514.34
25-05-2019 00:00,481.46,40.91,51.47,9.83,0.11,6,1,508.01,513.69
25-05-2019 07:00,522.3,29,62.41,1.19,0.17,6,1,510.48,513.59
25-05-2019 14:00,515.48,19.58,71.49,0.67,0.1,6,1,501.26,514.15
25-05-2019 15:00,527.17,31.75,79.8,1.24,0.07,6,1,501.17,514.25
25-05-2019 19:00,472.41,20.82,86.62,9.4,0.58,6,1,500.21,513.49
26-05-2019 00:00,445.67,18.24,82.58,14.26,0.02,7,1,503.5,512.67
26-05-2019 08:00,522.64,26.45,41.8,13.47,0.35,7,1,513.8,513.95
26-05-2019 17:00,558.82,23.51,75.82,5.52,0.18,7,1,518.26,514.46
26-05-2019 21:00,495.53,19.56,34.84,11.57,0.19,7,1,511.12,513.98
27-05-2019 02:00,469.76,29.98,39.94,12.25,0.1,1,0,507.61,512.85
27-05-2019 19:00,538.46,17.67,80.56,5.59,0.25,1,0,491.01,512.21
27-05-2019 21:00,530.34,11.71,87.46,7.5,0.44,1,0,496.22,512.16
27-05-2019 23:00,429.12,28.39,54.26,7.07,0.12,1,0,492.61,512.28
28-05-2019 02:00,476.91,21.96,82.16,9.22,0.43,2,0,493.78,511.5
28-05-2019 04:00,556.32,30.09,42.25,0.14,0.19,2,0,493.94,511.27
28-05-2019 08:00,482.77,38.62,51.22,5.99,0.05,2,0,507.05,511.96
28-05-2019 13:00,496.14,22.91,39.58,5.54,0.16,2,0,505.58,511.45
29-05-2019 01:00,434.5,40.72,76.95,3.13,0.14,3,0,513.6,512.68
29-05-2019 10:00,401.02,28.61,81.68,7.18,0.29,3,0,516.82,513.97
29-05-2019 12:00,547.49,18.88,41.65,10.4,0.12,3,0,516.12,514.39
29-05-2019 23:00,434.29,20.31,83.03,11.63,0.47,3,0,488.26,511.57
30-05-2019 05:00,483.62,27.72,56.47,4.15,0.4,4,0,488.38,511.63
30-05-2019 11:00,497.75,21.37,56.03,1.12,0.41,4,0,488.7,513.57
30-05-2019 14:00,467.62,20.81,38.01,13.21,0.25,4,0,483.1,512.7
30-05-2019 18:00,546.22,28.85,36.29,14.39,0.11,4,0,486.81,511.67
30-05-2019 22:00,472.19,20.8,84.59,0.01,0.1,4,0,488.05,512.23
31-05-2019 02:00,526.04,33.5,32.99,13.1,0.35,5,0,495.84,512.34
31-05-2019 04:00,537.5,16.09,58.26,1.98,0.52,5,0,496.19,512.46
31-05-2019 05:00,415.66,29.01,51.62,2.91,0.14,5,0,493.36,511.9
31-05-2019 11:00,490.21,14.78,76.36,2.44,0.58,5,0,496.91,512.35
31-05-2019 12:00,526.9,25.77,47.3,14.11,0.22,5,0,499.4,512.06
31-05-2019 16:00,508.66,33.8,67.58,7.86,0.18,5,0,505.94,510.53
31-05-2019 17:00,408.72,33.34,51.31,2.29,0.17,5,0,502.55,510.31
01-06-2019 11:00,492.03,36.84,74.22,5.34,0.39,6,1,499.82,511.37
01-06-2019 19:00,534.17,27.75,51.49,8.61,0.51,6,1,506.79,512.06
01-06-2019 23:00,458.36,23.74,78.49,14.91,0.34,6,1,499.72,510.76
02-06-2019 06:00,575.6,32.1,52.1,3.6,0.01,7,1,504.19,509.29
02-06-2019 17:00,469.62,26.32,48.38,10.99,1.15,7,1,491,507.73
02-06-2019 18:00,464.2,28.44,54.14,12.13,0.01,7,1,489.92,507.9
02-06-2019 20:00,488.03,16.72,34.04,13.22,0.48,7,1,492.91,508.22
02-06-2019 21:00,486.34,10.71,64.47,0.29,0.13,7,1,492.13,508.17
02-06-2019 23:00,576.9,30.54,67.45,10.73,0.09,7,1,498.08,508.87
03-06-2019 03:00,487.59,28.31,55.48,4.31,0.02,1,0,497.1,508.58
03-06-2019 08:00,514.73,25.59,54.31,2.7,0.15,1,0,496.33,510.09
03-06-2019 09:00,467.66,19.31,70.66,12.3,0.34,1,0,494.62,510.25
03-06-2019 15:00,440.33,19.43,68.37,9.86,0.76,1,0,492.1,509.25
04-06-2019 01:00,484.59,26.91,53.27,8.16,0.23,2,0,495.33,509.17
04-06-2019 09:00,485.57,20.62,53.78,5.42,0.09,2,0,491.22,507.78
04-06-2019 13:00,538.38,44.02,82.02,2.41,0.05,2,0,498.27,508.51
04-06-2019 16:00,515.87,18.4,70.88,7.37,0.19,2,0,503.3,508.47
04-06-2019 18:00,517.55,24.37,55.03,12.7,0.03,2,0,504.99,508.63
04-06-2019 21:00,479.72,19.43,73.2,10.9,0.32,2,0,503.58,507.8
05-06-2019 01:00,493.29,27,40.81,3.67,0.01,3,0,500.97,507.33
05-06-2019 03:00,552.85,19.69,64.4,11.99,0.02,3,0,505.09,507.26
05-06-2019 06:00,514.66,27.76,52.43,7.5,0.03,3,0,503.87,505.95
05-06-2019 12:00,445.52,17.99,53.77,13.21,0.02,3,0,505.01,506.63
05-06-2019 16:00,545.96,29.5,50.71,6.82,0.37,3,0,499.86,507.47
05-06-2019 18:00,490.77,22.47,67.15,12.03,0.05,3,0,499.98,507.93
06-06-2019 01:00,558.51,23.33,86.89,12.06,0.08,4,0,496.84,507.84
06-06-2019 10:00,492.14,16.54,34.78,2.94,0.11,4,0,488.57,507.18
06-06-2019 11:00,497.05,36.03,46.55,4.17,0.32,4,0,488.19,507.18
06-06-2019 20:00,461.39,31.4,69.62,5.35,0.58,4,0,493.86,508.74
06-06-2019 21:00,532.67,26.9,32.6,1.87,0.25,4,0,497.35,508.93
07-06-2019 00:00,537.6,22.82,85.18,4.13,0.35,5,0,503.37,508.89
07-06-2019 04:00,513.5,10.32,80.71,4.14,0.14,5,0,504.49,508.28
07-06-2019 08:00,535.16,17.01,82.7,1.79,0.03,5,0,504.53,508.33
07-06-2019 11:00,463.33,15.3,48.05,1.29,0.18,5,0,500.05,507.63
07-06-2019 19:00,508.38,23.66,59.45,3.25,0.3,5,0,489.61,507.02
07-06-2019 23:00,420.46,13.46,63.58,0.54,0.17,5,0,488.81,506.57
08-06-2019 03:00,425.24,17.62,88.48,7.59,0.45,6,1,486.69,506.99
08-06-2019 04:00,500.4,16.55,85.11,4.6,0.39,6,1,486.14,507.16
08-06-2019 21:00,417.06,23.21,37.81,2.41,0.06,6,1,477.25,503.63
09-06-2019 05:00,480.44,18.8,38.65,14.85,0.5,7,1,478.52,503.53
09-06-2019 10:00,570.99,22.82,38.77,6.76,0,7,1,490.2,503.54
09-06-2019 17:00,648.48,33.79,85.02,8.08,0.53,7,1,500.91,505.21
09-06-2019 18:00,573.37,27.18,57.98,1.02,0.14,7,1,506.2,505.88
09-06-2019 21:00,537.68,21.55,30.43,9.74,0.01,7,1,508.39,506
10-06-2019 04:00,542.92,10.79,33.44,2.49,0.24,1,0,515.44,506.49
10-06-2019 08:00,397.45,29.8,71.81,3.15,0.28,1,0,513.3,506.01
10-06-2019 09:00,515.5,19.97,85.65,3.28,0.19,1,0,513.82,506.3
10-06-2019 13:00,577.86,27.65,42.03,12.26,0.07,1,0,516.59,507.17
10-06-2019 16:00,583.8,30.29,57.77,0.14,0.09,1,0,522.46,508.36
10-06-2019 19:00,512.11,22.57,32.22,10.82,0.1,1,0,517.38,508.39
10-06-2019 23:00,497.77,23.53,74.62,8.79,0.48,1,0,510.57,508.28
11-06-2019 03:00,483.19,22.05,41.25,6.15,0.04,2,0,504.77,507.95
11-06-2019 06:00,596.46,40.27,88.43,0.69,0.58,2,0,503.11,508.26
11-06-2019 11:00,569.35,24.19,33.99,13.51,0.06,2,0,501.56,508.34
11-06-2019 15:00,482.07,34.09,56.43,5.55,0.13,2,0,504.65,508.14
11-06-2019 16:00,427.49,28.59,51.25,1.68,0.19,2,0,498.14,507.6
12-06-2019 02:00,567.97,34.05,83.33,11.59,0.25,3,0,511.31,509.28
12-06-2019 11:00,530.82,26.06,70.88,5.3,0.04,3,0,521.33,509.92
12-06-2019 14:00,454.88,18.1,78.37,2.27,0.11,3,0,513.43,510.24
13-06-2019 06:00,551.94,24.05,70.3,14.35,0.07,4,0,502.47,510.69
13-06-2019 08:00,523.93,22.17,41.11,3.34,0.19,4,0,497.72,510.97
13-06-2019 09:00,507.8,24.56,51.57,2.65,0.19,4,0,496.69,510.76
13-06-2019 15:00,492.99,29.87,64.55,10.7,0.19,4,0,492.12,508.95
13-06-2019 17:00,495.34,20.06,32.27,13.89,0.21,4,0,496.45,509.44
14-06-2019 05:00,525.28,31.09,87.59,2.08,0,5,0,499.34,509.23
14-06-2019 06:00,449.6,33.3,79.23,1.16,0.55,5,0,495.08,509.14
14-06-2019 12:00,664.21,16.05,52.72,4.88,0.08,5,0,501.24,510.72
14-06-2019 15:00,543.45,24.57,58,0.05,0.45,5,0,506.24,511.54
14-06-2019 16:00,493.78,31.23,41.77,6.15,0.02,5,0,503.54,511.7
15-06-2019 05:00,549.77,24.21,61.12,11.08,0.37,6,1,503.99,512.16
15-06-2019 12:00,427.14,28.65,86.31,8.93,0.34,6,1,498.4,513.02
15-06-2019 13:00,602.02,20.75,50.2,0.96,0.39,6,1,501.02,513.77
15-06-2019 16:00,461.51,23.82,31.49,0.55,0.21,6,1,497.2,513.81
15-06-2019 19:00,547.02,28.93,89.87,8.31,0.09,6,1,500.25,514.98
16-06-2019 06:00,428.35,38.36,86.89,7.76,0.08,7,1,502.9,515.99
16-06-2019 09:00,511.01,26.58,50.43,2.14,0.42,7,1,505.15,516.07
16-06-2019 13:00,458.76,20.89,68.86,11.99,0.75,7,1,501.11,515.12
16-06-2019 14:00,529.34,32.19,80.39,5.91,0.1,7,1,503.18,515.65
16-06-2019 15:00,486.55,24.19,46.04,12.64,0.14,7,1,503,515.14
17-06-2019 05:00,536.15,15.6,71.73,8.84,0.18,1,0,507.98,515.08
17-06-2019 13:00,431.81,15.5,54.42,4.33,0.09,1,0,507.98,513.87
17-06-2019 15:00,465.96,23.27,52.63,4.36,0.08,1,0,506.74,513.61
17-06-2019 20:00,451.18,14.83,37.58,11.76,0.23,1,0,497.51,512.2
17-06-2019 22:00,522.45,32.47,33.55,6.42,0.16,1,0,499.15,512.86
17-06-2019 23:00,587.41,17.02,67,6.74,0.61,1,0,502.4,513.41
18-06-2019 00:00,584.13,30.8,66.82,2.88,0.15,2,0,506.41,514.62
18-06-2019 01:00,482.89,26.57,41.98,11.38,0.45,2,0,505.46,514.39
18-06-2019 10:00,488.61,31.68,39,13,0.11,2,0,504.83,514.87
18-06-2019 23:00,469.28,11.58,40.9,12.16,0.03,2,0,501.29,512.85
19-06-2019 08:00,472.72,27.15,33.2,8.97,0.13,3,0,498.29,511.99
19-06-2019 13:00,444.99,31.41,56.14,9.37,0.22,3,0,503.29,511.16
19-06-2019 14:00,546.96,18.4,57.47,1.03,0.14,3,0,505.69,511.72
19-06-2019 15:00,466.44,14.66,89.54,6.6,0.02,3,0,504.96,511.62
20-06-2019 03:00,490.91,28.49,69.88,4.15,0.13,4,0,495.12,512.18
20-06-2019 05:00,501.83,16.91,84.63,5.38,0.03,4,0,498.22,512.5
20-06-2019 08:00,421.34,26.16,57.08,1.53,0.2,4,0,495.68,511.7
20-06-2019 14:00,441.55,25.52,39.78,10,0.15,4,0,495.55,512.28
20-06-2019 18:00,500.52,23.15,53.61,4.11,0,4,0,491.6,511.85
21-06-2019 04:00,524.73,16.69,83.3,10.58,0.2,5,0,494.9,511.99
21-06-2019 19:00,508.52,30.65,47.33,11.05,0.35,5,0,491.2,509.14
21-06-2019 23:00,500.58,17.82,88.09,14.4,0.14,5,0,491.37,509.4
22-06-2019 04:00,433.47,18.66,66.76,3.82,0.84,6,1,486.42,509.58
22-06-2019 06:00,482.58,16.42,70.19,10.97,0.57,6,1,486.03,508.69
22-06-2019 08:00,497.89,21.17,74.5,13.33,0.14,6,1,487.29,509.06
22-06-2019 15:00,525.44,23.93,42.81,13.62,0.35,6,1,493.19,509.48
22-06-2019 21:00,502.11,23.17,59.55,6.49,0.06,6,1,490.66,507.73
23-06-2019 05:00,487.02,35.28,75.01,1.34,0.25,7,1,502.42,508.3
23-06-2019 06:00,458.4,23.64,63.55,14.1,0.09,7,1,501.41,508.48
23-06-2019 11:00,371.09,26.87,59.83,0.91,0.3,7,1,490.55,507.26
23-06-2019 21:00,499.56,19.8,88.55,11.41,0.07,7,1,492.12,505.83
24-06-2019 00:00,548.26,34.87,86.97,13.97,0.35,1,0,491.23,506.08
24-06-2019 11:00,451.29,18.22,88.18,5.15,0.12,1,0,498.32,505.91
24-06-2019 14:00,532.69,29.44,39.81,5.88,0.12,1,0,500.65,506.73
24-06-2019 19:00,450.26,18.95,74.8,12.87,0.22,1,0,509.14,507.13
24-06-2019 21:00,539.44,31.44,78.87,10.69,0.03,1,0,507.55,507.18
24-06-2019 23:00,436.44,11.97,82.36,11.3,0.13,1,0,507.44,506.44
25-06-2019 07:00,457.32,25.79,60.69,2.96,0.13,2,0,504.22,506.05
25-06-2019 08:00,513.19,35.09,78.34,8.95,0.15,2,0,507.24,505.65
25-06-2019 09:00,512.05,31.25,76.17,7.88,0.13,2,0,506,506.03
25-06-2019 11:00,541.62,42.58,43.97,12.03,0.2,2,0,507.67,506.27
25-06-2019 20:00,435.93,21.45,31.86,2.82,0.24,2,0,504.12,506.89
25-06-2019 21:00,496.41,29.39,45.8,4.2,0.09,2,0,502.33,506.65
26-06-2019 02:00,458.58,33.4,72.36,8.78,0.25,3,0,496.11,506.2
26-06-2019 04:00,476.87,22.86,87.6,0.4,0.07,3,0,491.81,504.8
26-06-2019 06:00,487.89,22.69,73.91,6.37,0.06,3,0,492.56,505.02
26-06-2019 09:00,384.76,33.48,73.59,5.16,0.25,3,0,489.96,504.36
26-06-2019 16:00,500.59,26.35,84.51,3.01,0.02,3,0,483.79,505.05
26-06-2019 20:00,492.59,29.15,40.25,9.55,0.17,3,0,485.11,504.46
26-06-2019 21:00,455.67,42.19,77.65,11.86,0.29,3,0,483.41,504.37
27-06-2019 05:00,596.32,18.94,68.46,11.53,0.29,4,0,490.48,504.03
27-06-2019 11:00,487.31,22.32,70.79,11.67,0.05,4,0,486.14,502.77
28-06-2019 00:00,508.32,40.09,33.27,2.87,0,5,0,504.19,505.65
28-06-2019 01:00,561.81,23.85,60.83,6.13,0.54,5,0,507.48,505.94
28-06-2019 03:00,542.72,28.07,64.65,12.61,0.07,5,0,513.41,506.68
28-06-2019 07:00,566.93,24.7,56.7,10.59,0.16,5,0,522.92,507.77
28-06-2019 08:00,455.18,17.32,36.36,11.55,0.27,5,0,524.69,507.43
28-06-2019 09:00,475.72,25.56,69.62,14.88,0.09,5,0,521.44,507.26
29-06-2019 06:00,523.22,22.4,30.98,14.54,0.08,6,1,515.35,511.67
29-06-2019 10:00,619.92,17.93,79.37,3.69,0.13,6,1,522.84,513.43
29-06-2019 13:00,472.56,30.3,89.8,3.82,0.28,6,1,522.38,513.11
29-06-2019 19:00,468.19,8.89,56.3,12.39,0.56,6,1,518.76,514.31
29-06-2019 21:00,592.75,37.6,75.77,5.47,0.16,6,1,518.45,514.78
30-06-2019 02:00,474.59,12.37,85.64,6.14,0.1,7,1,527.27,514.16
30-06-2019 18:00,504.96,29.31,32.14,12.96,0.29,7,1,512.02,517.29
01-07-2019 00:00,517.92,27.88,45.41,8.77,0.03,1,0,498.87,516.32
01-07-2019 04:00,472.66,28.91,46.68,0.23,0.13,1,0,494.79,515.16
01-07-2019 10:00,633.98,8.48,60.67,5.55,0.03,1,0,501.04,515.98
01-07-2019 14:00,417.27,25.15,31.36,10.8,0.15,1,0,498.37,515.23
01-07-2019 16:00,515.74,30.67,40.1,5.93,0.1,1,0,495.46,515.3
01-07-2019 20:00,517.49,20.02,79.8,5.39,0.72,1,0,492.6,515.35
02-07-2019 01:00,547.05,22.46,79.7,0.56,0.09,2,0,497.26,513.83
02-07-2019 02:00,498.82,31.16,83.49,14.09,0.21,2,0,501.07,514.11
02-07-2019 03:00,560.81,30.89,48.17,6.33,0.92,2,0,501.9,513.99
02-07-2019 11:00,492.78,19.18,75.43,7.53,0.06,2,0,495.9,514.38
02-07-2019 22:00,539.61,23.9,84.08,13,0.43,2,0,504.45,515.26
03-07-2019 00:00,454.69,33.22,41.54,8.12,0.29,3,0,506.89,514.57
03-07-2019 02:00,415.08,23.13,76.73,9.67,0.1,3,0,504.16,515.28
03-07-2019 08:00,495.92,32.41,88.78,14.26,0.29,3,0,502.83,515.87
03-07-2019 15:00,414.63,28.55,67.2,4.73,0.07,3,0,496.66,515.74
03-07-2019 16:00,470.79,30.9,70.51,13.32,0.05,3,0,496.69,515.56
03-07-2019 20:00,470.7,16.61,58.05,11.16,0.08,3,0,499.88,517.01
03-07-2019 22:00,532.72,29.29,30.23,13.96,0.04,3,0,501.61,517.88
04-07-2019 01:00,599.44,18.16,86.81,1.11,0,4,0,506.33,518.78
04-07-2019 03:00,511.71,29.12,70.77,14.54,0.04,4,0,507.49,518.65
04-07-2019 16:00,474.1,18.47,82.22,10.82,0.17,4,0,513.33,518.48
04-07-2019 20:00,567.29,24.6,85.44,3.63,0.2,4,0,501.75,517.22
05-07-2019 05:00,433.94,17.65,76.35,4.82,0.1,5,0,501.11,516.22
05-07-2019 14:00,472.18,28.69,89.57,10.06,0.3,5,0,503.91,516.44
06-07-2019 02:00,505.76,28.65,87.81,8,0.2,6,1,524.1,518.51
06-07-2019 12:00,391.87,25.18,62.41,2.89,0.02,6,1,511.77,515.72
06-07-2019 14:00,535.28,21.93,62.11,1.69,0,6,1,519.45,516.29
06-07-2019 16:00,413.49,21.21,75.18,0.59,0.26,6,1,514.38,515.5
06-07-2019 23:00,491.56,24.13,34.08,2.12,0.06,6,1,503.45,513.69
07-07-2019 01:00,421.55,21.93,47.27,11.23,0.02,7,1,493.56,513.41
07-07-2019 05:00,478.89,19.11,89.57,0.52,0.16,7,1,492.3,513.42
07-07-2019 06:00,489.1,23.6,42.26,11.01,0.44,7,1,495.19,512.99
07-07-2019 08:00,592.76,27.87,61.71,4.7,0.37,7,1,497.42,513.87
07-07-2019 11:00,526.98,28.08,57.12,0.16,0.06,7,1,492.6,513.79
07-07-2019 15:00,508.34,24.05,59.55,3.83,0.55,7,1,493.97,513.55
07-07-2019 19:00,538.39,31.97,35.69,7.95,0.01,7,1,511.67,514.09
07-07-2019 20:00,490.27,26.26,77.62,13.18,0.08,7,1,511.28,513.95
08-07-2019 10:00,506.08,25.13,42.89,11.91,0.2,1,0,503.01,513.96
08-07-2019 18:00,585.38,20.19,48.38,6.62,0.07,1,0,500.2,514.98
08-07-2019 21:00,536.28,14.23,80.15,2.56,0.13,1,0,503.5,516.3
08-07-2019 22:00,572,28.36,65.66,9.9,0.58,1,0,507.48,516.42
08-07-2019 23:00,553.78,19.74,56.26,13.76,0.32,1,0,510.1,516.89
09-07-2019 01:00,553.43,21.32,31.09,6.09,0.58,2,0,510.52,517.51
09-07-2019 03:00,424.89,24.72,34.09,3.1,0.3,2,0,507.87,516.36
09-07-2019 05:00,503.43,30.68,84.23,12.03,0.3,2,0,509.49,516.3
09-07-2019 11:00,418.18,34.55,43.78,13.45,0.07,2,0,504.81,515.15
09-07-2019 14:00,470.58,14.63,65.23,0.07,0.3,2,0,502.07,514.71
09-07-2019 16:00,532.3,18.38,80.87,11.69,0.13,2,0,506.15,515.36
09-07-2019 18:00,534.12,22.98,47.87,6.34,0.08,2,0,500.88,514.99
09-07-2019 19:00,514.49,31.23,87.14,9.44,0.14,2,0,499.57,514.81
10-07-2019 01:00,458.71,13.84,57.54,1.95,0.26,3,0,488.62,514.74
10-07-2019 05:00,575.71,30.9,57.91,13.37,0.17,3,0,500.76,515.88
10-07-2019 06:00,382.08,18.23,86.53,8.38,0.16,3,0,496.98,515.63
10-07-2019 08:00,502.77,17.42,37.05,4.03,0.07,3,0,501.92,515.71
11-07-2019 01:00,518.12,21.21,51.32,4.6,0.41,4,0,502.83,514.23
11-07-2019 12:00,473.9,29.42,42.15,1.08,0.31,4,0,495.59,513.15
11-07-2019 19:00,456.65,24.72,33.91,6.02,1.36,4,0,481.07,513.78
11-07-2019 21:00,553.37,29.02,57.09,0.86,0.04,4,0,489.17,513.52
12-07-2019 03:00,468.63,24.58,79.8,12.42,0.19,5,0,483,511.61
12-07-2019 05:00,503.31,39.6,78.33,11.88,0.09,5,0,488.88,511.87
12-07-2019 09:00,475.67,21.53,62.07,9.8,0.14,5,0,484.98,510.33
12-07-2019 21:00,468.48,17.49,47.75,13.5,0.05,5,0,503.79,511.45
13-07-2019 06:00,470.75,33.85,68.5,2.97,0.41,6,1,509.25,510.43
13-07-2019 07:00,558.69,28.82,76.43,10.07,0.07,6,1,510.84,510.73
14-07-2019 08:00,551.24,31.91,88.77,4.21,0.39,7,1,492.44,509.57
15-07-2019 12:00,443.77,16.12,34.19,4.07,0.22,1,0,509.64,510.21
15-07-2019 21:00,510.16,26.27,37.96,0.29,0.02,1,0,509.71,508.37
15-07-2019 22:00,534.86,23.81,82.07,0.51,0.33,1,0,509.22,508.14
16-07-2019 02:00,528.68,15.51,49.5,5.41,0.03,2,0,509.65,507.96
16-07-2019 04:00,531.99,25.65,60.58,9.32,0.13,2,0,503.75,508.58
16-07-2019 07:00,398.8,17.94,33.39,2.12,0.04,2,0,499.69,508.23
16-07-2019 09:00,550.24,19.11,59.83,6.74,0.02,2,0,499.94,508.79
16-07-2019 11:00,520.08,37.43,80.56,11.55,0.1,2,0,495.64,509.1
16-07-2019 13:00,450.19,32.16,55.35,6.05,0.41,2,0,495,508.65
16-07-2019 14:00,517.48,16.28,42.23,0.01,0.12,2,0,497.5,508.93
16-07-2019 16:00,605.52,19.48,60.01,3.9,0.07,2,0,503.79,509.16
16-07-2019 20:00,466.95,27.71,48.98,1.63,0.01,2,0,504.15,508.65
17-07-2019 08:00,428.53,31.96,42.18,8.58,0.06,3,0,503.2,508.51
17-07-2019 09:00,564.31,22.46,37.38,8.83,0.36,3,0,503.79,508.77
17-07-2019 17:00,567.55,28.65,34.78,8.72,0.76,3,0,512.9,509.13
17-07-2019 23:00,476.34,33.29,82.99,5.57,0.12,3,0,508.79,510.75
18-07-2019 05:00,475.09,28.67,70.71,7.18,0.19,4,0,504.4,510.7
18-07-2019 07:00,471.53,24.06,80.78,11.47,0.14,4,0,507.68,511.5
18-07-2019 12:00,463.75,18.53,89.6,13.86,0.06,4,0,504.89,510.56
18-07-2019 17:00,528.33,15.53,66.14,4.5,0.01,4,0,502.16,512.07
18-07-2019 22:00,521.98,31.73,69.48,13.99,0.11,4,0,510.16,513.83
19-07-2019 02:00,449.72,29.01,81.19,5.2,0.23,5,0,513.31,514.63
19-07-2019 06:00,467.81,8.5,47.12,1.79,0.2,5,0,503.26,513.62
19-07-2019 16:00,473.77,31.44,37.96,4.52,0.66,5,0,515.45,514.38
19-07-2019 20:00,411.45,32.15,81.16,0.99,0.22,5,0,501.45,512.7
19-07-2019 22:00,532.1,30,51.17,8.79,0.06,5,0,497.89,512.76
20-07-2019 01:00,508.52,20.36,56.27,6.72,0.42,6,1,497.75,513.1
20-07-2019 13:00,452.44,24.43,68.16,2.36,0.05,6,1,477.84,511.44
20-07-2019 16:00,583.6,29.59,84.23,13.24,0.02,6,1,480.33,512.08
21-07-2019 01:00,526.05,18.85,74.69,3.22,0.18,7,1,477.01,511.07
21-07-2019 02:00,469.63,23.33,74.55,13.83,0.29,7,1,479.68,510.84
21-07-2019 04:00,464.78,30.4,70.53,4.27,0.12,7,1,481.3,510.93
21-07-2019 11:00,475.53,21.94,77.28,4.41,0.13,7,1,491.73,511.17
21-07-2019 13:00,536.67,35.38,76.44,7.19,0.07,7,1,495.42,511.57
21-07-2019 16:00,455.47,34.55,47.88,1.05,0.45,7,1,493.66,511.59
21-07-2019 18:00,590.84,25.18,80.16,11.1,0.12,7,1,500.36,512.42
21-07-2019 20:00,545.44,3.7,54.42,13.47,0.07,7,1,507.58,513.61
21-07-2019 22:00,534.97,13.99,68.51,11.3,0.16,7,1,518.82,513.52
22-07-2019 01:00,432.25,37.49,58.9,4.47,0.13,1,0,512.06,513.09
22-07-2019 02:00,503.45,18.32,77.44,8.39,0.22,1,0,513.47,513.09
22-07-2019 06:00,624.27,24.97,66.01,7.19,0.02,1,0,515.31,511.37
22-07-2019 12:00,571.91,16.85,32.15,6.76,0.88,1,0,509.39,511.31
22-07-2019 15:00,536.93,36.78,36.78,12.58,0.57,1,0,507.84,512
22-07-2019 16:00,470.43,13.19,78.71,13.6,0.43,1,0,508.47,512.08
22-07-2019 17:00,569.4,29.03,82.54,13.63,0.1,1,0,511.24,512.49
22-07-2019 23:00,410.75,23.95,83.46,14.39,0.17,1,0,490.76,511.52
23-07-2019 05:00,425.81,20.73,46.94,8.62,0.18,2,0,494.09,509.69
23-07-2019 10:00,424.34,37.41,63.48,12.41,0.21,2,0,493.39,510.57
23-07-2019 11:00,434.77,30.38,74.51,0.32,0.32,2,0,492.37,510.05
23-07-2019 17:00,530.49,26.6,51.5,10.52,0.41,2,0,480.24,509.26
23-07-2019 18:00,518.89,33.53,64.04,1.54,0.26,2,0,482.34,508.94
23-07-2019 19:00,587.67,26.29,89.22,4.19,0.07,2,0,483.07,509.36
24-07-2019 00:00,602.74,23.91,41.72,8.08,0.09,3,0,495.65,510.07
24-07-2019 01:00,557.45,35.2,37.87,10.34,0.59,3,0,498.09,510.6
24-07-2019 02:00,508.48,22.79,76.81,5.06,0.09,3,0,503.09,510.9
24-07-2019 03:00,510.02,28.97,44.43,14.85,0.14,3,0,502.72,510.73
24-07-2019 04:00,572.24,20.05,30.55,5.61,0.19,3,0,506.85,511.24
24-07-2019 05:00,528.98,13.99,47.93,10.7,0.04,3,0,511.15,511.44
24-07-2019 08:00,523.06,40.04,35.61,13.62,0.01,3,0,507.68,511.65
24-07-2019 14:00,589.16,19.12,77.39,14.17,0.34,3,0,525.44,512.71
24-07-2019 15:00,503.72,7.12,33.08,5.74,0.1,3,0,529.85,512.57
24-07-2019 18:00,489.27,26.96,60.46,12.79,0.27,3,0,535.18,512.35
24-07-2019 20:00,482.31,30.27,70.6,3.11,0.13,3,0,529.8,512.9
25-07-2019 03:00,543.26,32.64,85.38,11.95,0.08,4,0,523.24,513.55
25-07-2019 05:00,573.57,28.89,87.7,14.72,0.03,4,0,523.54,514.23
25-07-2019 15:00,514.81,23.71,41.49,6.59,0.2,4,0,519.52,515.19
25-07-2019 20:00,465.72,34.43,69.82,12.18,0.4,4,0,514.68,513.62
25-07-2019 22:00,453.56,33.83,60.96,8.47,0.01,4,0,506.53,512.39
26-07-2019 01:00,557.61,25.56,63.81,3.49,0.13,5,0,511.17,512.43
26-07-2019 05:00,531.45,26.24,64.08,13.38,0.1,5,0,502.83,513.15
26-07-2019 17:00,466.69,17.7,77.35,7.21,0.14,5,0,484.2,510.35
27-07-2019 04:00,575.56,28.8,57.84,11.94,0.03,6,1,505.54,513.76
27-07-2019 06:00,551.07,21.83,48.96,10.39,0.03,6,1,504.92,513.69
27-07-2019 17:00,470.17,34.37,54.63,9.91,0.11,6,1,503.15,513.76
27-07-2019 20:00,611.02,19.94,61.91,14.72,0.14,6,1,501.88,514.85
28-07-2019 00:00,478.95,28.62,43.56,14.12,0.21,7,1,497.61,515.38
28-07-2019 05:00,425.64,25.67,65.83,10.63,0.44,7,1,494.72,515.25
28-07-2019 07:00,494.94,34.89,64.72,12.72,0.34,7,1,492.16,515.26
28-07-2019 22:00,491.85,29.43,59.25,5.5,0.04,7,1,490.17,511.98
29-07-2019 15:00,522.04,40.36,72.66,13.06,0.07,1,0,488.65,511.3
29-07-2019 17:00,510.53,24.55,55.22,8.17,0.23,1,0,492.71,511.4
30-07-2019 00:00,505.55,20.59,30.05,3.34,0.01,2,0,495.72,511.68
30-07-2019 02:00,622.09,30.46,57.97,13.93,0.12,2,0,499.65,512.58
30-07-2019 10:00,597.18,21.34,67.67,7.38,0.17,2,0,507.14,514.12
30-07-2019 14:00,485.65,30.71,33.87,14.75,0.21,2,0,508.42,514.2
30-07-2019 19:00,508.5,23.1,58.71,9.3,0.19,2,0,503.53,514.04
30-07-2019 22:00,498.11,32.71,76.78,4.54,0.01,2,0,503.74,514.15
31-07-2019 02:00,557.66,15.01,82.59,1.22,0.08,3,0,518.44,514.82
31-07-2019 08:00,501.17,35.99,36.4,1.41,0.06,3,0,516.97,514.01
31-07-2019 11:00,581.74,19.61,77.74,14.05,0.27,3,0,513.85,513.61
31-07-2019 17:00,505.08,18.66,82.21,3.36,0.12,3,0,523.85,512.67
31-07-2019 18:00,507.2,28.52,61.09,14.03,0.05,3,0,523.23,512.78
01-08-2019 09:00,479.31,27.18,48.5,0.89,0.01,4,0,512.29,511.99
01-08-2019 10:00,505.63,11.52,43.81,14.79,0.02,4,0,515.04,511.42
01-08-2019 14:00,457.2,22.35,67.95,6.17,0.29,4,0,514.41,512.12
01-08-2019 19:00,514.55,23.94,86.05,1.25,0.22,4,0,516.59,512.7
01-08-2019 23:00,509.64,29.68,85.15,10.73,0.13,4,0,511.92,514.06
03-08-2019 09:00,395.28,36.06,56.92,1.4,0.03,6,1,497.04,511.26
03-08-2019 13:00,566.13,25.58,39.22,9.31,0.06,6,1,491.43,512.21
03-08-2019 16:00,581.19,34.88,56.95,7.62,0.42,6,1,496.79,513.61
03-08-2019 18:00,504.62,34.97,76.35,14.48,0.06,6,1,492.41,513.95
04-08-2019 00:00,545.13,26.2,84.27,1.17,0.16,7,1,483.98,512.77
04-08-2019 02:00,498.93,29.42,75.01,1.03,0.17,7,1,487.24,512.84
04-08-2019 06:00,400,28.96,40.37,9.89,0.02,7,1,492.73,513.2
04-08-2019 07:00,395.09,17.87,66.27,12.4,0.13,7,1,490.03,512.59
04-08-2019 13:00,485.23,33.91,89.6,14.78,0.12,7,1,494.44,512.01
04-08-2019 21:00,455.06,27.84,75.18,13.92,0.03,7,1,501.91,513.16
04-08-2019 23:00,473.84,7.17,85.15,10.1,0.25,7,1,488.85,512.35
05-08-2019 02:00,664.29,28.67,65.84,13.68,0.08,1,0,492.1,513.67
05-08-2019 05:00,528.44,38.56,33.69,9.02,1.22,1,0,493.68,514.36
05-08-2019 12:00,428.54,26.07,65.01,3.43,0.27,1,0,507.76,515.46
05-08-2019 14:00,577.67,27.81,68.88,0.77,0.01,1,0,512.9,516.52
05-08-2019 19:00,504.06,28.13,51.99,14.98,0.16,1,0,514.98,516.22
05-08-2019 20:00,508.94,28.05,66.4,12.97,0.6,1,0,514.08,516.39
06-08-2019 01:00,449.47,35.32,53.17,9.82,0,2,0,523.36,516.87
06-08-2019 02:00,487.28,26.88,78.16,1.54,0.14,2,0,515.99,516.05
06-08-2019 04:00,507.4,29.95,74.42,11.31,0.08,2,0,510.68,516.24
06-08-2019 08:00,544.02,21,73.34,6.17,0.26,2,0,506.73,516.34
06-08-2019 12:00,565.75,6.6,48.23,8.98,0.41,2,0,509.82,515.83
06-08-2019 15:00,496.48,21.51,65.08,7.31,0.15,2,0,504.29,516.24
06-08-2019 21:00,433.53,29.47,79.1,1.43,0.28,2,0,501.23,515.29
07-08-2019 01:00,429.71,29.19,46.33,14.31,0.18,3,0,494.95,513.06
07-08-2019 03:00,530.91,22.61,84.44,4.34,0,3,0,494.61,512.9
07-08-2019 04:00,520.83,31.7,59.15,8.41,0.38,3,0,495.17,512.95
07-08-2019 05:00,480.72,23.11,30.43,10.34,0.1,3,0,495.71,513.24
07-08-2019 07:00,505.36,34.24,36.03,4.4,0.21,3,0,496.48,513.09
07-08-2019 09:00,489.46,32.79,52.9,11.93,0.28,3,0,493.04,512.64
07-08-2019 13:00,475.15,13.89,71.42,1.51,0.02,3,0,502.14,513.79
07-08-2019 14:00,495.75,21.23,89.4,7.24,0.01,3,0,501.12,513.81
07-08-2019 17:00,595.1,32.55,67.02,7.22,0.01,3,0,501.24,513.09
07-08-2019 21:00,447.33,14.3,73.58,1.91,0.2,3,0,501.55,512.34
08-08-2019 03:00,493.33,33.61,55.43,7.96,0.1,4,0,508.58,511.98
08-08-2019 07:00,551.39,33.13,63.87,0.26,0.25,4,0,505.61,511.37
08-08-2019 13:00,574.26,25.71,52.78,9.06,0.28,4,0,497.92,511.17
08-08-2019 20:00,561.23,16.95,51.65,12.88,0.13,4,0,499.9,510.46
09-08-2019 04:00,506.24,13.69,65.23,11.3,0.29,5,0,502.29,510.89
09-08-2019 05:00,460.87,22.82,52.55,6.15,0.02,5,0,502.56,510.65
09-08-2019 09:00,451.98,35.95,64.57,6.47,0.22,5,0,498.33,510.69
09-08-2019 14:00,496.1,18.62,56.78,1.92,0.21,5,0,488.72,508.86
09-08-2019 21:00,463.92,38.7,77.15,3.73,0.26,5,0,496.95,509.91
10-08-2019 03:00,452.8,25.98,89.51,6.71,0.03,6,1,493.17,509.54
10-08-2019 04:00,450.52,26.16,59.25,7.56,0.17,6,1,490.85,509.25
10-08-2019 10:00,613.13,17.94,79.82,13.75,0.04,6,1,496.98,510.81
10-08-2019 19:00,469,11.79,88.35,12.16,0.24,6,1,497.76,510.94
10-08-2019 21:00,474.31,26.1,71.42,11.46,0.06,6,1,494.71,511.93
11-08-2019 02:00,499.22,31.95,85.99,9.69,0.07,7,1,493.2,510.37
11-08-2019 07:00,468.6,17.94,73.8,4.13,0.43,7,1,493.79,509.75
11-08-2019 21:00,388.7,36.87,60.37,4.11,0.32,7,1,496.81,511.18
11-08-2019 23:00,476.5,37.31,80.55,4.34,0.12,7,1,493.97,511.86
12-08-2019 03:00,519.3,24.14,42.34,7.86,0.07,1,0,491.11,509.93
12-08-2019 13:00,487.17,29.88,49.21,8.55,0.16,1,0,497.63,508.1
12-08-2019 17:00,401.03,28.23,39.39,5.18,0.4,1,0,487.15,506.83
13-08-2019 09:00,403.43,28.32,77.49,13.24,0.01,2,0,491.73,505.43
13-08-2019 12:00,536.14,25.79,42.27,13.54,0.19,2,0,490.8,505.66
13-08-2019 22:00,562.28,27.48,80.42,0.77,0.28,2,0,502.97,507.9
13-08-2019 23:00,470.78,29.54,49.59,3.04,0.11,2,0,500.58,508.08
14-08-2019 04:00,447.86,17.67,54.13,9.33,0.1,3,0,509.05,508.54
14-08-2019 05:00,510.16,28.56,76.66,13.01,0.26,3,0,510.66,508.72
14-08-2019 09:00,604.31,18.46,30.41,3.27,0.03,3,0,521.33,509.55
14-08-2019 10:00,435.25,23.1,45.98,12.72,0.01,3,0,520.99,508.48
14-08-2019 13:00,595.04,41.75,81.57,3.63,0.41,3,0,523.63,509.02
14-08-2019 14:00,420.59,19.65,87.36,13.14,0.9,3,0,520.7,508.56
14-08-2019 20:00,509.6,29.71,77.63,6.01,0.11,3,0,508.71,507.63
14-08-2019 23:00,469.59,23.02,65.56,3.5,0.16,3,0,507.45,508.32
15-08-2019 04:00,402.25,21.78,41.62,6.96,0.04,4,0,502.54,507.89
15-08-2019 05:00,454.12,23.18,89.01,7.8,0.39,4,0,500.21,507.89
15-08-2019 08:00,483.87,11.94,49.59,9.47,0.05,4,0,501.83,508.79
15-08-2019 10:00,443.49,24.05,48.67,3.32,0.32,4,0,500.15,508.4
15-08-2019 22:00,441.43,30.79,43.44,4.07,0.12,4,0,491.17,506.65
16-08-2019 08:00,501.7,26.51,59.93,3.84,0.3,5,0,498.91,508.09
16-08-2019 14:00,546.15,34.72,63.32,13.43,0.25,5,0,509.16,510.47
16-08-2019 16:00,443.04,30.97,36.09,0.22,0.35,5,0,511.24,509.55
16-08-2019 21:00,530.62,18.6,63.61,1.29,0.12,5,0,518.33,510.38
17-08-2019 01:00,515.29,34.03,67.06,6.54,0.09,6,1,520.29,510.52
17-08-2019 08:00,476.75,16.49,37.27,8.61,0.05,6,1,518.25,512.16
17-08-2019 18:00,617.14,24.34,46.91,5.01,0.27,6,1,510.76,512.19
18-08-2019 05:00,495.94,36.22,79.46,4.54,0.02,7,1,517.33,514.91
18-08-2019 13:00,458.19,33.74,56.87,7.9,0.07,7,1,523.09,516.07
18-08-2019 17:00,395.34,24.77,48.82,0.16,0.1,7,1,512.16,514.6
18-08-2019 20:00,530.34,21.2,62.21,1.73,0.01,7,1,514.62,514.36
18-08-2019 21:00,446.16,13.02,82.72,6.89,0.32,7,1,510.62,514.71
18-08-2019 22:00,536.88,25.8,73.06,13.69,0.24,7,1,508.26,515.17
19-08-2019 05:00,399.24,32.94,47.96,12.79,0.06,1,0,498.63,514.78
19-08-2019 13:00,486.06,33.16,67.91,11.14,0.08,1,0,491.44,515.17
19-08-2019 22:00,573.77,15.34,74.84,14.99,0.16,1,0,501.14,516.75
20-08-2019 07:00,468.93,31.26,46.48,7.87,0.35,2,0,493.43,515.7
20-08-2019 09:00,488.46,29.16,55.62,9.05,0.19,2,0,489.91,516.51
20-08-2019 16:00,444.03,19.19,53.17,13.58,0.08,2,0,502.15,516.51
20-08-2019 17:00,476.34,30.95,83.64,12.25,0.01,2,0,502.99,516.51
21-08-2019 11:00,559.81,24.78,33.03,10.18,0.2,3,0,491.44,512.3
21-08-2019 20:00,552.85,25.85,65.41,3.22,0.03,3,0,491.54,512.95
21-08-2019 22:00,559.8,35.95,67.03,8.64,0.06,3,0,492.72,512.68
22-08-2019 02:00,469.23,35.6,66.19,13.07,0.43,4,0,499.19,512.93
22-08-2019 13:00,559.81,25.73,49.93,4.39,0.35,4,0,497.54,513.33
23-08-2019 05:00,486.6,26.04,87.89,4.94,0.43,5,0,504.07,514.99
23-08-2019 08:00,572.57,15.42,63.64,11.95,0.21,5,0,513.98,515.99
23-08-2019 23:00,512.31,23.58,31.07,7.13,0.33,5,0,508.97,513.19
24-08-2019 00:00,497.29,33.73,34.48,11.02,0.2,6,1,510.07,513.56
24-08-2019 03:00,537.18,22.03,51.3,1.16,0.05,6,1,504.33,513.17
24-08-2019 17:00,557,36.94,82.5,5.86,0.98,6,1,493.13,511.28
25-08-2019 03:00,459.59,23.67,31.91,8.66,0.25,7,1,488.63,508.73
25-08-2019 17:00,528.73,14.83,39.18,5.3,0.02,7,1,501.01,509.65
25-08-2019 19:00,560.65,24.41,60.55,13.94,0.2,7,1,506.51,509.75
25-08-2019 22:00,497.41,27.51,88.69,12.19,0.05,7,1,505.71,509.24
26-08-2019 05:00,540.14,32.95,37.58,11.72,0.54,1,0,507.49,510.34
26-08-2019 06:00,466.61,41.41,41.14,13.85,0.07,1,0,509.54,509.96
26-08-2019 11:00,467.99,18.54,67.49,6.73,0.16,1,0,500.82,509.87
26-08-2019 15:00,493.71,18.01,70.67,6.05,0.26,1,0,503.43,509.87
26-08-2019 19:00,501.59,25.55,66.5,10.2,0.05,1,0,500.34,509.81
26-08-2019 22:00,547.97,34.58,64.07,5.79,0.12,1,0,501.08,509.23
26-08-2019 23:00,481.75,26.7,43.4,0.97,0.06,1,0,502.14,509.56
27-08-2019 01:00,491.77,22.45,78.9,12.29,0.06,2,0,496.02,509.38
27-08-2019 02:00,457.14,18.5,81.49,7.39,0.09,2,0,494.58,509.47
27-08-2019 03:00,524.59,18.17,68.28,4.94,0.02,2,0,495.3,509.7
27-08-2019 06:00,464.71,14.81,71.01,0.81,0.15,2,0,493.15,509.65
27-08-2019 14:00,500.25,11.55,84.49,4.07,0.04,2,0,491.17,508.5
27-08-2019 15:00,576.36,26,61.34,12.23,0.04,2,0,494.61,508.54
27-08-2019 21:00,532.6,6.95,38.11,11.38,0.08,2,0,487.73,508.68
27-08-2019 22:00,541.96,25.54,62.52,3.27,0.05,2,0,487.48,508.9
27-08-2019 23:00,389.59,24.66,33.9,4.54,0.09,2,0,483.64,509.02
28-08-2019 03:00,533.81,18.16,88.14,13.59,0.58,3,0,493.9,509.69
28-08-2019 04:00,558.64,29.94,64.67,0.43,0.12,3,0,494.74,510.43
28-08-2019 05:00,500.85,27.72,47.65,5.99,0.07,3,0,496.97,510.76
28-08-2019 08:00,526.95,34.36,81.78,4.72,0.22,3,0,502.93,511.39
28-08-2019 09:00,483.9,26.49,61.28,0.6,0.09,3,0,504.52,511.45
28-08-2019 17:00,474.75,27.22,31.05,13.8,0.27,3,0,501.4,509.53
28-08-2019 22:00,566.76,25.98,41.12,8.95,0.11,3,0,503.34,510.44
29-08-2019 06:00,502.07,35.58,76.59,8.97,0.29,4,0,509.59,511.27
29-08-2019 08:00,567.18,18.33,89.89,1.13,0.09,4,0,510.93,511.98
29-08-2019 19:00,436.81,28.87,53.94,5.57,0,4,0,510.72,511.96
29-08-2019 23:00,510.57,21.03,53.66,3.86,0.84,4,0,509.01,510.98
30-08-2019 14:00,452.25,14.83,76.92,5.42,0.08,5,0,491.45,509.75
30-08-2019 19:00,487.32,18.06,55.93,0.72,0.14,5,0,503.02,509.78
30-08-2019 21:00,487.63,14.01,55.24,11.24,0.13,5,0,496.6,509.26
31-08-2019 04:00,510.22,25.13,78.4,14.45,0.08,6,1,485.81,507.95
31-08-2019 05:00,440.64,16.35,48.58,13.41,0,6,1,484.35,507.38
31-08-2019 09:00,512.52,10.03,89.41,13.58,0.14,6,1,479.97,507.48
31-08-2019 11:00,442.1,24.82,68.82,4.73,0.52,6,1,482.83,507.42
31-08-2019 12:00,496.78,28.73,59.54,10.8,0.07,6,1,486.2,507.66
31-08-2019 16:00,450.83,31.55,46.54,2.92,0.34,6,1,474.27,507.41
31-08-2019 17:00,515.79,24.42,89.71,10.31,0.06,6,1,478.29,507.16
31-08-2019 21:00,508.25,25.34,53.71,7.95,0.14,6,1,478.45,507.46
01-09-2019 03:00,410.15,32.35,58.75,2.21,0.03,7,1,478.51,506.21
01-09-2019 05:00,543.12,29.6,51.82,4.71,0.11,7,1,482.69,506.44
01-09-2019 06:00,419.12,29.11,48.3,6.02,0.72,7,1,480.34,506.45
01-09-2019 11:00,525.34,29.15,75.99,6.02,0.03,7,1,490.26,506.83
01-09-2019 19:00,506.27,36.48,40.97,13.92,0.14,7,1,501.65,506.75
02-09-2019 07:00,459.56,27.59,68.88,14.79,0.01,1,0,528.1,509.95
02-09-2019 09:00,612.23,25.88,54.14,10.04,0.6,1,0,522.19,509.63
03-09-2019 04:00,504.84,24.73,72.05,12.78,0.3,2,0,499.97,509.37
03-09-2019 11:00,442.25,26.75,50.35,1.65,0.01,2,0,504.36,511.86
03-09-2019 13:00,429.58,19.36,46.9,9.74,0.24,2,0,494.77,510.82
03-09-2019 17:00,453.77,22.3,84.02,6.49,0.03,2,0,496.4,510.68
04-09-2019 00:00,541.39,22.14,85.44,10.78,0.32,3,0,497.34,511.85
04-09-2019 09:00,458.35,31.76,76.19,11.06,0.31,3,0,495.24,510.23
04-09-2019 16:00,465.35,24.41,79.04,13.38,0.25,3,0,504.31,511.23
04-09-2019 22:00,476.69,17.26,44.47,8.34,0.14,3,0,506.1,511.4
05-09-2019 07:00,400.69,42.41,49.49,3.07,0.28,4,0,500.93,509.18
05-09-2019 09:00,461.35,30.76,58.8,7.59,0.56,4,0,500.6,508.81
05-09-2019 12:00,482.18,37.01,62.66,7.49,0.63,4,0,496.87,508.42
05-09-2019 13:00,518.1,12.8,49.22,2.45,0.1,4,0,499.29,508.25
05-09-2019 16:00,424.08,22.87,47.01,7.87,0.24,4,0,499.02,508.49
06-09-2019 00:00,579.48,33.85,68.93,5.92,0.08,5,0,501.99,509.92
06-09-2019 08:00,543.81,37.74,63.85,3.23,0.15,5,0,501.93,509.49
07-09-2019 01:00,459.81,30.54,39.39,0.33,0.15,6,1,493.71,511.21
07-09-2019 04:00,527.13,32.46,36.42,6.61,0.15,6,1,498.17,511.17
07-09-2019 05:00,562.94,16.28,89.43,5.9,0.05,6,1,501.39,511.91
07-09-2019 11:00,379.06,23.78,74.32,8.58,0.09,6,1,499.68,512.13
07-09-2019 13:00,447.75,24.66,70.33,7.98,0.09,6,1,493.64,512.88
08-09-2019 01:00,521.74,27.31,33.93,5.78,0.06,7,1,497.72,513.37
08-09-2019 04:00,589.84,29.53,74.89,12.1,0.03,7,1,499.08,514.18
08-09-2019 08:00,383.2,20.26,30.78,9.58,0.04,7,1,493.69,513.95
08-09-2019 13:00,456.7,25.79,33.82,6.27,0.19,7,1,498.28,513.03
08-09-2019 14:00,549.9,18.31,73.46,10.36,0.06,7,1,497.94,513.5
08-09-2019 17:00,448.37,11.16,63.63,1.82,0.46,7,1,500.85,513.34
08-09-2019 22:00,497.88,17.49,67.25,2.78,0.08,7,1,499.31,512.59
09-09-2019 00:00,527.26,30.95,60.11,14.39,0.18,1,0,502.49,512.65
09-09-2019 04:00,482.52,24.53,77.08,9.19,0.1,1,0,504.04,511.15
09-09-2019 07:00,492.64,17.66,50.72,8.5,0.4,1,0,498.91,510.81
09-09-2019 08:00,500.96,19.77,38.69,7.81,0.29,1,0,503.82,511.38
09-09-2019 10:00,533.37,31.33,76.17,2.73,0.03,1,0,504.58,510.57
09-09-2019 18:00,396.49,38.53,87.85,5.13,0.11,1,0,496.33,509.86
09-09-2019 19:00,502.06,17.43,75.29,2.37,0.06,1,0,497.44,509.89
09-09-2019 20:00,525.68,23.58,73.68,14.62,0.04,1,0,496.31,509.86
10-09-2019 07:00,548.04,27.87,88.24,11.55,0.14,2,0,491.66,509.38
10-09-2019 17:00,522.61,24.59,32.97,11.67,1.91,2,0,495.67,510.57
10-09-2019 21:00,457.92,25.42,35.07,9.02,0.32,2,0,504.92,510.5
11-09-2019 03:00,493.91,27.34,48.85,0.36,0.3,3,0,507.34,509.5
11-09-2019 04:00,513.26,22.35,84.19,4.98,0.4,3,0,509.43,509.72
11-09-2019 13:00,452.1,25.76,73.11,1.57,0.1,3,0,514.73,510.68
11-09-2019 19:00,414.99,23.14,76.72,0.81,0.19,3,0,501.59,509.67
11-09-2019 22:00,521.84,21.37,41.49,3.04,0.19,3,0,500.98,510.04
12-09-2019 01:00,495.18,32.5,43.89,9.6,0.42,4,0,500.01,509.98
12-09-2019 16:00,504.47,28.62,63.32,3.63,0.04,4,0,501.29,511.88
12-09-2019 19:00,482.01,10.71,31.99,13.1,0.03,4,0,511.1,511.19
13-09-2019 00:00,508.3,17.47,75.95,12.05,0.36,5,0,511.15,511.18
13-09-2019 01:00,549.82,30.06,40.46,10.65,0.41,5,0,513.42,511.06
13-09-2019 05:00,563.58,42.81,74.48,7.1,0.22,5,0,523.74,513.2
13-09-2019 09:00,473.51,22.14,87.94,11.14,0.13,5,0,522.21,512.4
13-09-2019 16:00,536.1,28.06,65.71,14.76,0.03,5,0,505.1,510.97
14-09-2019 09:00,492.52,34.26,32.11,10.46,0.92,6,1,492.73,511.27
15-09-2019 06:00,555.21,18.74,64.84,7.37,1.06,7,1,509.16,513.12
15-09-2019 07:00,474.33,9.11,58.27,5.98,0.06,7,1,512.04,512.36
15-09-2019 08:00,510.31,27.08,83.94,4.53,0.17,7,1,505.93,513.13
15-09-2019 12:00,486,14.25,44.26,12.35,0.21,7,1,502.28,512.64
15-09-2019 16:00,497.94,22.55,34.89,11.97,0.05,7,1,496.86,511.76
16-09-2019 04:00,497.17,37.15,83.77,11.99,0.66,1,0,508.9,513.09
16-09-2019 05:00,474.91,29.15,76.96,0.51,0.07,1,0,503.81,512.93
16-09-2019 14:00,500.9,24.33,36.66,14.45,0.02,1,0,506.43,513.41
16-09-2019 16:00,515.58,27.02,69.09,0.71,0.02,1,0,515.44,514.5
16-09-2019 20:00,564.7,16.57,34.79,10.25,0,1,0,515.22,515.37
17-09-2019 00:00,452,28.17,89.88,4.27,0.05,2,0,509.11,515.8
17-09-2019 01:00,518.27,33.34,39.07,12.56,0.34,2,0,511.44,516.04
17-09-2019 17:00,512.03,24.68,42.48,10.1,0.2,2,0,509.17,516.43
17-09-2019 22:00,455.79,25.14,59.67,6.06,0,2,0,505.46,515.69
18-09-2019 04:00,462.64,17.57,80.95,13.76,0.08,3,0,510.93,515.95
18-09-2019 17:00,490.07,27.47,87.69,9.45,0.06,3,0,505.71,515.36
18-09-2019 19:00,489.48,20.63,88.43,3.88,0.21,3,0,505.74,516.06
18-09-2019 20:00,534.21,18.49,34.86,0.9,0.06,3,0,504.59,516.05
18-09-2019 22:00,565.57,17.79,48.75,4.01,0,3,0,506.71,516.52
19-09-2019 03:00,537.02,34.09,70.35,13.73,0.09,4,0,503.09,516.52
19-09-2019 06:00,452.01,23.64,58.93,9.08,0.08,4,0,502.54,516.72
19-09-2019 07:00,416.82,23.87,34.04,14.49,0.2,4,0,500.03,516.28
19-09-2019 09:00,587.2,34.36,48.99,3.45,0.29,4,0,508.47,516.74
19-09-2019 11:00,561.11,24.74,48.16,10.69,0,4,0,506.39,516.03
19-09-2019 17:00,434.35,32.55,79.39,4.74,0.69,4,0,491.65,513.67
19-09-2019 21:00,499.68,29.13,55.43,9.69,0.19,4,0,487.54,512.58
19-09-2019 22:00,474.94,17.44,79.27,14.27,0.36,4,0,483.76,512.46
20-09-2019 06:00,489.95,25.59,89.26,12.21,0.81,5,0,489.46,511.67
20-09-2019 09:00,396.25,35.41,33.19,7.58,0.11,5,0,480.36,510.64
21-09-2019 01:00,580.8,29.63,58.32,14.56,0.24,6,1,503,514.21
21-09-2019 02:00,515.26,32.93,49.83,9.65,0.36,6,1,503.89,514.14
21-09-2019 03:00,461.68,20.98,39.49,0.94,0.05,6,1,500.36,513.67
21-09-2019 07:00,482.97,14.78,80.13,9.06,0.15,6,1,500.01,513.37
21-09-2019 08:00,488.78,17.95,74.1,4.08,0.03,6,1,500.41,512.34
21-09-2019 11:00,506.91,20.04,85.93,3.84,0.35,6,1,502.92,512.48
22-09-2019 05:00,428.98,25.89,67.4,6,0.03,7,1,484.94,510.24
22-09-2019 06:00,545.87,39.81,50.06,13.36,0.1,7,1,490.59,510.19
22-09-2019 11:00,487.18,22.44,54.79,1.28,0.05,7,1,492.54,510.68
22-09-2019 22:00,467.09,28.98,70.12,13.25,0.04,7,1,502.2,509.67
23-09-2019 04:00,497.07,17.98,35.8,4.93,0.09,1,0,501.51,510.19
23-09-2019 05:00,487.96,26.12,71.23,13.08,0.15,1,0,503.97,510.27
23-09-2019 09:00,421.91,3.73,30.01,0.46,0.07,1,0,497.79,509.89
23-09-2019 10:00,476.6,23.59,70.38,13.2,0.24,1,0,497.26,509.66
23-09-2019 12:00,466.64,33.13,73.9,7.35,0.57,1,0,492.75,509.09
23-09-2019 14:00,517.94,33.06,82.94,10.94,0.16,1,0,490.46,509.26
23-09-2019 15:00,589.02,26.81,66.41,5.61,0.26,1,0,493.77,508.99
24-09-2019 01:00,450.98,25.34,41.39,13.58,0.05,2,0,496.25,507.84
24-09-2019 02:00,436.62,27.07,61.49,2.75,0.5,2,0,492.37,507.79
24-09-2019 14:00,447.09,31.15,85.15,7.39,0.18,2,0,497.11,506.81
24-09-2019 15:00,519.54,25.88,74.43,7.25,0.03,2,0,494.22,506.65
24-09-2019 21:00,461.63,20.18,50.62,1.09,0.41,2,0,484.8,505.17
25-09-2019 08:00,506.3,20.46,51.32,14.97,0.27,3,0,494.12,506.09
25-09-2019 09:00,525.33,22.05,40.81,8.5,0.04,3,0,493.64,506.39
25-09-2019 13:00,402.04,16.98,68.77,14.93,0.47,3,0,491.69,504.94
25-09-2019 14:00,480.43,31.08,49.17,8.62,0.02,3,0,493.08,504.57
25-09-2019 20:00,513.16,17.97,53.33,10.16,0.09,3,0,498.5,504.91
25-09-2019 21:00,499.85,26.02,51.29,0.55,0.27,3,0,500.09,504.87
25-09-2019 23:00,390.94,28.19,45.76,6.37,0.27,3,0,496.72,503.83
26-09-2019 15:00,522.64,16.34,51.23,2.37,0.83,4,0,510.32,506.46
26-09-2019 19:00,476.45,22.82,74.06,0.29,0.28,4,0,513.94,508.69
26-09-2019 22:00,518.22,37.61,68.11,5.17,0.36,4,0,519.97,509.43
27-09-2019 01:00,475.64,27.74,79.3,9.48,0.21,5,0,523.24,509.02
27-09-2019 08:00,515.41,16.11,87.19,1.3,0.39,5,0,517.93,510.02
27-09-2019 10:00,527.14,22.95,78.91,9.96,0.07,5,0,520.01,510.21
27-09-2019 14:00,501.44,27.83,51.49,0.61,0.05,5,0,514.69,509.71
27-09-2019 20:00,612.84,31.44,45.81,9.98,0.12,5,0,510.65,510
27-09-2019 23:00,633.53,34.92,88.88,2.35,0.08,5,0,509.21,511.16
28-09-2019 02:00,529.61,19.91,88.3,4.04,0.12,6,1,515.78,510.85
28-09-2019 13:00,514.36,13.31,59.5,0.87,0,6,1,513.25,512.6
28-09-2019 17:00,553.39,33.24,56.66,4.31,0.24,6,1,517.42,514.21
28-09-2019 22:00,560.74,28.07,34.91,0.46,0.1,6,1,508.96,513.76
29-09-2019 05:00,454.49,20.97,35.71,10.63,0.34,7,1,505.67,514.32
29-09-2019 09:00,545.82,14.88,76.32,0.17,0.12,7,1,511.34,514.02
29-09-2019 10:00,520.43,28.46,88.34,8.76,0.57,7,1,511.45,514.21
29-09-2019 19:00,535.81,20.99,74.25,5.2,0.5,7,1,501.34,512.72
29-09-2019 22:00,499.99,20.56,62.33,11.7,0.04,7,1,492.48,512.34
30-09-2019 03:00,544.34,19.83,40.76,1.11,0.13,1,0,494.89,512.88
30-09-2019 08:00,468.51,26.1,75.42,7.74,0.3,1,0,486.7,511.65
30-09-2019 10:00,385.03,24.38,77.23,8.4,0.13,1,0,479.35,511.6
30-09-2019 19:00,539.74,24.15,70.99,9.67,0.54,1,0,489.41,510.79
30-09-2019 23:00,490.19,16.71,80.22,0.36,0.16,1,0,483.51,510.21
01-10-2019 00:00,572.86,16.62,55.57,5.55,0.37,2,0,483.01,510.81
01-10-2019 19:00,459.63,30.62,46.74,8.83,0.04,2,0,490.37,511.66
01-10-2019 23:00,442.35,12.87,80.9,3.97,0.23,2,0,491.68,511.27
02-10-2019 05:00,465.43,32,61.62,1.08,0.17,3,0,490.98,511.07
02-10-2019 17:00,489.02,26.86,42.76,4.97,0.08,3,0,483.73,510.43
02-10-2019 20:00,458.81,18.86,74.44,12.65,0.29,3,0,482.47,509.62
03-10-2019 01:00,503.47,18.97,43.69,11.56,0.09,4,0,487.06,509.24
03-10-2019 04:00,427.63,24.75,69.59,7.85,0.32,4,0,483.68,508.97
03-10-2019 08:00,488.17,37.25,81.82,12.83,0.41,4,0,481.5,507.85
03-10-2019 21:00,533.38,24.04,39.08,2.85,0.12,4,0,492.86,506
04-10-2019 00:00,544.41,22.59,39.63,9.23,0.72,5,0,495.55,505.03
04-10-2019 03:00,539.75,25.06,32.21,14.39,0.32,5,0,494.83,504.89
04-10-2019 09:00,482.43,11.9,32.69,13.71,0.09,5,0,503.06,505.34
04-10-2019 10:00,500.89,28.89,30.44,10.5,0.25,5,0,505.9,505.18
04-10-2019 16:00,506.34,24.98,83.6,11.08,0.2,5,0,501.11,505.27
05-10-2019 03:00,538.35,5.26,58.02,0.26,0.08,6,1,509.08,503.99
05-10-2019 15:00,459.08,31.97,51.91,11.55,0.04,6,1,506.35,504.34
05-10-2019 23:00,529.33,23.95,88.08,12.1,0.02,6,1,503.59,504.6
06-10-2019 11:00,521.85,26.83,41.6,5.99,0.24,7,1,509.43,504.71
06-10-2019 20:00,487.56,18.95,74.17,3,0,7,1,511.44,506.29
07-10-2019 02:00,464.22,25.4,78.13,6.55,0.1,1,0,517.96,506.46
07-10-2019 03:00,526.87,12.48,81.12,1.56,0.16,1,0,520.46,506.35
07-10-2019 04:00,422.59,35.62,58.23,10.58,0.06,1,0,517.41,506.02
07-10-2019 07:00,529.25,29.2,60.55,13.66,0.03,1,0,514.03,507.46
07-10-2019 08:00,506.91,20.71,62.19,6.32,0.1,1,0,513.86,507.7
07-10-2019 13:00,456.02,31.57,55.8,11.14,0.25,1,0,511.59,508.82
08-10-2019 00:00,484.09,24.73,33.97,8.76,0.36,2,0,504.01,509.73
08-10-2019 01:00,486.7,10.31,75.94,14.46,0.1,2,0,503.8,509.99
08-10-2019 02:00,429.97,23.75,45.75,7.94,0.14,2,0,502.37,509.76
08-10-2019 03:00,475.74,26.43,87.4,12.42,0.05,2,0,500.24,510.19
08-10-2019 04:00,521.39,14.25,38.72,2.25,0.27,2,0,504.36,509.86
08-10-2019 17:00,518.36,29.75,82.26,10.18,0.4,2,0,496.44,509.66
08-10-2019 21:00,554.55,30.36,41.23,2.36,0,2,0,500.85,510.66
09-10-2019 01:00,496.65,18.23,68.02,4.54,0.06,3,0,506.04,512.54
09-10-2019 03:00,487.02,35.38,58.01,1.46,0.16,3,0,510.01,512.72
09-10-2019 05:00,541.03,35.2,64.34,1.51,0.09,3,0,512.21,512.95
09-10-2019 12:00,476.15,19.49,55.9,5.84,0.12,3,0,516.49,513.28
09-10-2019 13:00,534.34,33.71,79.61,13.54,0.08,3,0,521.86,513.98
09-10-2019 22:00,494.84,28.48,73.17,3.47,0.18,3,0,504.21,514.24
10-10-2019 01:00,532.84,20.64,80.69,10.97,0.1,4,0,502.29,514.76
10-10-2019 09:00,423.12,9.99,62.54,1.38,0.02,4,0,503.36,516.25
10-10-2019 10:00,497.22,33.2,39.11,4.25,0.07,4,0,502.5,516.64
10-10-2019 11:00,518.15,32.79,80.63,5.06,0.04,4,0,499.33,516.28
10-10-2019 13:00,384.54,25.84,75.31,4.34,0.73,4,0,492.49,515.26
11-10-2019 01:00,485.53,30.08,72.33,14.86,0.12,5,0,483.96,512.83
11-10-2019 03:00,447.03,27.09,55.33,8.78,0.46,5,0,478.63,513.01
11-10-2019 06:00,334.61,25.26,85.46,13.68,0.16,5,0,478.18,512.5
11-10-2019 09:00,494.09,30.34,31.56,9.12,0.11,5,0,468.43,511.2
11-10-2019 14:00,457.55,21.26,64.72,9.91,0.07,5,0,471.64,510.87
12-10-2019 02:00,505.38,32.92,73.69,10.07,0.18,6,1,486.45,510.27
12-10-2019 18:00,508.98,17.81,35.76,13.26,0.48,6,1,499.1,508.91
13-10-2019 01:00,461.27,25.18,45.87,8.17,0.07,7,1,488.32,508.47
13-10-2019 02:00,607.14,26.82,42.45,1.63,0.02,7,1,492.56,509.49
13-10-2019 03:00,571.98,31.34,84.68,13.1,0.1,7,1,496.83,510.12
13-10-2019 06:00,512.23,10.65,68.57,14,0.07,7,1,494.82,509.38
13-10-2019 07:00,543.17,40.96,82.94,12.27,0.18,7,1,499.7,509.14
13-10-2019 10:00,464.12,32.51,83.72,11.12,0.53,7,1,497.32,508.2
13-10-2019 14:00,461.33,14.68,83.07,0.36,0.05,7,1,505.04,508.48
13-10-2019 18:00,626.35,35.72,55.67,14.22,0.41,7,1,511.49,509.02
13-10-2019 21:00,462.73,21.33,62.37,12.04,0.15,7,1,511.19,508.63
14-10-2019 01:00,623.15,15.1,58.83,4.89,0.19,1,0,517.82,508.6
14-10-2019 09:00,498.07,15.75,70.69,10.17,0.04,1,0,505.37,507.07
14-10-2019 20:00,523.27,27.95,66.79,5.48,0.77,1,0,500.03,507.68
15-10-2019 04:00,525.22,26.66,65.39,9.26,0.28,2,0,494.6,507.2
15-10-2019 05:00,519.29,31.93,61.57,0.68,0.06,2,0,494.5,507.4
15-10-2019 14:00,510.82,29.1,50.32,6.9,0.42,2,0,490.54,507.38
15-10-2019 16:00,537.31,23.88,81.34,1.43,0.47,2,0,494.36,506.81
15-10-2019 18:00,534.7,31.16,32.87,2.67,0.14,2,0,497.82,506.85
15-10-2019 23:00,511.83,23.54,39.07,5.04,0.18,2,0,498.79,505.8
16-10-2019 01:00,402.58,26.43,74.38,11.18,0.07,3,0,497.45,505.29
16-10-2019 14:00,468.99,22.09,85.64,0.44,0.39,3,0,500.49,503.73
16-10-2019 22:00,485.62,26.86,38.5,6.24,0.46,3,0,494.08,504.65
16-10-2019 23:00,489.66,23.35,84.65,2.1,0.32,3,0,493.16,504.75
17-10-2019 01:00,458.22,29.88,55.75,4.85,0.13,4,0,497.05,504.52
17-10-2019 03:00,449.1,22.76,73.05,7.31,0.14,4,0,500.04,503.83
17-10-2019 15:00,527.14,15.6,56.13,13.19,0.38,4,0,492.28,504.21
17-10-2019 16:00,507.01,26.27,57.36,8.12,0.31,4,0,491.89,504.49
17-10-2019 18:00,545.38,33.52,56.09,13.6,0.03,4,0,491.85,504.72
18-10-2019 05:00,457.54,24.89,70.26,0.69,0.16,5,0,492.17,505.46
18-10-2019 07:00,379.9,22.94,50.25,14.97,0.36,5,0,491.84,506.2
18-10-2019 11:00,430.19,31.22,55.4,13.68,0.31,5,0,483.06,506.19
18-10-2019 22:00,530.8,23.51,54.34,7.59,0.11,5,0,489.01,506.38
19-10-2019 06:00,553.8,22.92,60.44,10.09,0.79,6,1,494.97,507.45
19-10-2019 13:00,549.34,29.38,49.21,3.82,0.06,6,1,512.09,508.96
20-10-2019 03:00,489.12,31.74,83.48,10.7,0.47,7,1,507.6,508.66
20-10-2019 06:00,565.31,11,31.52,4.57,0.07,7,1,506.73,509.18
20-10-2019 12:00,477.68,25.48,60.36,1.3,0.21,7,1,506.17,508.97
20-10-2019 17:00,485.68,20.23,52.73,4.19,0.03,7,1,500.46,508.47
20-10-2019 21:00,442.34,38.85,35.15,14.96,0.03,7,1,487.5,506.81
21-10-2019 04:00,484.27,36.23,34.49,12.47,0.1,1,0,489.46,505.87
21-10-2019 06:00,462.36,16.8,84.8,6.43,0.02,1,0,484.44,505.24
21-10-2019 08:00,426.19,21.37,42.96,4.06,0.42,1,0,483.42,506.16
21-10-2019 09:00,522.24,19.36,49.8,13.42,0.04,1,0,484.62,506.31
21-10-2019 13:00,550.86,34.09,41.14,9.44,0.02,1,0,485.91,505.55
21-10-2019 14:00,450.46,28.07,84.75,2.68,0.13,1,0,484.69,505.51
21-10-2019 19:00,587.35,21.96,55.66,3.23,0.13,1,0,487.88,505.67
21-10-2019 22:00,512.79,42.5,77.72,8.72,0.11,1,0,488.9,505.58
21-10-2019 23:00,531.25,21.04,85.6,5.35,0.13,1,0,492.69,505.92
22-10-2019 05:00,539.36,16.1,88.36,3.92,0.34,2,0,502.73,507.01
22-10-2019 08:00,587.49,36.99,60.82,14.17,0.7,2,0,507.01,507.85
22-10-2019 09:00,422.06,27.11,72.58,8.1,0.25,2,0,502.84,507.56
22-10-2019 21:00,596.53,17.47,39.95,4.51,0.18,2,0,513,507.65
22-10-2019 22:00,536.9,23.76,51.77,0.59,0.08,2,0,514.01,508.02
23-10-2019 11:00,426.05,24.61,81.37,14.9,0.55,3,0,528.66,511.55
23-10-2019 13:00,449.81,23.11,41.49,2.28,0.28,3,0,520.89,510.49
24-10-2019 05:00,526.18,34.02,33.56,3.04,0.09,4,0,512.41,512.06
24-10-2019 07:00,520.57,25.94,44,14.53,0.04,4,0,508.76,512.08
24-10-2019 21:00,523,20.59,49,2.17,0.34,4,0,490.23,512.33
25-10-2019 01:00,583.57,24.44,37.91,8.82,0.14,5,0,506.91,513.28
25-10-2019 20:00,559.38,26.51,67.18,11.36,0.17,5,0,513.13,516.12
27-10-2019 01:00,520.05,10.14,60.64,9.03,0.04,7,1,498.01,512.33
27-10-2019 07:00,578.27,29.59,32.72,6.22,0.33,7,1,502.21,512.78
27-10-2019 08:00,527.44,32.2,87.48,10.32,0,7,1,503.07,512.43
27-10-2019 10:00,558,26.82,43.24,7.41,0.07,7,1,502.94,513
27-10-2019 17:00,558.98,17.9,44.38,4.03,0.07,7,1,506.56,513.76
28-10-2019 01:00,529.07,35.87,68.75,11.76,0.08,1,0,508.45,515.53
28-10-2019 02:00,421.33,26.71,45.71,5.96,1.04,1,0,506.68,515.15
28-10-2019 08:00,474.29,24.92,39.64,13.34,0.09,1,0,506.61,515.81
28-10-2019 10:00,603.02,26.21,67.8,8.13,0,1,0,511.39,516.41
28-10-2019 11:00,446.6,16.57,59.38,4.98,0.04,1,0,508.23,516.31
28-10-2019 18:00,414.64,30.01,72.05,12.05,0.06,1,0,508.74,517.76
29-10-2019 00:00,465.32,19.54,31.74,6.4,0.06,2,0,506.84,516.31
29-10-2019 01:00,543.96,22.72,42.9,11.56,0.27,2,0,507.46,517.08
29-10-2019 14:00,532.73,28.83,45.59,0.05,0.15,2,0,496.23,516.2
29-10-2019 15:00,528.26,21.55,71.48,9.63,0.1,2,0,497.28,515.94
29-10-2019 18:00,454.38,25.48,67.89,12.2,0.07,2,0,499.12,516.51
30-10-2019 22:00,531.65,45,66.7,1.97,0.56,3,0,514.76,514.09
31-10-2019 07:00,495.29,24.71,53.38,14.97,0.08,4,0,509.01,514.84
31-10-2019 16:00,533.7,38.71,51.26,8.54,0.11,4,0,503.27,514.98
31-10-2019 17:00,424.1,21.8,52.03,9.25,0.24,4,0,502.13,514.69
31-10-2019 19:00,492.2,19.56,83.75,14.15,0.32,4,0,504.81,514.92
31-10-2019 22:00,518.96,36.36,59.18,5.01,0.15,4,0,493.51,513.83
31-10-2019 23:00,473.36,26.74,83.27,13.8,0.17,4,0,494.86,513.69
01-11-2019 07:00,399,44.5,36.38,9.65,0.04,5,0,493.88,513.28
01-11-2019 08:00,554.55,28.05,47.37,7.63,0.23,5,0,495.76,512.93
01-11-2019 16:00,434.08,14.58,73.89,6.71,0.26,5,0,488.99,512.14
01-11-2019 21:00,478.95,31.3,83.06,6.78,0.08,5,0,497.71,512.25
02-11-2019 14:00,536.75,37.69,65.89,12,0.06,6,1,497.4,513.08
02-11-2019 15:00,454.58,16.87,61.25,8.4,0.01,6,1,498.4,512.78
02-11-2019 20:00,483.86,35.48,60.07,10.59,0.13,6,1,499.64,513.95
03-11-2019 03:00,539.24,20.25,34.57,7.68,0.1,7,1,513.17,515.81
03-11-2019 05:00,500.96,33.21,36.78,3.31,0.08,7,1,511.01,515.45
03-11-2019 07:00,539.85,27.68,61.9,12.24,0.11,7,1,511.57,515.27
03-11-2019 08:00,560.23,19.43,89.16,7.12,0.13,7,1,517.62,515.47
03-11-2019 10:00,576.68,19.43,39.54,11.45,0.34,7,1,524.05,515.67
03-11-2019 11:00,576.5,28.46,46.97,13.88,0.01,7,1,525.59,516
03-11-2019 20:00,541.18,32.4,86.27,14.23,0.04,7,1,518.85,515.06
04-11-2019 06:00,445.82,24.14,70.31,7.07,0.11,1,0,508.69,515.35
04-11-2019 07:00,503.44,31.64,51.76,9.71,0.05,1,0,507.17,515.03
04-11-2019 16:00,567.14,23.81,38.48,9.35,0.12,1,0,495.57,512.91
04-11-2019 17:00,486.47,27.26,72.96,5.15,0.61,1,0,497.53,512.81
05-11-2019 00:00,475.49,16.16,81.66,0.28,0.27,2,0,492.9,514.32
05-11-2019 04:00,466.2,42.73,37.55,8.58,0.14,2,0,495.55,514.8
05-11-2019 10:00,421.76,35.93,81.33,1.81,0.24,2,0,498.76,514.55
05-11-2019 14:00,498.81,19.14,34.61,11.15,0.05,2,0,498.46,513.17
05-11-2019 17:00,470.73,11.96,84.35,10.79,0.33,2,0,497.54,512.83
05-11-2019 18:00,445.12,36.99,69.72,0.83,0.02,2,0,491.57,512.77
05-11-2019 19:00,525.4,30.72,66.26,3.67,0.48,2,0,489.64,513.06
06-11-2019 01:00,586.3,18.14,55.49,9.95,0.24,3,0,486.46,511.86
06-11-2019 02:00,528.97,30.68,55.49,14.94,0.1,3,0,485.15,511.58
06-11-2019 03:00,486.79,29.25,76.59,1.44,0.14,3,0,486.21,511.26
06-11-2019 04:00,499.83,35.07,45.99,5.16,0.15,3,0,487.61,511.64
06-11-2019 09:00,474.66,29.28,63.86,10.15,0.12,3,0,489.33,512.16
06-11-2019 20:00,489.59,25.58,61.66,4.61,0.02,3,0,497.03,510.41
07-11-2019 01:00,522.8,6.32,62.73,5.1,0.02,4,0,501.17,510.24
07-11-2019 14:00,443.37,30.61,38,11.53,0.34,4,0,511.16,512.28
08-11-2019 00:00,533.41,34.05,88.83,4.69,0.46,5,0,514.84,513.18
08-11-2019 03:00,498.93,27.31,53.88,1.13,0.42,5,0,515.86,514.18
08-11-2019 04:00,473.95,18.38,86.54,5.71,0.15,5,0,514.61,514.12
08-11-2019 07:00,466.06,15.45,79.3,13.68,0.19,5,0,511.33,513.42
08-11-2019 11:00,425.51,26.45,36.8,8.11,0.23,5,0,502.48,512.35
08-11-2019 19:00,371.63,31.44,41.61,13.5,0.13,5,0,504.67,513.85
08-11-2019 23:00,458.49,27.76,61.19,9.13,0.03,5,0,505.78,514.29
09-11-2019 05:00,538.07,24.23,42.89,1.08,0.16,6,1,498.68,514.14
09-11-2019 13:00,542.87,17.93,60.5,6.64,0.01,6,1,500.78,514.07
09-11-2019 16:00,528.31,28.69,78.73,13.18,0.07,6,1,494.28,514.15
09-11-2019 18:00,516.13,16.33,80.1,14.04,0.57,6,1,497.47,514.17
09-11-2019 22:00,496.76,30.16,42.27,10.45,0.18,6,1,498.19,513.43
10-11-2019 02:00,522.37,28.91,53.36,12.97,0.06,7,1,492.83,511.94
10-11-2019 03:00,479.68,25.1,66.02,5.59,0.02,7,1,496.74,511.58
10-11-2019 04:00,491.71,27.85,36.82,11.2,0.41,7,1,495.87,511.71
10-11-2019 12:00,497.93,30.85,81.66,2.04,0.13,7,1,503.39,510.62
10-11-2019 14:00,465.87,22.04,30.28,0.37,0.22,7,1,498.55,510.41
10-11-2019 21:00,551.59,30.53,64.99,5.61,0.2,7,1,496.65,510.81
10-11-2019 22:00,427.66,29.2,89.11,5.78,0.09,7,1,493.78,509.96
10-11-2019 23:00,572.68,25.83,36.23,1.52,0.6,7,1,496.38,510.06
11-11-2019 00:00,491.4,22.53,87.67,10.21,0.01,1,0,498.52,509.57
11-11-2019 01:00,463.28,21.33,68.31,13.48,0.03,1,0,499.78,508.91
11-11-2019 02:00,419.99,31.1,75.51,6.68,0.42,1,0,495.51,508.38
11-11-2019 11:00,423.29,30.28,86.66,7.11,0.07,1,0,485.43,509.15
11-11-2019 15:00,411.4,29.37,83.26,13.26,0.37,1,0,489.92,509.8
11-11-2019 20:00,519.98,32.29,82.25,13.81,0.08,1,0,489.45,508.65
12-11-2019 09:00,574.95,25.3,49.06,9.82,0.15,2,0,500.12,509.45
12-11-2019 12:00,418.54,18.54,79.18,11.44,0.04,2,0,497.72,509.65
12-11-2019 21:00,569.6,30.32,39.07,4.37,0.08,2,0,500.65,510.47
13-11-2019 00:00,459.68,30.41,81.21,7.38,0.04,3,0,496.98,510.99
13-11-2019 01:00,537.94,17.52,54.05,12.7,0.4,3,0,501.15,510.7
13-11-2019 04:00,500.36,29.69,30.25,1.75,0.03,3,0,502.25,510.71
13-11-2019 11:00,497.28,28.58,79.77,3.38,0.38,3,0,483.09,508.86
13-11-2019 13:00,465.42,32.8,47.24,5.51,0.01,3,0,482.6,508.17
13-11-2019 14:00,513.58,27.66,70.92,1.41,0.01,3,0,481.72,508.11
13-11-2019 15:00,550.46,31.29,65.98,3.75,0,3,0,489.56,508.87
13-11-2019 22:00,550.83,13.89,64.62,10.39,0.11,3,0,485.19,508.71
14-11-2019 04:00,514.47,31.49,64.2,9.33,0.12,4,0,480.8,507.22
14-11-2019 09:00,490.16,34.63,34.23,2.31,0.6,4,0,494.53,507.36
14-11-2019 11:00,466.53,27.17,54.29,1.61,0.01,4,0,491.72,506.28
14-11-2019 13:00,517.86,24.57,37.53,3.44,0,4,0,493.67,505.14
14-11-2019 14:00,455.2,27.04,43.44,10.27,0.07,4,0,491.24,505.21
14-11-2019 23:00,520.07,29.16,32.6,14.87,0.02,4,0,490.8,504.66
15-11-2019 00:00,575.95,23.58,80.07,6.51,0.12,5,0,496.57,504.92
15-11-2019 06:00,545.42,16.56,49.27,12.27,0.05,5,0,493.96,504.5
15-11-2019 11:00,581.01,14.46,46.76,7.71,0.11,5,0,503.05,506.36
15-11-2019 12:00,549.43,26.62,39,1.72,0.14,5,0,507.06,506.65
15-11-2019 16:00,512.83,34.22,79.87,4.24,0,5,0,507.42,505.06
15-11-2019 17:00,535.45,28.99,59.24,8.25,0.05,5,0,513.32,505.31
16-11-2019 02:00,427.14,18.84,69.99,11.93,0.65,6,1,504.52,504.61
16-11-2019 03:00,491.93,15.34,83.11,11.44,0,6,1,504.86,505.26
16-11-2019 05:00,555.93,32.56,76.19,6.19,0.05,6,1,508.46,505.3
16-11-2019 07:00,545.42,14.73,33.96,6.5,0.13,6,1,503.84,505.48
16-11-2019 08:00,504.9,28.82,68.14,12.57,0.18,6,1,504.42,505.86
16-11-2019 09:00,551.44,22.45,74.97,11.55,0,6,1,505.32,506.96
16-11-2019 10:00,478.41,23.9,80.61,3.16,0.11,6,1,502.56,506.51
16-11-2019 13:00,435.41,8.44,39.45,4.84,0.05,6,1,488.99,504.6
16-11-2019 15:00,573.85,26.16,71.17,7.05,0.47,6,1,495.46,505.33
16-11-2019 16:00,471.75,27.49,60.44,1.14,0.08,6,1,493.75,504.99
16-11-2019 21:00,427.59,32.05,78.88,7.83,0.65,6,1,485.83,504.2
17-11-2019 01:00,566.77,39.3,34.22,14.67,0.67,7,1,488.75,504.6
17-11-2019 14:00,490.58,14.37,44.31,10.27,0.17,7,1,501.66,505.31
18-11-2019 03:00,423.39,18.95,72.1,0.8,0.01,1,0,504.14,505.83
18-11-2019 04:00,486.51,23.61,48.84,12.32,0.39,1,0,504.44,505.8
18-11-2019 06:00,589.23,23.95,65,11.98,0.31,1,0,511.16,506.64
18-11-2019 12:00,621.27,25.66,34.03,2.99,0.37,1,0,510.36,507.81
18-11-2019 19:00,516.5,34.71,41.27,2.62,0.3,1,0,511.62,509.25
19-11-2019 04:00,449.78,30.51,43.96,11.86,0.48,2,0,518.01,509.7
19-11-2019 07:00,468.38,23.5,59.32,5,0.12,2,0,511.2,509.02
19-11-2019 13:00,546.64,32.51,42.9,3.25,0.43,2,0,510.95,509.61
19-11-2019 15:00,452.95,24.74,51.45,11.21,0.39,2,0,503.2,509.74
19-11-2019 16:00,526.61,18.48,43.21,2.14,0.11,2,0,507.39,509.82
19-11-2019 22:00,443.7,17.24,41.38,6.93,0.1,2,0,512.82,510.37
20-11-2019 10:00,517.6,15.7,58.01,0.19,0.16,3,0,510.92,512.94
20-11-2019 16:00,519.74,24.05,62.9,7.64,0.09,3,0,502.62,512.1
20-11-2019 18:00,509.35,19.21,36,10.11,0.33,3,0,498.37,512.39
21-11-2019 03:00,427.84,22.61,88.97,0.71,0.74,4,0,498.1,512.42
21-11-2019 04:00,494.63,29.15,62.92,7.38,0.05,4,0,498.33,512.3
21-11-2019 06:00,511.29,27.49,71.29,1.42,0.18,4,0,501.16,512.72
21-11-2019 09:00,583.65,33.83,63.85,8.25,0,4,0,490.49,512.08
21-11-2019 13:00,550.55,35.36,40.59,13.06,0.21,4,0,497.01,513.13
22-11-2019 03:00,469.5,29.29,74.28,10.73,0.4,5,0,499.61,513.14
22-11-2019 10:00,518.32,31.17,48.6,13.22,0.01,5,0,501.97,512.82
22-11-2019 12:00,570,13.29,42.84,9.5,0.12,5,0,504.86,512.61
22-11-2019 17:00,622.7,31.14,56.9,6.18,0.21,5,0,503.13,512.38
22-11-2019 20:00,503.12,27.29,50.05,8.4,0.09,5,0,506.27,512.48
22-11-2019 21:00,527.53,33.59,84.24,10.21,0.29,5,0,511.02,513.18
23-11-2019 10:00,480.49,18.48,61.65,8.86,0.18,6,1,503.88,513.01
23-11-2019 12:00,537.4,21.19,54.33,4.64,0.16,6,1,500.23,513.83
24-11-2019 04:00,481.11,18.12,78.04,10.17,0.28,7,1,498.88,513.96
24-11-2019 05:00,507.99,33.86,87.95,10.04,0.04,7,1,495.43,514.53
24-11-2019 06:00,586.51,24.48,71.3,11.59,0.19,7,1,501.96,514.9
24-11-2019 09:00,604.36,16.93,39.7,13.09,0.33,7,1,501.98,514.79
24-11-2019 10:00,506.44,33.8,47.92,6.25,0.2,7,1,503.06,514.6
24-11-2019 12:00,469.08,15.96,50.11,13.86,0.01,7,1,498.85,513.41
24-11-2019 13:00,510.34,30.21,40.75,7.78,0.05,7,1,501.84,513.68
24-11-2019 17:00,428.23,32.07,46.35,12.92,0.06,7,1,503.74,513.86
24-11-2019 21:00,503.44,29.63,39.61,14.48,0.36,7,1,501.05,513.03
25-11-2019 03:00,458.46,13.89,73.84,7.68,0.02,1,0,503.26,513.82
25-11-2019 15:00,473.58,18.06,53.24,6.49,0.35,1,0,507.56,512.75
25-11-2019 17:00,509.87,23.74,84.96,2.3,0.01,1,0,510.1,513.29
25-11-2019 23:00,527.8,22.82,89,2.4,0.04,1,0,516.67,514.89
26-11-2019 01:00,520.33,23.9,67.81,13.04,0.17,2,0,515.21,513.92
26-11-2019 02:00,424.45,18.26,86.09,7.68,0.7,2,0,510.63,513.04
26-11-2019 06:00,512.22,32.95,36.6,11.35,0.11,2,0,510.91,513.02
26-11-2019 15:00,461.58,14.93,43.63,2.41,0.48,2,0,502.02,512.58
26-11-2019 19:00,483.83,16.84,49.28,4.54,0.03,2,0,494.97,511.75
27-11-2019 00:00,519.67,8.67,78.41,9.28,0.22,3,0,491.49,511.97
27-11-2019 08:00,518.04,24.97,48.92,5.48,0.19,3,0,490.6,510.86
27-11-2019 14:00,512.27,12.46,41.1,4.26,0.02,3,0,493.78,511.22
27-11-2019 16:00,498.89,20.28,88.89,8.48,0.17,3,0,497.02,511.68
27-11-2019 21:00,412.19,29.68,35.07,8.17,0.17,3,0,505.2,511.35
27-11-2019 23:00,530.08,25.06,37.05,11.75,0.08,3,0,508.97,512.21
28-11-2019 07:00,492.89,21.95,66.55,3.11,0.03,4,0,509.88,513.01
28-11-2019 10:00,456.04,26.53,62.73,12.49,0.33,4,0,506.1,512.64
28-11-2019 17:00,419.49,24.43,31.63,2.77,0.05,4,0,500.69,512.09
28-11-2019 19:00,556.15,28.57,42.18,12.69,0.06,4,0,498.04,512.1
28-11-2019 22:00,479.16,27.17,65.28,11.12,0.37,4,0,497.01,511.99
29-11-2019 00:00,505.44,32.76,83.04,3.71,0.36,5,0,497.02,511.98
29-11-2019 01:00,446.58,24.02,80.99,0.79,0.15,5,0,494.27,511.8
29-11-2019 02:00,482.59,30.82,43.71,14.05,0.04,5,0,491.35,511.94
29-11-2019 06:00,520.53,32.63,73.95,9.54,0.41,5,0,488.42,512.18
29-11-2019 11:00,458.1,38.32,61.74,14.41,0.16,5,0,490.87,510.82
29-11-2019 14:00,501.81,16.18,86.11,3.28,0.24,5,0,489.24,510.98
29-11-2019 21:00,502.08,25.89,85.17,2.47,0.41,5,0,494.09,509.91
29-11-2019 22:00,610.57,24.6,70.06,11.51,0.21,5,0,499.57,510.72
29-11-2019 23:00,556.75,28.82,54.18,3.92,0.89,5,0,502.74,510.8
30-11-2019 00:00,469.14,36.02,52.75,1.67,0.07,6,1,501.23,510.98
30-11-2019 07:00,487.16,27.55,59.38,9.77,0.02,6,1,510.42,511.77
30-11-2019 13:00,509.65,32.52,40.37,2.35,0.09,6,1,512.51,512.49
30-11-2019 16:00,469.1,11.46,67.87,11.21,0.2,6,1,509.73,511.91
30-11-2019 21:00,426.48,24.71,84.12,14.83,0.31,6,1,492.87,510.13
01-12-2019 05:00,507.3,35.9,75.84,5.93,0.07,7,1,493.1,511.32
01-12-2019 09:00,475.14,22.74,45.52,7.05,0.62,7,1,492.71,510.86
01-12-2019 18:00,545.65,29.75,38.08,2.11,1.18,7,1,503.97,512.44
01-12-2019 20:00,429.58,35.19,89.93,4.53,0.55,7,1,508.85,511.73
01-12-2019 21:00,475,25.21,89.21,9.47,0.38,7,1,510.87,511.56
02-12-2019 01:00,500.72,37.19,30.37,9.44,0.01,1,0,509.37,511.75
02-12-2019 08:00,549.21,19.03,69.99,9.02,0.52,1,0,510.65,512.48
02-12-2019 10:00,510.27,16.77,70.4,13.33,0,1,0,510.73,511.95
02-12-2019 11:00,560.45,24.25,31.44,12.12,0.07,1,0,510.71,512.65
02-12-2019 12:00,529.66,32.24,50.05,9.79,0.11,1,0,512.79,512.34
02-12-2019 14:00,467.5,28.94,50.37,14.33,0.03,1,0,510.35,511.15
02-12-2019 22:00,399.51,10.79,35.17,12.03,0.15,1,0,496,508.76
03-12-2019 02:00,440.08,28.68,32.36,8.26,0.24,2,0,493.91,509.12
03-12-2019 06:00,601.74,26.15,59.23,10.09,0.11,2,0,501.31,510.57
03-12-2019 07:00,541.08,31.38,59.89,3.04,0.05,2,0,500.27,510.5
03-12-2019 12:00,525.99,21.43,87.54,3.03,0.01,2,0,499.53,510.65
03-12-2019 16:00,392.64,34.18,64.49,1.92,0.42,2,0,497.83,510.31
03-12-2019 17:00,549.92,28.34,48.89,7.98,0.01,2,0,496.73,510.69
03-12-2019 18:00,424.88,26.59,72.49,0.53,0.04,2,0,497.6,510.28
04-12-2019 01:00,536.75,28.25,85.39,11.77,0.02,3,0,506.65,511.41
04-12-2019 04:00,503.2,17.51,59.93,8.25,0.06,3,0,508.69,511.97
04-12-2019 06:00,521.8,21.42,44.27,12.39,0.27,3,0,503.25,512.33
04-12-2019 16:00,469.4,21.18,51.7,13.97,0.25,3,0,509.78,512.17
04-12-2019 21:00,472.2,26.15,78.69,12.83,0.34,3,0,514.65,512.4
04-12-2019 22:00,451.3,40.68,70.44,8.59,0.5,3,0,513.21,511.83
05-12-2019 08:00,451.73,26.84,32.94,12.51,0.09,4,0,494.75,510.02
05-12-2019 11:00,497.82,23.41,89.72,5.36,0.13,4,0,489.91,510.15
05-12-2019 14:00,404.18,19.04,39.68,1.69,0.31,4,0,486.21,510.02
05-12-2019 15:00,498.26,27.91,60.57,9.92,0.26,4,0,488.3,509.81
06-12-2019 02:00,520.88,23.31,88.42,10.43,0.35,5,0,505.42,512.46
06-12-2019 03:00,574.05,27.89,73.15,10.32,0.18,5,0,509.05,512.98
06-12-2019 04:00,518.88,25.12,38.98,5.88,0.14,5,0,512.29,513.5
06-12-2019 08:00,474.03,29.26,47.47,12.09,0.01,5,0,511.26,513.49
06-12-2019 16:00,430.97,16.99,77.77,2.82,0.11,5,0,518.82,514.5
06-12-2019 18:00,512.28,12.99,43.9,6.81,0.24,5,0,516.14,514.14
06-12-2019 20:00,473.01,20.89,57.54,2.64,0.07,5,0,512.1,513.34
06-12-2019 21:00,507.12,32.08,75.66,7.55,0.24,5,0,514.33,513.37
07-12-2019 01:00,533.85,18.65,58.42,5.3,0.02,6,1,508.94,513.22
07-12-2019 07:00,480.44,31.88,36.26,14.03,0.46,6,1,506.65,513
07-12-2019 15:00,445,17.25,77.85,12.48,0.05,6,1,500.61,513.4
08-12-2019 02:00,444.44,19.86,49.93,0.84,0.41,7,1,501.4,514.62
08-12-2019 04:00,472.42,28.55,57.48,7.7,0.29,7,1,496.69,514.05
08-12-2019 07:00,492.56,27.27,77.45,11.75,0.06,7,1,502.01,513.77
08-12-2019 10:00,543.81,25.91,76.87,14.52,0.07,7,1,506.2,515.11
08-12-2019 17:00,522.6,18.42,68.21,9.51,0.46,7,1,504.62,514.59
08-12-2019 18:00,414.31,22.77,48.1,6.93,0.11,7,1,501.86,513.8
08-12-2019 19:00,476.66,24.63,53.07,1.51,0.02,7,1,501.57,513.65
09-12-2019 03:00,490.53,24.22,77.03,0.3,0.4,1,0,500.05,513.36
09-12-2019 06:00,434.41,25.21,40.15,7.61,0.24,1,0,494.18,512.3
09-12-2019 14:00,373.59,21.33,79.39,2.49,0.35,1,0,484.91,511.61
10-12-2019 04:00,552.67,29.38,48.53,6.65,0.07,2,0,493.96,512.58
10-12-2019 10:00,567.99,33.88,79.45,9.37,0.27,2,0,505.65,512.86
10-12-2019 11:00,497.76,35.15,75.12,8.16,0.09,2,0,505.23,512.78
10-12-2019 16:00,467.7,21.75,80.29,12.07,0.37,2,0,508.88,512.96
10-12-2019 19:00,493.27,16.92,70.65,6.49,0.2,2,0,507.83,513.23
10-12-2019 20:00,499.17,20.19,48.95,14.79,0.91,2,0,507.26,513.12
11-12-2019 04:00,543.59,16.07,76.13,5.04,0.11,3,0,508.28,512.52
11-12-2019 08:00,474.78,18.97,76.53,3.65,0.18,3,0,503.92,512.75
11-12-2019 10:00,487.46,21.77,38.82,9.66,0.44,3,0,500.81,512.68
11-12-2019 15:00,519.73,32.28,60.03,1.03,0.06,3,0,505.56,512.36
11-12-2019 20:00,512.13,34.44,55.49,9.23,0.11,3,0,503.29,511.2
11-12-2019 21:00,470.31,20.44,57.53,14.26,0.17,3,0,502.78,511.18
11-12-2019 23:00,531.23,30.1,51.84,7.77,0.25,3,0,498.7,511.51
12-12-2019 01:00,508.56,23.74,34.73,0.75,0.81,4,0,499.85,511.7
12-12-2019 08:00,508.2,25.3,44.15,1.48,1.13,4,0,492.33,512.39
12-12-2019 10:00,470.66,18.21,52.53,12.62,0.14,4,0,491.86,512.75
12-12-2019 11:00,439.81,27.84,36.67,10.23,0.1,4,0,489.63,512.4
12-12-2019 12:00,621.3,8.14,80.57,5.25,0.02,4,0,495.36,513.08
12-12-2019 14:00,531.17,25.1,33.11,10.53,0.13,4,0,494.41,513.12
13-12-2019 08:00,545.36,28.17,58.5,9.65,0.02,5,0,504.56,511.42
13-12-2019 11:00,535.66,20.37,69.66,7.22,0.32,5,0,507.62,510.83
13-12-2019 14:00,485.24,26.88,71.86,3.5,0,5,0,504.94,510.53
13-12-2019 15:00,530.73,18.29,38.33,2.99,0.33,5,0,502.18,510.97
14-12-2019 02:00,400.79,26.64,57.93,4.49,0.29,6,1,495.99,509.77
14-12-2019 07:00,373.43,23.11,67,14.95,0.09,6,1,494.12,509.16
14-12-2019 11:00,501.04,30.47,55.97,3.01,0.07,6,1,493.98,509.06
14-12-2019 16:00,560.04,26.66,55.03,7,0.32,6,1,491.96,510.18
15-12-2019 00:00,485.75,25.45,33.81,5.18,0.29,7,1,480.67,507.94
15-12-2019 01:00,476.37,24.77,54.49,9.34,0.11,7,1,485.43,507.71
15-12-2019 03:00,469.76,23.57,43.7,7.62,0.28,7,1,487.37,507.99
15-12-2019 05:00,530.98,33.94,41.19,4.09,0.07,7,1,487.32,508.1
15-12-2019 10:00,494.06,31.23,68.65,10.73,0.18,7,1,490.68,507
15-12-2019 14:00,515.46,36.8,38.85,7.5,0.1,7,1,491.55,506.39
15-12-2019 16:00,492.53,34.25,59.81,6.46,0.28,7,1,484.29,506.6
15-12-2019 20:00,500.65,24.73,80.41,5.51,0.22,7,1,483.42,506.87
16-12-2019 00:00,532.94,23.68,46.15,9.68,0.08,1,0,494.73,507.33
16-12-2019 14:00,464.49,36.15,50.58,1.53,0.09,1,0,511.97,510.34
17-12-2019 00:00,562.76,30.93,38.93,9,0.22,2,0,520.02,511.5
17-12-2019 01:00,598.43,31.44,38.09,4.96,0.37,2,0,524.6,511.99
17-12-2019 02:00,509.97,27.58,34.99,3.26,0.04,2,0,524.13,512.23
17-12-2019 03:00,457.72,19.57,34.53,3.4,0.1,2,0,518.87,511.94
17-12-2019 23:00,520.2,29.59,72.55,10.3,0.06,2,0,494.93,509.05
18-12-2019 06:00,523.16,15.67,41.66,12.42,0.13,3,0,493.44,508.76
18-12-2019 08:00,521.34,14.79,61.97,12.65,0.4,3,0,493,508.91
18-12-2019 09:00,465.73,25.9,69.59,12.26,0.13,3,0,490.94,508.61
18-12-2019 18:00,448.7,35.97,47.42,8.57,0.03,3,0,500.95,509.59
18-12-2019 19:00,501.23,24.83,31.65,5.89,0.15,3,0,501.64,509.58
19-12-2019 00:00,453.84,18.04,36.72,13.01,0.35,4,0,500.64,509.96
19-12-2019 02:00,458.28,20.7,32.36,5.1,0.14,4,0,500.43,509.72
19-12-2019 04:00,552.06,24.59,85.44,3.09,0.03,4,0,507.14,510.16
19-12-2019 12:00,565.29,20.41,30.92,10.52,0.01,4,0,514.68,511.7
19-12-2019 19:00,512.18,34.62,71.57,11.47,0.02,4,0,515.09,511.79
19-12-2019 20:00,491.62,30.73,85.48,14.15,0.26,4,0,517.53,511.47
20-12-2019 01:00,460.79,17.95,72.76,3.95,0.41,5,0,517.99,512.34
20-12-2019 03:00,470.42,20.27,87.65,10.11,0.13,5,0,520.94,512.4
20-12-2019 12:00,517.93,17.44,73.7,12.28,0.14,5,0,512.74,512.96
20-12-2019 17:00,551.44,29.77,47.61,11.89,0.05,5,0,503.67,511.94
20-12-2019 18:00,409.58,28.53,47.48,0.82,0.07,5,0,502.95,511.55
20-12-2019 23:00,533.01,14.28,75.28,1.06,0.03,5,0,497.15,511.96
21-12-2019 02:00,532.59,30.07,77.68,5.9,0.25,6,1,498.26,512.97
21-12-2019 15:00,515.14,19.3,33.48,5.42,0.05,6,1,509.62,514.83
21-12-2019 22:00,572.94,37.86,69.46,14.18,0.11,6,1,514.65,515.74
22-12-2019 11:00,574.31,26.26,64.36,4.52,0,7,1,504.01,516.84
22-12-2019 13:00,488.83,26.96,36.46,2.6,0.25,7,1,502.39,517.45
22-12-2019 15:00,537.9,34.07,48.46,2.77,0.07,7,1,505.45,517.51
23-12-2019 02:00,471.26,5.38,66.77,4.74,0.08,1,0,498.14,517.16
23-12-2019 07:00,612.98,28.89,80.23,8.81,0.08,1,0,510.83,516.66
23-12-2019 09:00,512.82,20.28,57.91,7.76,0.21,1,0,516.27,517.09
23-12-2019 13:00,504.01,16.32,75.49,14.17,0.24,1,0,511.69,517.1
23-12-2019 14:00,551.93,29.74,50.17,3.24,0.25,1,0,514.27,517.63
23-12-2019 15:00,400.39,17.46,41.61,5.37,0.05,1,0,508.54,516.52
24-12-2019 14:00,465.48,32.86,81.51,13.57,0.09,2,0,512.61,519.17
24-12-2019 20:00,542.44,20.05,33.18,5.19,0.07,2,0,510.95,520
25-12-2019 01:00,489.16,26.51,66.99,9.78,0.19,3,0,501.72,519.28
25-12-2019 18:00,478.34,14.98,54.57,2.14,0.38,3,0,490.45,517.35
26-12-2019 18:00,489.4,13.68,32.97,7.49,0.06,4,0,508.9,516.51
26-12-2019 19:00,464.51,31.17,35.74,13.63,0.18,4,0,505.48,516.22
26-12-2019 20:00,501.85,17.5,46.47,3.42,0,4,0,505.02,516.28
27-12-2019 16:00,533.21,21.38,44.74,11.83,0.13,5,0,480.71,513.29
27-12-2019 18:00,404.95,20.8,74.94,8.54,0.08,5,0,479.02,513.02
28-12-2019 12:00,654.83,9.79,50.86,11.71,0.2,6,1,511.81,513.54
28-12-2019 23:00,493.24,34.24,68.2,3.44,0.21,6,1,506.85,511.99
29-12-2019 08:00,428.92,33.09,48.22,4.45,0.01,7,1,493.33,512.28
29-12-2019 09:00,401.46,9.64,41.19,7.12,0.42,7,1,489.49,512.07
29-12-2019 23:00,509.42,27.53,65,2.84,0.3,7,1,486.64,510.31
30-12-2019 04:00,401.19,35,60.15,11.87,0.09,1,0,480.67,508.79
30-12-2019 11:00,473.9,24.85,67.19,5.19,0.4,1,0,485.05,507.24
30-12-2019 12:00,560.97,33.8,48.46,4.84,0.25,1,0,489.1,507.76
30-12-2019 14:00,482.41,25.78,67.07,2.39,0.15,1,0,489.74,507.11
30-12-2019 15:00,547.28,34.64,51.61,14.33,0.27,1,0,493.52,508
31-12-2019 00:00,471.04,23.87,45.06,6.84,0.57,2,0,491.38,504.84
31-12-2019 02:00,510.78,18.86,42.34,3.5,0.02,2,0,493.51,504.55
31-12-2019 07:00,545.56,14.5,65.32,14.44,0.01,2,0,502.35,506.33
31-12-2019 14:00,522.75,18.2,76.53,5.78,0.15,2,0,507.93,506.43
31-12-2019 15:00,591.12,34.84,50.23,8.36,0.65,2,0,509.76,506.85
31-12-2019 19:00,491.01,18.65,74.42,2.91,0.49,2,0,518.66,507.13
31-12-2019 20:00,503.58,25,45.17,13.89,0.54,2,0,518.01,506.89
31-12-2019 22:00,531.87,22.99,52.12,1.65,0.61,2,0,523.99,507.73
01-01-2020 01:00,536.02,11.98,34.06,14.95,0.1,3,0,524.56,507.85
01-01-2020 03:00,584.78,17.93,70.05,14.62,0.04,3,0,524.95,508.02
01-01-2020 14:00,445.78,19.48,30,14.36,0.11,3,0,515.71,509.4
01-01-2020 17:00,549.75,24.05,70.17,4.72,0.09,3,0,512.36,510.77
02-01-2020 11:00,529.35,17.52,33.86,3.72,0.05,4,0,502.94,510.45
02-01-2020 22:00,571.59,26.14,31.27,8.6,0.03,4,0,510.69,512.52
02-01-2020 23:00,477.05,35.76,73.7,10.16,0.12,4,0,509.91,512.24
03-01-2020 14:00,506.53,30.72,47.96,4.27,0.01,5,0,507.91,513.62
03-01-2020 20:00,505.75,20.75,35.44,8.58,0.55,5,0,501.34,514.36
04-01-2020 03:00,420.55,27.63,67.81,14.86,0.08,6,1,499.1,513.93
04-01-2020 07:00,537.48,33.35,65.21,1.82,0.03,6,1,498.09,512.08
04-01-2020 13:00,491.85,34.58,47.39,3.83,0.27,6,1,488.3,510.15
04-01-2020 16:00,421.79,10.22,37.02,9.05,0.06,6,1,485.77,510.3
04-01-2020 17:00,511.24,29.72,84.04,3.75,0.06,6,1,482.08,510.73
04-01-2020 20:00,535.9,32.54,88.56,2.9,0.25,6,1,480.73,510.82
05-01-2020 04:00,464.23,23.01,87.41,7.02,0.08,7,1,494.88,511.53
05-01-2020 07:00,574.31,26.04,78.41,8.73,0.16,7,1,503.83,512.6
05-01-2020 08:00,402.5,24.43,62.25,12.6,0.25,7,1,499.76,512.44
05-01-2020 15:00,610.94,22.83,51.74,0.74,0.06,7,1,520.43,515.5
05-01-2020 20:00,527.19,20.61,60.55,2.08,0.04,7,1,526.69,516.61
06-01-2020 04:00,510.99,20.32,79.78,7.59,0.09,1,0,515.47,516.61
06-01-2020 09:00,515.54,14.68,77.23,3.79,0.22,1,0,516.24,517.25
06-01-2020 22:00,450.11,17.38,69.22,12.99,0.22,1,0,508.28,518.88
06-01-2020 23:00,528.35,9.75,35.56,3.8,0.03,1,0,512.91,518.9
07-01-2020 00:00,452.73,25.64,61.06,10.81,0.04,2,0,508.77,518.79
07-01-2020 02:00,559.46,22.32,76.1,1.43,0.38,2,0,514.34,519.33
07-01-2020 08:00,518.99,22.54,60.44,12.22,0.07,2,0,511.98,518.71
07-01-2020 16:00,524.65,32.4,77.98,3.95,0.18,2,0,508.51,517.29
07-01-2020 17:00,483.73,41.51,81.71,12.78,0.41,2,0,505.73,517.03
07-01-2020 22:00,471.56,22.04,65.06,6.64,0.14,2,0,512.97,517.28
07-01-2020 23:00,453.78,27.31,42.02,9.93,0,2,0,509.87,516.94
08-01-2020 00:00,395.99,29.23,81.39,10.81,0.08,3,0,507.5,516.28
08-01-2020 02:00,552.36,19.6,61.02,9.87,0.11,3,0,502.19,516.39
08-01-2020 04:00,558.15,32.15,74.13,4.18,0.35,3,0,501.46,516.84
08-01-2020 10:00,466.75,29.45,41.61,11.56,0.01,3,0,490.91,515
08-01-2020 12:00,490.88,28.74,39.9,13.7,0.03,3,0,488.84,514.33
08-01-2020 15:00,546.84,30.23,49.02,12.33,0.13,3,0,495.32,515.05
08-01-2020 19:00,438.55,18.77,36.67,13.54,0.07,3,0,497.57,514.79
09-01-2020 00:00,562.02,35.18,32.34,13.26,0.42,4,0,509.9,515.94
09-01-2020 01:00,448.4,24.97,52.29,6.84,0.37,4,0,509.41,515.99
09-01-2020 09:00,580.37,14.48,46,12.66,0.01,4,0,513.06,516.27
09-01-2020 10:00,456.04,25.9,84.45,4.95,0,4,0,512.61,516.34
09-01-2020 12:00,500.5,18.37,63.16,1.49,0.05,4,0,512.23,515.47
09-01-2020 18:00,422.75,17.1,37.89,9.34,0,4,0,505.56,514.99
09-01-2020 23:00,531.18,18.64,63.51,14.13,0.36,4,0,502.55,514.02
10-01-2020 00:00,579.19,13.51,89.56,2.46,0.26,5,0,503.26,514.92
10-01-2020 01:00,516.44,23.66,85.6,5.3,0.01,5,0,506.1,515.51
10-01-2020 10:00,592.69,28.1,38.19,12.61,0.75,5,0,506.59,516.24
10-01-2020 20:00,508.86,26.71,59.64,0.55,0.02,5,0,510.43,515.07
10-01-2020 23:00,497.23,29.43,81.96,0.61,0.01,5,0,502.39,513.96
11-01-2020 17:00,491.45,13.3,59,14.09,0.09,6,1,495.1,517.56
11-01-2020 19:00,489.39,28.98,81.58,8.9,0.38,6,1,499.43,517.96
11-01-2020 20:00,500.41,24.99,42.19,14.05,0.08,6,1,499.08,517.74
12-01-2020 00:00,480.73,27.75,47.92,8.01,0.15,7,1,500.63,516.88
12-01-2020 08:00,463.6,16.79,76.3,11.27,0.35,7,1,491.23,514.48
12-01-2020 23:00,449.45,20.55,36.28,10.02,0.32,7,1,490.01,513.05
13-01-2020 00:00,500.53,13.75,48.11,10.41,0.04,1,0,490.83,512.74
13-01-2020 09:00,448.6,20.32,31.73,7.58,0.26,1,0,501.44,512.21
13-01-2020 15:00,456.14,15.58,64.11,10.4,1.02,1,0,487.04,509.62
13-01-2020 17:00,534.41,32.67,32.88,5.53,0.35,1,0,488.21,509.77
13-01-2020 19:00,536.47,25.3,49.78,6.49,0.07,1,0,488.9,509.71
13-01-2020 23:00,489.6,26.18,54.74,7.79,0.66,1,0,492.93,510.14
14-01-2020 00:00,495.11,18.21,75.7,3.27,0.03,2,0,492.71,510.4
14-01-2020 02:00,518.35,32.32,64.49,0.18,0,2,0,488.39,509.28
14-01-2020 12:00,397.81,17.85,77.68,3.51,0.07,2,0,490.48,508.27
14-01-2020 14:00,468.97,34.27,34.23,12.11,0.33,2,0,499.12,508.53
14-01-2020 19:00,457.54,16.86,52.3,2.93,0.14,2,0,489.28,507.49
14-01-2020 21:00,459.79,14.02,61.39,6.48,0.16,2,0,485.63,506.64
15-01-2020 00:00,398.9,25.12,35.27,10.13,0,3,0,492.01,508.14
15-01-2020 18:00,373.6,27.72,71.26,14.63,0.17,3,0,489.71,506.23
16-01-2020 00:00,506.52,33.1,87.39,3.29,0.18,4,0,484.13,504.38
16-01-2020 07:00,533.24,28.29,65.2,14.57,0.08,4,0,488.88,504.83
16-01-2020 16:00,539.62,28.11,53.55,7.28,0.05,4,0,483.91,502.85
16-01-2020 20:00,469.19,28.46,37.05,0.14,0.15,4,0,486.95,503.8
17-01-2020 00:00,521.72,19.12,36.72,4.32,0,5,0,487.28,502.06
17-01-2020 10:00,466.5,15.15,58.82,5.53,0.25,5,0,486.53,501.15
17-01-2020 11:00,545.6,25.37,89.45,2.63,0.06,5,0,490.68,502.26
17-01-2020 21:00,490.71,12.45,31.74,9.14,0.44,5,0,496.9,501.71
18-01-2020 02:00,442.32,32.15,58.95,3.24,0.12,6,1,497.64,501.99
18-01-2020 08:00,574.38,25.25,52.16,6.99,0.02,6,1,503.82,502.34
18-01-2020 09:00,528.09,27.89,81.41,8.57,0.17,6,1,505.04,502.39
18-01-2020 12:00,541.24,27.75,33.24,7.38,0.43,6,1,505.07,502.98
19-01-2020 10:00,439.12,33.03,33.1,7.92,0.39,7,1,501.63,503.8
19-01-2020 11:00,534.76,20.21,58.96,6.94,0.28,7,1,502.32,504.57
19-01-2020 17:00,446.93,31.32,63.07,7.93,0.17,7,1,490.73,502.77
19-01-2020 20:00,521.33,18.67,37.78,4.58,0.07,7,1,491.68,502.88
20-01-2020 07:00,470.85,23.11,79.93,3.16,0.15,1,0,503.57,504.49
20-01-2020 13:00,509.57,14.84,79.2,12.57,0.06,1,0,510.69,507.04
20-01-2020 14:00,547.11,31.81,73.47,6.66,0,1,0,515.26,507.73
20-01-2020 19:00,549.25,39.21,36.43,2.89,0.42,1,0,523.37,507.58
20-01-2020 22:00,442.53,19.24,75.15,13.97,0.34,1,0,517.29,507.43
21-01-2020 02:00,534.57,26.09,34.37,13.99,0.9,2,0,515.44,508.17
21-01-2020 04:00,537.48,30.02,76.3,4.06,0.15,2,0,511.76,508
21-01-2020 10:00,545.06,43.05,50.67,5.05,0.03,2,0,500.38,507.63
21-01-2020 12:00,582.68,32.77,74.22,11.05,0.01,2,0,508.61,508.84
22-01-2020 03:00,481.88,29.79,56.49,8.59,0.12,3,0,501.72,508.55
22-01-2020 12:00,438.41,18.34,53.71,5.8,0.14,3,0,489.15,509.52
22-01-2020 18:00,433.97,11.79,84.31,13.07,0.06,3,0,493,508.98
22-01-2020 21:00,406.89,33.6,72.07,10.34,0.01,3,0,489.69,508.95
22-01-2020 22:00,465.06,27.06,62.22,12.22,0.1,3,0,489.29,509.24
23-01-2020 00:00,491.7,19.81,55.18,1.01,0.13,4,0,484.73,509.16
23-01-2020 01:00,481.46,33.03,74.94,6.78,0.25,4,0,483.37,509.02
23-01-2020 15:00,542.34,26.48,74.72,12.89,0.08,4,0,493.97,511.28
23-01-2020 19:00,528.45,21.88,53.1,6.3,0.12,4,0,503.81,511.99
23-01-2020 20:00,506.58,28.57,48.62,8.94,0.02,4,0,504.55,512.22
24-01-2020 08:00,506.63,18.03,72.75,13.13,0.16,5,0,502.68,512.37
24-01-2020 11:00,512.78,40.59,63.24,5.82,0.04,5,0,498.36,511.7
24-01-2020 14:00,533.84,28.3,60.11,4.49,0.28,5,0,502.55,511.29
24-01-2020 15:00,494.53,37.23,51.01,11.86,0.02,5,0,500.56,510.99
24-01-2020 19:00,466.21,15.09,89.28,6.68,0.52,5,0,495.11,511.61
25-01-2020 06:00,567.25,22.97,88.32,8.49,0.19,6,1,496.69,511.45
25-01-2020 08:00,547.73,21.76,74.34,5.11,0.52,6,1,496.91,511.36
25-01-2020 10:00,463.33,43.7,83.42,11.57,0.07,6,1,502.69,511.03
25-01-2020 23:00,349.47,19.97,82.59,11.08,0.16,6,1,495.22,509.61
26-01-2020 01:00,492.03,24.96,57.94,12.41,0.24,7,1,497.49,509.72
26-01-2020 03:00,540.06,25.06,84.47,13.82,0.05,7,1,497.86,509.69
26-01-2020 09:00,543.66,43.18,72.11,8.32,0.1,7,1,499.69,510.6
26-01-2020 16:00,464.64,21.46,31.01,5.82,0.14,7,1,509.93,512.43
26-01-2020 18:00,449.94,22.47,49.37,1.18,0.1,7,1,503.39,512.43
26-01-2020 22:00,589.2,21.3,72.15,12.76,0.1,7,1,510.83,513.48
26-01-2020 23:00,499.79,27.05,71.65,7.2,0.16,7,1,517.1,513.44
27-01-2020 04:00,563.88,30.4,38.98,14.89,0.55,1,0,525.01,514.06
27-01-2020 07:00,525.71,28.27,60.38,13.06,0.12,1,0,527.97,514.03
27-01-2020 08:00,459.19,26.05,40.97,4.66,0.08,1,0,525.97,513.45
27-01-2020 15:00,495.9,16.96,59.93,0.13,0.23,1,0,516.87,512.14
28-01-2020 04:00,456.96,24.17,38.31,4.07,0.15,2,0,493.18,511.35
28-01-2020 05:00,567.71,20.47,58.88,12.36,0.16,2,0,494.94,511.85
28-01-2020 12:00,467.48,24.91,75.13,7.74,0.08,2,0,508.95,512.21
28-01-2020 14:00,474.91,27.06,33.99,9.11,0.07,2,0,505.95,512.65
28-01-2020 16:00,486.4,16.79,65.59,6.48,0.03,2,0,500.78,512.73
28-01-2020 20:00,475.44,17.57,65.7,12.14,0.16,2,0,512.92,513.69
29-01-2020 05:00,488.88,23.33,73.82,10.5,0.06,3,0,509.86,513.54
29-01-2020 23:00,564.19,26.32,40.39,0.89,0.06,3,0,497.62,514.72
30-01-2020 02:00,491.47,15.92,89.35,8.86,0.11,4,0,492.19,514.31
30-01-2020 08:00,520.8,25.96,49.98,11.37,0.08,4,0,501.16,514.45
30-01-2020 20:00,423.93,27.75,37.8,0.09,0.17,4,0,501.99,513.77
30-01-2020 22:00,481.93,24.95,41.01,9.47,0.23,4,0,510.9,513.88
30-01-2020 23:00,481.03,35.79,51.25,6.71,0.12,4,0,507.44,513.88
31-01-2020 05:00,524.34,38.5,89.89,14.63,0.03,5,0,503.77,513.82
31-01-2020 06:00,454.92,22.51,87.86,0.06,0.09,5,0,500.19,513.96
31-01-2020 07:00,461.59,30.53,37.84,5.01,0.22,5,0,498.06,513.69
31-01-2020 08:00,431.36,36.29,89.07,7.1,0.15,5,0,494.34,513.24
31-01-2020 10:00,565.58,28.46,68.18,5.82,0.01,5,0,499.86,514.17
01-02-2020 00:00,477.92,35.72,41.02,12.86,0.32,6,1,500.24,514.77
01-02-2020 02:00,413.66,22.34,47.04,14.1,0.12,6,1,496.9,514.58
01-02-2020 09:00,454.94,22.47,30.64,5.19,0.18,6,1,501.62,513.39
01-02-2020 10:00,493.2,23.68,69.45,5.97,0.12,6,1,498.61,513.57
01-02-2020 11:00,490.12,19.68,65.13,1.47,0.28,6,1,499.96,513.78
01-02-2020 14:00,437.02,36.81,42.69,8.32,0.49,6,1,497.91,513.58
02-02-2020 03:00,500.22,19.33,44.4,8.06,0.51,7,1,493.66,514.1
02-02-2020 06:00,496.54,26.63,89.13,4.09,0.02,7,1,500.84,513.73
02-02-2020 07:00,433.68,23.59,31.15,0.12,0.19,7,1,493.41,513.61
02-02-2020 11:00,545.12,22.54,64.19,7.83,0.09,7,1,502.16,513.85
02-02-2020 15:00,492.14,18.57,34.48,7.27,0.79,7,1,501.25,512.17
02-02-2020 16:00,473.79,23.26,53.02,7.68,0.29,7,1,504.99,512.22
02-02-2020 19:00,469.23,27.62,50.84,9.42,0.01,7,1,502.1,511.71
02-02-2020 22:00,464.86,19.28,72.36,10.59,0.3,7,1,497.28,511.06
03-02-2020 14:00,479.65,29.9,31.39,13.75,0.02,1,0,503.56,510.25
03-02-2020 17:00,512.01,25.28,68.02,13.8,0.11,1,0,508.48,510.53
03-02-2020 19:00,541.47,32.15,48.22,8.25,0.45,1,0,512.92,512.02
03-02-2020 23:00,475.41,13.2,55.5,6.7,0.01,1,0,506.5,511.4
04-02-2020 02:00,608.6,30.62,61.83,9.02,0.13,2,0,508.44,512.06
05-02-2020 02:00,540.72,16.39,38.08,7.36,0.09,3,0,513.92,512.42
05-02-2020 03:00,649.86,21.35,54.55,2.98,0.59,3,0,520.9,513.44
05-02-2020 07:00,512.33,32.97,82.2,7.73,0.08,3,0,515.85,513.86
05-02-2020 10:00,437.28,21.92,51.67,2.96,0.09,3,0,518.5,513.09
05-02-2020 16:00,413.43,11.65,87.76,11.65,0.18,3,0,506.26,511.93
05-02-2020 18:00,514.34,12.17,51.8,14.37,0.2,3,0,506.04,512.17
05-02-2020 19:00,566.26,13.33,58.61,11.23,0.23,3,0,504.97,512.23
06-02-2020 02:00,504.13,23.6,83.67,5.34,0.05,4,0,493.13,512.55
06-02-2020 04:00,459.79,33.81,44.96,4.03,0.03,4,0,484.73,511.95
06-02-2020 05:00,508.25,24.02,76.83,4.52,0.01,4,0,486.39,511.73
06-02-2020 08:00,419.72,20.49,41.09,12.37,0.07,4,0,486.04,511.2
06-02-2020 09:00,496.2,34.39,36.12,12.85,0.32,4,0,484.96,511.51
06-02-2020 13:00,525.39,20.37,53.93,7.06,0.26,4,0,493.9,511.41
06-02-2020 14:00,464.81,12.37,46.72,4.7,0.07,4,0,490.55,511.35
06-02-2020 15:00,544.27,21.64,46.4,5.95,0.14,4,0,496.58,511.34
06-02-2020 16:00,423.49,29.46,51.54,11.65,0.02,4,0,497,511.23
07-02-2020 13:00,492.86,17.83,40.63,4.61,0.03,5,0,494.27,511.76
07-02-2020 16:00,506.22,25.23,46.04,1.7,0.18,5,0,499.44,511.59
07-02-2020 19:00,467.38,24.84,66.08,1.37,0.37,5,0,504.71,510.76
08-02-2020 00:00,588.03,37.13,65.21,4.64,0.17,6,1,514.7,511.01
08-02-2020 02:00,480.4,24.8,73.01,11.16,0.26,6,1,509.65,511.36
08-02-2020 03:00,458.75,45,42.92,7.69,0.15,6,1,506.68,510.86
08-02-2020 07:00,555.18,26.26,79.48,7.26,0.1,6,1,512.09,511.26
08-02-2020 12:00,455.18,19.91,46.99,3.64,0.24,6,1,497.63,511.46
08-02-2020 19:00,537.62,21.33,53.14,12.72,0.01,6,1,502.59,513.22
09-02-2020 01:00,464.69,31.67,49.33,13.78,0.13,7,1,504.07,512.9
09-02-2020 05:00,483.61,15.77,67.74,2.9,0.16,7,1,510.97,512.98
09-02-2020 10:00,503.91,14.96,81.74,2.27,0.02,7,1,514.41,513.49
09-02-2020 15:00,451.56,36.4,77.92,7.4,0.04,7,1,506.53,513.34
09-02-2020 23:00,538.75,17.93,34.96,1.15,0.14,7,1,506.82,514.01
10-02-2020 01:00,590.22,25.05,74.33,4.67,0.35,1,0,508.28,514.13
10-02-2020 03:00,567.15,22.03,76.55,12.19,0.04,1,0,508.53,514.56
10-02-2020 07:00,546.46,18.63,44.57,9.86,0,1,0,509.89,514.3
10-02-2020 08:00,493.62,23.3,64.6,4.4,0.22,1,0,506.61,514.21
10-02-2020 10:00,425.85,22.43,76.53,9.64,0.02,1,0,503.01,513.39
10-02-2020 11:00,499.72,17.51,42.95,9.26,0.41,1,0,503.89,513.71
10-02-2020 12:00,501.68,17.99,74.48,10.49,0.65,1,0,502.49,513.75
10-02-2020 14:00,426.34,15.27,59.83,8.09,0.3,1,0,498.47,512.85
10-02-2020 16:00,543.59,30.96,53.43,2.6,0.01,1,0,507.49,512.72
10-02-2020 18:00,557.54,24.81,56.82,4.29,0.05,1,0,510.36,513.07
10-02-2020 22:00,421.99,16.78,74.29,8.32,0.1,1,0,499.83,512.65
10-02-2020 23:00,592.73,26.93,32.46,6.65,0.09,1,0,502.07,513.36
11-02-2020 04:00,486.3,23.11,72.46,10.97,0.29,2,0,492.31,512.33
11-02-2020 09:00,493.97,30.49,30.41,3.19,0.26,2,0,496.45,512.37
11-02-2020 23:00,503.15,33.48,48.49,0.65,0.7,2,0,498.03,510.59
12-02-2020 00:00,415.18,13.79,31.74,8.26,0.17,3,0,492.13,509.71
12-02-2020 04:00,564.27,25.2,70.68,7.32,0.37,3,0,496.61,508.78
12-02-2020 05:00,439.76,11.25,51.28,4.26,0.12,3,0,494.95,508.61
12-02-2020 09:00,551.59,22.35,36.26,9.99,0.55,3,0,492.22,508.56
13-02-2020 00:00,485.11,34.85,57.89,7.82,0.04,4,0,500.59,510.31
13-02-2020 03:00,515.03,19.98,66.04,0.69,0.02,4,0,508.22,511.57
13-02-2020 20:00,458.14,34.14,63.98,5.57,0.75,4,0,504.9,512.2
13-02-2020 23:00,496.14,12.1,55.11,12.24,0.28,4,0,505.06,512.99
14-02-2020 00:00,490.58,14.26,40.29,3.98,0.25,5,0,505.28,513.41
14-02-2020 03:00,491.51,22.38,45.71,9.26,0.09,5,0,498.7,512.79
14-02-2020 07:00,490.12,34.99,68.86,14.03,0.09,5,0,495.44,513.39
14-02-2020 09:00,444.14,35.32,61.39,2.23,0.15,5,0,499.52,512.74
14-02-2020 10:00,606.4,41.89,65.84,4.7,0.86,5,0,507.76,512.52
14-02-2020 11:00,462.76,26.61,51.53,5.96,0,5,0,505.45,512.44
14-02-2020 14:00,610.42,29.64,81.91,5.74,0.06,5,0,507.36,512.64
14-02-2020 15:00,404.45,25.96,78.89,9.95,0.04,5,0,505.82,512.17
14-02-2020 20:00,464.1,34.94,49.38,6.42,0.47,5,0,503.94,512.34
14-02-2020 21:00,470.01,21.03,38.26,2.77,0.02,5,0,502.1,512.21
14-02-2020 22:00,492.58,18.75,73.66,14.95,0,5,0,500.03,512.17
15-02-2020 00:00,497.77,30.5,63.04,12.82,0.44,6,1,498.13,510.99
15-02-2020 03:00,516.03,29.58,46.75,4.3,0.25,6,1,497.51,511.45
15-02-2020 06:00,615.87,35.3,43.48,9.93,0.13,6,1,496.86,511.57
15-02-2020 12:00,506.98,19.42,38.15,9.8,0.06,6,1,493.21,511.66
15-02-2020 14:00,480.54,32.58,56.85,2.03,0.14,6,1,490.55,511.34
15-02-2020 18:00,421.39,19.67,39.82,10.59,0.02,6,1,493.13,511.25
15-02-2020 19:00,504.94,18.57,51.27,2.24,0.22,6,1,492.54,511.05
15-02-2020 22:00,362.93,28.72,59.65,7.96,0.31,6,1,492.96,510.56
16-02-2020 03:00,548.76,23.38,85.93,8.51,0.31,7,1,491.64,508.93
16-02-2020 09:00,489.86,19.92,85.82,6.96,0.24,7,1,485.51,507.88
16-02-2020 17:00,542.62,42.53,81.35,9.25,0.15,7,1,488.97,509.85
16-02-2020 20:00,478.45,15.3,43.86,6.61,0.21,7,1,488.11,508.89
16-02-2020 23:00,511.12,30.8,45.25,13.45,0.04,7,1,494.94,508.79
17-02-2020 01:00,499.09,18.06,48.57,7.72,0,1,0,499.46,508.2
17-02-2020 04:00,466.21,29.04,81.53,14.01,0.31,1,0,505.78,508.04
17-02-2020 13:00,407.09,15.09,56.97,13.71,0.18,1,0,508.23,508.63
17-02-2020 14:00,464.66,22.1,56.79,13.32,0.03,1,0,506.92,508.86
17-02-2020 16:00,441.39,16.72,30.16,12.16,0.12,1,0,498.57,508.04
17-02-2020 22:00,536.66,26.68,85.85,8.4,0.11,1,0,496.41,508.46
17-02-2020 23:00,531.83,27.59,52.89,7.92,0.26,1,0,497.27,508.09
18-02-2020 11:00,519.78,14.58,34.16,3.8,0.12,2,0,489.97,506.96
18-02-2020 20:00,538.79,23.9,48.98,12.83,0.24,2,0,495.24,506.64
19-02-2020 02:00,470.45,21.2,43.94,4.51,0.63,3,0,494.42,507.96
19-02-2020 03:00,447.44,23.77,39.95,6.58,0.13,3,0,492.08,507.71
19-02-2020 04:00,420.26,28.55,35.15,1.41,0.07,3,0,490.87,506.83
19-02-2020 05:00,565.64,30.95,69.64,11.85,0.07,3,0,495.11,507.6
19-02-2020 20:00,487.34,20.22,45.02,5.98,0.2,3,0,499.28,507.97
19-02-2020 23:00,466.98,21.87,80.34,0.03,0.05,3,0,499.51,507.59
20-02-2020 06:00,454.2,18.91,77.48,2.36,0.05,4,0,501.73,505.78
20-02-2020 10:00,560.98,14.4,44.92,11.72,0.01,4,0,492.48,506.47
20-02-2020 16:00,517.7,28.21,88.17,0.19,0.46,4,0,488.59,505.64
20-02-2020 19:00,502.18,17,53.6,9.45,0,4,0,485.19,504.92
21-02-2020 15:00,562.2,18.7,74.52,14.57,0.05,5,0,501.25,504.91
22-02-2020 01:00,513.46,20.29,76.98,1.8,0,6,1,498.93,505.14
22-02-2020 10:00,488.77,38.03,74.56,2.9,0.65,6,1,492,504.73
22-02-2020 15:00,481.55,24.52,47.57,12.58,0.1,6,1,491.33,504.47
22-02-2020 18:00,525.41,29.22,85.32,10.91,0.1,6,1,495.82,505.03
23-02-2020 03:00,484.87,15.33,78.42,14.35,0.03,7,1,513.95,508.45
23-02-2020 13:00,435.78,24.5,72.26,2.99,0.58,7,1,515.81,508.82
23-02-2020 18:00,521.98,10.52,73.81,9.73,0.01,7,1,518.17,508.86
24-02-2020 01:00,523.91,28.99,86.42,6.98,0.75,1,0,515.24,510.33
24-02-2020 10:00,544.65,23.35,61.9,11.9,0.1,1,0,522.09,510.61
24-02-2020 12:00,392.35,27.79,88.43,2.69,0.04,1,0,515.88,509.76
24-02-2020 17:00,475.08,20.69,49.52,9.63,0.02,1,0,507.95,510.83
24-02-2020 18:00,498.29,15.58,53.07,8.85,0.11,1,0,506.96,510.92
24-02-2020 22:00,450.83,34.49,40.48,2.79,0.02,1,0,502.02,509.83
25-02-2020 01:00,494.58,30.06,33.55,10.56,0.28,2,0,489.31,508.95
25-02-2020 06:00,511.57,27.78,67.31,13.31,0.34,2,0,495.7,510.94
25-02-2020 18:00,429.64,23.18,71.98,3,0.15,2,0,503.71,511.52
25-02-2020 20:00,498.28,18.35,41.37,1.05,0.63,2,0,507.06,511.44
25-02-2020 21:00,553.48,25.05,33.42,12.03,0.07,2,0,506.12,512.1
25-02-2020 22:00,446.14,14.31,41.5,0.21,0.02,2,0,505.92,511.87
26-02-2020 01:00,513.64,30.54,66.95,9.25,0.16,3,0,510.81,511.71
26-02-2020 04:00,540.53,22.15,77.36,1.83,0.01,3,0,507.04,512.84
26-02-2020 07:00,516.73,21.33,79.89,5.37,0.13,3,0,507.13,512.82
26-02-2020 11:00,563.05,28.42,75.81,12.18,0.16,3,0,503.72,512.95
26-02-2020 21:00,443.23,22.1,55.04,3.65,0.28,3,0,485.2,510.08
27-02-2020 04:00,452.7,30.86,60.74,1.81,0.3,4,0,485.12,510.48
27-02-2020 06:00,472.94,29.43,34.94,9.32,0.31,4,0,487.4,510.85
27-02-2020 14:00,527.65,15.85,53.03,7.16,0.09,4,0,488.8,512.46
27-02-2020 15:00,467.84,25.08,69.84,11.47,0.11,4,0,490.48,512.48
27-02-2020 18:00,429.94,29.37,64.56,4.54,0.1,4,0,490.5,511.77
27-02-2020 23:00,380.9,24.68,42.86,10.88,0.01,4,0,497.11,511.41
28-02-2020 04:00,529.6,25.98,30.87,0.56,1.04,5,0,492.98,510.45
28-02-2020 05:00,499.04,26.32,44.49,6.98,0.06,5,0,488.43,510.1
28-02-2020 11:00,423.18,18.28,72,3.36,0.08,5,0,476.26,509.11
28-02-2020 12:00,502.81,22.12,57.86,1.6,0.18,5,0,476.95,508.79
28-02-2020 13:00,429.82,24.52,30.57,8.92,0.17,5,0,473.25,508.71
29-02-2020 01:00,541.96,29.43,61.47,9.04,0.28,6,1,479.01,507.88
29-02-2020 05:00,478.33,20.93,45.45,5.77,0.05,6,1,482.42,508.79
29-02-2020 18:00,495.16,23.65,64.54,11.67,0.14,6,1,498.84,507.75
29-02-2020 19:00,478.58,22.49,38.94,5.16,0.09,6,1,497.92,507.12
29-02-2020 21:00,479.27,14.17,69.67,8.3,0.12,6,1,498.95,506.96
01-03-2020 05:00,538.33,17.17,68.1,0.72,0.83,7,1,487.73,505
01-03-2020 07:00,501.44,32.04,41.57,8.21,0.14,7,1,492.06,505.34
01-03-2020 09:00,459.98,24.24,33.59,6.49,0,7,1,487.09,504.52
01-03-2020 12:00,506.13,32.61,79.25,10.72,0.59,7,1,496.53,505.66
01-03-2020 17:00,567.6,22.19,53.02,7.11,0.1,7,1,502.77,505.67
01-03-2020 20:00,526.03,26.11,65.16,12.84,0.27,7,1,504.39,505.87
01-03-2020 23:00,463.78,30.13,71.02,1.46,0.77,7,1,501.27,504.06
02-03-2020 14:00,514.06,18.54,86.17,6.21,0.32,1,0,502.81,504.18
02-03-2020 22:00,527.76,32.13,62.03,5.21,0.72,1,0,507.75,505.93
02-03-2020 23:00,566.27,33.05,61.14,13.6,0.43,1,0,512.02,506.62
03-03-2020 03:00,486.89,27.07,69.03,8.56,0.26,2,0,511.34,505.99
03-03-2020 05:00,443.35,22.79,85.55,4.68,0.18,2,0,509.14,505.28
03-03-2020 07:00,524.64,20.76,34.27,5.98,0.34,2,0,500.8,504.82
03-03-2020 10:00,462.71,32.49,77.1,9.84,0,2,0,499.48,504.65
03-03-2020 12:00,456.12,26.88,66.91,9.81,0.67,2,0,499.6,503.9
03-03-2020 14:00,490.51,34.37,37.43,13.68,0.17,2,0,498.93,503.94
03-03-2020 17:00,504.5,35.37,47.67,1.24,0.06,2,0,498.99,503.46
03-03-2020 18:00,508.44,21.51,69.37,14.22,0.12,2,0,500.04,503.94
03-03-2020 22:00,609.59,31.44,88.17,8.36,0.2,2,0,498.97,504.91
03-03-2020 23:00,628.06,34.48,62.71,12.25,0.32,2,0,501.55,505.49
04-03-2020 02:00,529.77,34.38,82.1,9.91,0.28,3,0,497.72,504.39
04-03-2020 03:00,509.31,13.62,80.14,7.72,0.36,3,0,498.66,504.84
04-03-2020 06:00,502.93,22.76,63.46,11.46,0.06,3,0,507.74,504.86
04-03-2020 10:00,459.17,24.49,75.03,10.49,0.03,3,0,510.42,504.81
04-03-2020 12:00,504.92,28.37,85.01,12.79,0.07,3,0,509.82,504.59
04-03-2020 20:00,496.23,20.47,85.47,12.4,0.09,3,0,514.47,507.74
05-03-2020 02:00,617.74,9.23,76.31,12.54,0.12,4,0,519.67,509.39
05-03-2020 12:00,508.98,14.29,36.96,5.84,0.06,4,0,514.29,508.71
06-03-2020 00:00,478.44,25.08,58.82,4.27,0.34,5,0,502.85,509.94
06-03-2020 05:00,555.21,32.73,48.07,11.21,0.37,5,0,500.5,510.25
06-03-2020 12:00,528.82,20.61,47.93,11.51,0.47,5,0,489.05,510.48
06-03-2020 20:00,540.88,35.52,33.68,0.3,0.36,5,0,490.82,512.78
06-03-2020 21:00,488.31,29.47,87.66,0.37,0.22,5,0,487.99,512.69
07-03-2020 01:00,512.11,24.96,86.6,1.29,0.13,6,1,495.86,512.59
07-03-2020 06:00,495.43,33.6,68.93,6.65,0,6,1,492.94,511.95
07-03-2020 09:00,508.25,31.09,74.79,1.83,0.04,6,1,502.92,512.33
07-03-2020 10:00,480.45,20.88,66.22,8.89,0.03,6,1,505.1,512.43
07-03-2020 15:00,496.7,20.34,68.2,10.61,0.19,6,1,502.53,512.45
08-03-2020 02:00,423.34,24.42,55.37,5.01,0.02,7,1,490.46,511.77
08-03-2020 08:00,475.69,20.09,41.79,13.13,0.12,7,1,472.75,509.94
08-03-2020 15:00,635.33,23.67,71.38,11.63,0.18,7,1,486.39,510.6
08-03-2020 17:00,529.47,21.14,70.04,14.91,0.07,7,1,487.43,510.62
08-03-2020 20:00,425.9,26.61,69.21,8.44,0.09,7,1,489.45,510.12
08-03-2020 22:00,503.56,30.41,86.38,7.61,0.62,7,1,492.43,510.5
09-03-2020 13:00,573.88,13.15,89.82,9.75,0.06,1,0,494.96,508.87
09-03-2020 23:00,469.72,26.11,39.13,12.55,0.25,1,0,485.69,506.61
10-03-2020 00:00,532.44,26.44,52.92,7.43,0.16,2,0,488.17,506.57
10-03-2020 06:00,570.25,25.98,42.21,5.13,0.13,2,0,495.95,508.97
10-03-2020 13:00,598.93,25.17,76.18,8.38,0.09,2,0,510.82,510.46
10-03-2020 17:00,520.25,21.58,81.84,5.15,0.16,2,0,518,511.36
11-03-2020 05:00,482.38,26.97,45.37,0.51,0.15,3,0,525.39,511.14
11-03-2020 19:00,535.64,26.65,35.77,2.73,0,3,0,511.31,510.69
11-03-2020 20:00,527.08,37.64,76.57,9.4,0,3,0,510.57,510.88
11-03-2020 23:00,543.41,20.38,57.12,8.4,0.04,3,0,506.38,510.47
12-03-2020 00:00,463.71,24.08,51.26,7.72,0.04,4,0,505.85,510.39
12-03-2020 03:00,445.31,29.84,46.36,3.14,0.03,4,0,503.24,509.44
12-03-2020 08:00,460.06,19.9,79.7,1.59,0.09,4,0,499.46,508.76
12-03-2020 17:00,534.68,24.89,40.67,5.69,0.01,4,0,514.1,510.81
12-03-2020 18:00,428.9,23.98,53.96,14.63,0.13,4,0,509.51,510.76
12-03-2020 19:00,529.29,32.19,79.46,8.05,0.07,4,0,509.24,510.96
13-03-2020 05:00,486.09,15.13,73.65,11.01,0.13,5,0,506.18,510.56
13-03-2020 12:00,443.05,26.81,79.23,13.15,0.03,5,0,507.54,511.96
13-03-2020 13:00,490.24,30.81,43.54,9.01,0.56,5,0,505.31,512.61
13-03-2020 17:00,559.23,18.26,65.86,3.94,0.52,5,0,494.9,511.86
13-03-2020 23:00,581.3,22.76,35.76,11.52,0.17,5,0,493.66,510.55
14-03-2020 12:00,483.62,28.33,72.85,7.11,0.04,6,1,502.77,511.8
14-03-2020 15:00,544.47,25.99,34.64,5.51,0.07,6,1,507.33,512.51
14-03-2020 20:00,494.56,17.81,62.94,4.55,0.14,6,1,507.72,512.47
15-03-2020 07:00,489.34,22.62,40.35,10.15,0.1,7,1,506.91,515.59
15-03-2020 08:00,542.62,30.02,80.49,8.72,0.12,7,1,505.82,516
15-03-2020 12:00,571.33,20.13,67.34,9.42,0.76,7,1,509.53,515.72
15-03-2020 17:00,496.86,23.46,88.8,10.49,0.93,7,1,494.58,513.63
15-03-2020 20:00,473.29,29.24,41.53,3.44,0.38,7,1,499.89,513.99
16-03-2020 01:00,493.84,27.63,62.55,6.32,0.12,1,0,509.16,514.7
17-03-2020 04:00,483.73,32.38,35.84,6.84,0.28,2,0,499.32,516.81
17-03-2020 09:00,395.93,25.25,34.88,9.33,0.03,2,0,493.48,515.37
17-03-2020 20:00,491.93,29.96,61.37,11.98,0.5,2,0,497.19,513.89
17-03-2020 22:00,561.32,26.39,81.91,1.45,0.26,2,0,502.49,513.37
18-03-2020 03:00,508.97,34.65,53.79,13.03,0.06,3,0,499.08,513.49
18-03-2020 08:00,445.65,29.41,85.35,13.95,0.02,3,0,503.09,513.88
18-03-2020 16:00,549.94,31.36,39.89,6.68,0.08,3,0,515.17,514.67
18-03-2020 18:00,532.15,23.11,43,4.17,0.29,3,0,509.26,514.44
18-03-2020 19:00,501.4,35.77,59.01,2.38,0.02,3,0,511.41,514.23
19-03-2020 01:00,590.21,37.87,89.32,5.74,0.06,4,0,519.07,515.31
19-03-2020 05:00,487.62,25.23,41.92,10.11,0.2,4,0,514.08,514.96
19-03-2020 06:00,431.29,19.55,65.26,3.4,0.17,4,0,507.71,515
19-03-2020 20:00,472.85,31.8,59.23,14.6,0.32,4,0,496.14,511.83
19-03-2020 22:00,456.7,15.3,36.6,6.51,0.26,4,0,488.44,512
20-03-2020 05:00,512.41,25.39,84.67,8.87,0.04,5,0,480.22,511.18
20-03-2020 08:00,516.38,25.69,30.63,9.69,0.08,5,0,482.71,510.9
20-03-2020 13:00,412.61,25.53,59.93,5.93,0.14,5,0,482.95,510.56
20-03-2020 15:00,500,21.38,47.97,1.16,0.86,5,0,490.07,511.42
20-03-2020 16:00,547.51,29,49.06,1.8,0.19,5,0,490.67,511.87
20-03-2020 18:00,497.1,17.36,72.9,0.81,0.11,5,0,490.98,511.48
21-03-2020 02:00,537.21,24.03,52.01,13.57,0.02,6,1,500.9,511.85
21-03-2020 03:00,542.8,19.8,62.6,11.09,0.05,6,1,505.05,512.74
21-03-2020 13:00,422.17,26.14,49.64,10.66,0.02,6,1,511.66,511.69
22-03-2020 05:00,526.71,27.73,87.19,14,0.05,7,1,512.96,513.7
22-03-2020 09:00,520.75,28.09,48.56,7.64,0.14,7,1,509.18,512.57
22-03-2020 14:00,487.39,25.92,53.08,13.23,0.16,7,1,510.97,512.53
22-03-2020 22:00,470.26,28.2,74.29,0.83,0.39,7,1,497.12,511.49
22-03-2020 23:00,502.04,20.01,82.6,5.62,0.09,7,1,495.91,511.4
23-03-2020 02:00,646.52,27.31,42.91,14.85,0.24,1,0,495.87,511.03
23-03-2020 07:00,459.91,22.56,45.27,6.1,0.14,1,0,493.28,510.97
23-03-2020 10:00,545.21,20.05,70.28,7.59,0.39,1,0,497.75,510.92
24-03-2020 00:00,468.26,27.59,47.47,6.35,0.29,2,0,504.25,510.37
24-03-2020 04:00,528.03,31.95,50.49,11.18,0.29,2,0,494.24,510.39
24-03-2020 20:00,574.8,25.83,57.36,1.07,0.63,2,0,501.28,512.13
24-03-2020 22:00,447.24,43.97,69.17,9.89,0.12,2,0,500.78,511.37
25-03-2020 01:00,465.32,30.61,52.53,6.15,0.04,3,0,503.99,510.61
25-03-2020 07:00,519.81,24.22,54.05,11.89,0.1,3,0,512.75,511.19
25-03-2020 09:00,500.68,29.3,49.29,2.31,0.01,3,0,514.51,511.76
25-03-2020 14:00,539.2,34.81,49.75,9.05,0.01,3,0,506.56,511.09
25-03-2020 21:00,533.45,21.55,38.45,14.99,0.13,3,0,496.35,509.93
25-03-2020 23:00,466.68,27.91,60.47,4.09,0.39,3,0,492.83,508.12
26-03-2020 08:00,500.19,18.63,47.27,1.95,0.02,4,0,479.58,507.13
27-03-2020 06:00,502.38,40.81,75.75,0.15,0.16,5,0,513.94,511.86
27-03-2020 07:00,451.98,17.65,44.78,11.93,0.05,5,0,512.14,511.52
27-03-2020 08:00,578.26,36.51,88.55,8.92,0.16,5,0,515.4,511.89
27-03-2020 09:00,525.02,15.32,84.69,14.64,0.09,5,0,515.93,512.03
27-03-2020 19:00,472.47,25.04,43.63,4.56,0.31,5,0,506.26,511.86
28-03-2020 00:00,481.48,24.99,40.42,6.72,0.03,6,1,499.9,510.88
28-03-2020 01:00,457.91,20.15,72.03,9.68,0.13,6,1,496.1,510.67
28-03-2020 10:00,486.54,34.52,80.22,2.16,0.16,6,1,498.27,510.61
28-03-2020 13:00,599.37,20.57,54.18,1.98,0.03,6,1,505.19,511.58
28-03-2020 17:00,518.3,28.08,49.71,1.74,0.31,6,1,508.43,512.62
28-03-2020 18:00,420.13,11.9,54.96,14.16,0.28,6,1,505.44,511.78
29-03-2020 00:00,545.83,22.36,61.58,14.26,0.22,7,1,512.59,511.97
29-03-2020 15:00,427.86,14.15,53.68,5.39,0.38,7,1,498.78,510.43
29-03-2020 23:00,494.03,32.93,77.24,2.44,0.1,7,1,502.51,512.39
30-03-2020 06:00,511.39,22.14,46.96,2.07,0.06,1,0,492.84,510.99
30-03-2020 14:00,425.89,16.09,59.85,9.96,0.39,1,0,492.82,510.2
30-03-2020 15:00,453.15,19.96,81.08,0.47,0.02,1,0,493.88,509.69
30-03-2020 20:00,415.8,35.35,66.15,11.74,0.13,1,0,479.7,508.16
30-03-2020 22:00,501.56,16.57,45.56,13.03,0.03,1,0,480.12,508.68
30-03-2020 23:00,605.87,18.4,70.98,6.68,0.39,1,0,484.78,509.69
31-03-2020 01:00,474.77,20.01,45.51,3.59,0.04,2,0,489.14,510.52
31-03-2020 02:00,464.9,36.76,44.45,10.67,0.28,2,0,492.65,510.1
31-03-2020 03:00,575.14,20.39,78.26,2.3,0.42,2,0,496.15,510.44
31-03-2020 05:00,509.54,16.16,49.53,10.22,0.02,2,0,488.79,510.17
31-03-2020 10:00,522.87,18.02,57.13,8.97,0.38,2,0,485.83,510.78
31-03-2020 18:00,483.19,24.27,56.27,5.73,0,2,0,501.72,508.36
31-03-2020 19:00,494.03,24.16,63.9,12.41,0.1,2,0,499.23,508.82
31-03-2020 20:00,501.76,18.22,33.59,8.66,0.01,2,0,502.82,508.38
01-04-2020 00:00,505.9,29.55,45.89,14.41,0.24,3,0,496.56,509.38
01-04-2020 01:00,469.57,26.88,65.97,0.97,0.07,3,0,496.34,509.41
01-04-2020 02:00,503.69,18.79,58.74,10.09,0.18,3,0,497.96,509.5
01-04-2020 05:00,511.33,21.07,30.19,10.41,0.44,3,0,500.46,509.1
01-04-2020 07:00,598.44,26.08,43.53,4.28,0.03,3,0,504.08,509.1
01-04-2020 08:00,467.58,15.22,56.36,5.01,0.06,3,0,501.99,508.68
01-04-2020 09:00,416.61,17.52,52.6,9.48,0.15,3,0,498.12,508.17
01-04-2020 10:00,543.01,16.02,46.48,7.63,0.07,3,0,498.96,508.04
01-04-2020 12:00,484.85,21.65,42.31,14.57,0.11,3,0,496.93,508.25
01-04-2020 15:00,517.73,32.86,32.09,10.5,0.2,3,0,501.6,508.52
02-04-2020 02:00,481.46,7.99,57.66,6.99,0.18,4,0,509.86,512.34
02-04-2020 04:00,493.41,23.51,81.9,11.33,0.35,4,0,507.15,512.57
02-04-2020 07:00,429.39,28.65,80.62,14.83,0.05,4,0,502.35,512.2
02-04-2020 08:00,618.04,24.05,84.87,11.62,0.09,4,0,508.62,512.91
02-04-2020 09:00,543.87,19.96,48.63,9.32,0.09,4,0,513.92,513.1
02-04-2020 13:00,519.59,23.8,31.4,10.83,0.44,4,0,510.43,512.44
03-04-2020 01:00,558.17,28.83,73.71,3.67,0.24,5,0,497.84,510.27
03-04-2020 04:00,475.23,25.36,74.8,10.81,0.24,5,0,495.09,509.62
03-04-2020 09:00,540.95,18.12,69.08,13.56,0.39,5,0,496.06,510.21
03-04-2020 10:00,577.68,19.17,47.27,14.63,0.02,5,0,503,510.91
03-04-2020 14:00,534.95,38.16,41.89,10.73,0.4,5,0,509.61,511.52
03-04-2020 15:00,612.24,25.2,42.65,11.09,0.06,5,0,514.22,512.04
03-04-2020 18:00,441.29,27.03,74.8,2.25,0.05,5,0,517.71,512.31
03-04-2020 22:00,546.3,31.89,52.25,9.47,0.04,5,0,513.95,512.39
04-04-2020 04:00,523.6,26.71,88.51,14.88,0.03,6,1,518.78,513.03
04-04-2020 07:00,461.55,27.37,63.52,12.11,0.06,6,1,515.57,512.09
04-04-2020 12:00,381.65,34.83,31.08,8.06,0.08,6,1,506.18,511.96
04-04-2020 15:00,474,23.11,74.79,8.53,0.15,6,1,498.6,511.04
04-04-2020 16:00,551.08,17.7,60.37,11.83,0.2,6,1,498.73,511.27
05-04-2020 02:00,531.44,32.33,59.89,0.75,0.23,7,1,509.31,512.12
05-04-2020 09:00,514.53,28.28,50.32,8.17,0.49,7,1,507.84,512.57
05-04-2020 13:00,503.42,22.12,43.02,5.74,0.22,7,1,523.97,513.94
05-04-2020 19:00,458.78,39.36,66.51,7.74,0.03,7,1,523.06,514.7
05-04-2020 20:00,453.78,20.82,64.82,1.77,0.09,7,1,522.24,514.28
06-04-2020 01:00,537.83,25.85,64.09,2.14,0.12,1,0,518.17,514.98
06-04-2020 03:00,458.11,18.55,75.79,4.6,0.08,1,0,512.72,515.14
06-04-2020 04:00,494.23,6.3,69.44,8.73,0.17,1,0,510.65,514.64
06-04-2020 08:00,588.28,19.22,37.32,3.3,0.01,1,0,515.46,514.99
06-04-2020 10:00,493.89,23.6,37.06,13.62,0.04,1,0,509.95,514.44
06-04-2020 15:00,382.36,22.94,45.09,7.29,0.13,1,0,504.99,516.2
06-04-2020 17:00,545.64,35.64,38.68,11.33,0.1,1,0,507.79,517.02
06-04-2020 18:00,547.57,30.9,30.6,14.01,0.03,1,0,506.17,518.48
06-04-2020 23:00,587.1,14.39,74.7,10.55,0.01,1,0,502.72,517.15
07-04-2020 02:00,527.6,19.92,78.23,10.86,0.36,2,0,506.56,517.36
07-04-2020 06:00,429.36,26.44,32.39,11.72,0.21,2,0,497.8,515.87
07-04-2020 07:00,520.02,21.79,55.89,9.17,0.24,2,0,498.03,516.1
07-04-2020 12:00,555.76,24.65,69.33,11.12,0.2,2,0,489.57,515.16
07-04-2020 15:00,433.23,27.2,33.45,5.89,0.18,2,0,491.89,515.57
07-04-2020 21:00,470.39,17.51,36.38,10.66,0.08,2,0,492.56,515.93
08-04-2020 00:00,576.92,27.35,55.11,0.06,0.12,3,0,494.78,516.58
08-04-2020 07:00,449.87,19.94,70.77,12.91,0.09,3,0,503.74,516.05
08-04-2020 14:00,484.06,20.73,69.91,0.69,0.09,3,0,506.53,516.8
08-04-2020 16:00,489.13,23.6,63.07,10.5,0.58,3,0,503.77,516.1
08-04-2020 18:00,536.37,33.53,64.78,0.8,0.28,3,0,503.31,516.08
08-04-2020 20:00,463.32,29.9,64.98,0.97,0.23,3,0,499.42,514.84
09-04-2020 02:00,552.15,19.36,32.34,11.36,0.24,4,0,497.9,514.96
09-04-2020 05:00,472.27,24.54,72.5,2.67,0.14,4,0,494.62,515.22
09-04-2020 12:00,516.96,32.61,55.13,5.54,0.56,4,0,483.54,513.96
09-04-2020 20:00,564.48,20.87,81.99,1.91,0.02,4,0,491.32,514.44
10-04-2020 02:00,410.75,16.59,54.68,10.18,0.65,5,0,478.72,512.27
10-04-2020 06:00,466.77,26.23,72.53,7.12,0.21,5,0,484.05,512.12
10-04-2020 07:00,420.57,18.51,78.67,12.54,0.16,5,0,480.22,512.06
10-04-2020 11:00,459.83,29.98,55.83,11.12,0.21,5,0,485.25,511.04
10-04-2020 16:00,425.09,24.87,84.85,6.23,0.23,5,0,485.71,509.08
10-04-2020 19:00,512.64,29.75,47.3,3.03,0.14,5,0,492.39,510.29
11-04-2020 02:00,486.86,14.63,52.16,6.63,0.1,6,1,505.89,510.9
11-04-2020 07:00,515.63,32.73,85.97,9.74,0,6,1,507.29,510.86
11-04-2020 18:00,356.2,16.11,32.93,8.47,0.29,6,1,490.46,508.56
11-04-2020 23:00,507.92,27.68,69.22,14.85,0.32,6,1,491.34,508.91
12-04-2020 04:00,455.94,26.38,86.87,6.7,0.22,7,1,489.14,507.92
12-04-2020 05:00,449.71,20.76,73.06,1.06,0.44,7,1,486.57,507.71
12-04-2020 11:00,516.4,31.72,75.83,14.17,0.03,7,1,490.15,505.83
12-04-2020 15:00,503.81,29.59,81.25,4.17,0.41,7,1,494.83,505.83
12-04-2020 17:00,454.04,23.98,77.08,10.87,0.38,7,1,494.81,505.36
12-04-2020 18:00,444.77,15.34,67.15,13.28,0.16,7,1,498.5,504.5
12-04-2020 22:00,561.64,27.87,52.05,0.6,0.16,7,1,499.76,505.51
13-04-2020 11:00,528.98,17.05,71.77,10.36,0.15,1,0,512.21,506.51
13-04-2020 13:00,467.29,21.23,88.52,3.22,0.04,1,0,504.67,505.44
14-04-2020 08:00,453.28,14.39,81.95,0.01,0.3,2,0,497.19,507.29
14-04-2020 22:00,560.86,28.69,76.55,7.91,0.54,2,0,507.95,508.66
15-04-2020 06:00,464.66,40.3,56.9,7.17,0.42,3,0,493.84,505.84
15-04-2020 20:00,522.52,35.33,49.82,7.07,0.15,3,0,481.44,505.55
15-04-2020 22:00,462.63,37.18,67.69,14.15,0.3,3,0,475.94,505.02
16-04-2020 01:00,412.44,9.25,58.38,14.5,0.08,4,0,473.9,504.44
16-04-2020 07:00,534.02,23.32,44.34,10.67,0.62,4,0,488.38,505.11
16-04-2020 09:00,441.13,32.57,63.57,4.99,0.16,4,0,487.78,505.1
16-04-2020 20:00,589.73,16.98,31.35,9.12,0.03,4,0,494.38,506
16-04-2020 23:00,493.14,22.9,74.35,12.78,0.05,4,0,492.09,506.18
17-04-2020 02:00,502.73,23.09,48.26,8.18,0,5,0,499.82,507.39
17-04-2020 03:00,460.37,34.89,88.32,1.56,0.1,5,0,497.15,507.22
17-04-2020 21:00,477.19,15.51,85.36,7.94,0.3,5,0,499.89,507.36
18-04-2020 00:00,477.13,29.76,33.18,12.48,0.05,6,1,498.8,505.86
18-04-2020 05:00,455.28,16.91,75.51,8.74,0.12,6,1,495.45,505.21
18-04-2020 08:00,458.61,31.24,39.83,5.63,0.04,6,1,490.56,505.12
18-04-2020 17:00,550.63,18.8,79.04,5.96,0.17,6,1,514.36,509.55
19-04-2020 10:00,442.27,17.37,35.89,4.95,0.5,7,1,522.64,510.87
19-04-2020 17:00,461.53,28.41,46.87,7.02,0.15,7,1,493.17,509.31
19-04-2020 19:00,555.68,35.55,75.06,14.18,0.01,7,1,493.17,510.69
20-04-2020 00:00,517.31,22.98,31.41,1.97,0.09,1,0,490.65,509.19
20-04-2020 06:00,490.76,31.46,89.21,3.6,0,1,0,491.04,507.15
20-04-2020 08:00,502.92,17.08,52.11,11.24,0.04,1,0,489.23,507.31
20-04-2020 10:00,513.09,28.57,59.52,2.51,0.27,1,0,489.37,507.61
20-04-2020 18:00,513.99,25.74,51.14,12,0.21,1,0,501.59,508.22
20-04-2020 22:00,544.91,21.21,58.77,5.53,0.17,1,0,501.43,508.16
21-04-2020 01:00,538.36,18.16,78.61,1.57,0.44,2,0,506.02,509.55
21-04-2020 04:00,457.02,22.4,42.59,10.27,0.01,2,0,505.96,508.81
21-04-2020 06:00,480.57,14.98,89.71,10.81,0.23,2,0,504.73,508.25
21-04-2020 08:00,487.9,29.82,31.46,8.8,0.02,2,0,505.77,508.56
21-04-2020 12:00,508.64,28.41,46.68,14.21,0.01,2,0,501.11,507.79
21-04-2020 13:00,562.23,27.05,77.61,6.13,0.1,2,0,501.61,508.31
21-04-2020 17:00,483.18,26.75,49.6,0.41,0.29,2,0,494.54,507.25
22-04-2020 03:00,501.59,12.87,73.13,13.42,0.19,3,0,485.71,507.61
22-04-2020 04:00,489.49,12.67,36.36,9.84,0.22,3,0,487.06,507.79
22-04-2020 08:00,546.39,23.36,60.44,14.25,0.03,3,0,494.34,508.25
22-04-2020 18:00,465.6,21.38,45.12,8.7,0.36,3,0,506.4,509.87
22-04-2020 19:00,484.7,10.64,31.52,4.47,0.12,3,0,502.75,510.43
22-04-2020 20:00,470.97,29.66,85.12,8.09,0.28,3,0,500.14,510.11
23-04-2020 08:00,417.84,27.22,79.25,8.5,0.05,4,0,497.03,509.73
23-04-2020 09:00,481.77,34.62,36.36,9.37,0.35,4,0,496.27,509.98
23-04-2020 18:00,499.73,20.54,69.18,1.05,0.1,4,0,479.68,509.15
23-04-2020 20:00,500.21,38.92,75.72,4.46,0.11,4,0,483.97,508.6
23-04-2020 22:00,457.67,21.48,69.94,8.91,0.08,4,0,481.65,509.01
24-04-2020 03:00,529.14,29.34,62.98,7.24,0.05,5,0,501.06,510.14
24-04-2020 04:00,507.57,16,73.04,13.72,0.13,5,0,501.66,510.58
24-04-2020 05:00,570.05,30.15,56.41,5.89,0.86,5,0,500.46,510.75
24-04-2020 06:00,539.73,23.33,54.19,1.93,0.47,5,0,500.91,510.81
24-04-2020 09:00,516.91,16.6,89.56,7.32,0.03,5,0,497.72,509.31
24-04-2020 11:00,455.12,23.14,75.04,0.45,0.26,5,0,494.78,508.8
24-04-2020 16:00,541.27,29.19,74.75,13.05,0.12,5,0,499.88,508.85
24-04-2020 18:00,480.77,19.28,33.74,9.39,0.22,5,0,499.59,508.78
24-04-2020 19:00,432.54,21.62,48.55,0.17,0.47,5,0,494.34,508.21
24-04-2020 23:00,510.65,22.04,51.89,14.14,0.17,5,0,495.18,508.26
25-04-2020 10:00,452.28,34.49,71.4,11.36,0.09,6,1,484.43,507.97
25-04-2020 16:00,555.68,12.93,87.85,5.72,0.08,6,1,492.05,506.06
25-04-2020 17:00,603.56,16.49,77.01,10.01,0.12,6,1,496.91,506.38
25-04-2020 22:00,441.77,30.68,63.28,11.69,0.06,6,1,504.16,506.03
26-04-2020 00:00,519.77,14.71,86.76,0.86,0.06,7,1,505.12,505.96
26-04-2020 06:00,420.81,37.94,31.58,3.5,0.24,7,1,494.76,505.5
26-04-2020 10:00,529.72,23.48,36.77,11.85,0.04,7,1,503.72,505.22
26-04-2020 11:00,438.56,18.9,48.9,12.16,0.1,7,1,500.29,505.2
26-04-2020 14:00,440.36,30.72,73.2,14.02,0.03,7,1,497.22,505.85
27-04-2020 02:00,437.19,24.26,64.41,0.26,0.12,1,0,488.95,505.84
27-04-2020 10:00,595.4,36.73,73.66,9.97,0,1,0,501.17,506.94
27-04-2020 11:00,512.97,22.04,57.82,12.69,0.48,1,0,504.27,506.48
27-04-2020 18:00,438.27,18.56,48.74,1.57,0.11,1,0,500.28,505.78
27-04-2020 20:00,483.94,16.69,72.08,3.6,0.22,1,0,501.18,506.14
27-04-2020 23:00,522.8,30.29,64.57,4.49,0.1,1,0,499.31,505.68
28-04-2020 00:00,515.18,26.85,71.13,2.23,0.06,2,0,496.95,505.72
28-04-2020 01:00,579.31,26.23,86.55,5.03,0.16,2,0,502.72,505.97
28-04-2020 09:00,452.35,17.98,46.02,3.67,0.25,2,0,502.35,506.53
28-04-2020 12:00,466.87,28.05,44.29,8.64,0.09,2,0,505.49,506.35
28-04-2020 22:00,484.25,27.97,56.76,7.83,0.1,2,0,512.87,507.36
28-04-2020 23:00,503.31,24.38,58.87,11.44,0.04,2,0,512.06,507.8
29-04-2020 16:00,459.01,23.97,44.15,12.35,0.38,3,0,492.19,504.92
29-04-2020 22:00,574.64,26.22,73.24,3.87,0.13,3,0,495.85,506.79
30-04-2020 01:00,510.01,15.93,86.41,1.12,0.21,4,0,500.17,508.5
30-04-2020 04:00,448.03,17.08,62.62,4.63,0.01,4,0,499.79,508.81
30-04-2020 10:00,548.59,29.08,67.99,3.15,0.1,4,0,509.61,508.79
30-04-2020 12:00,442.99,32.32,56.52,13.72,0.02,4,0,506.55,508.83
30-04-2020 17:00,530.16,30.9,46.47,2.14,0.04,4,0,508.7,509.47
30-04-2020 18:00,425.57,19.49,39.37,6.72,0.17,4,0,507.02,509.02
01-05-2020 00:00,548.4,25.37,87.43,0.44,0.24,5,0,494.03,508.74
01-05-2020 03:00,491.86,19.96,88.49,0.12,0.35,5,0,496.78,508.46
01-05-2020 09:00,405.52,37.55,62.46,9.1,0.14,5,0,491.45,507.43
01-05-2020 12:00,471.44,30.74,51.05,5.88,0.07,5,0,491.74,508.36
01-05-2020 18:00,532.56,25.03,47.78,14.54,0.08,5,0,497.01,508.65
01-05-2020 19:00,431.54,19.93,51.74,11.85,0.03,5,0,494.15,508.64
02-05-2020 02:00,522.53,22.52,39.7,3.8,0.15,6,1,481.61,508.14
02-05-2020 10:00,443.24,24.64,31.99,1.65,0.35,6,1,487.72,508.52
02-05-2020 16:00,410.1,26.63,57.66,9.85,0.44,6,1,485.95,506.83
03-05-2020 05:00,530.66,19.75,51.27,10.1,0,7,1,491.91,506.34
03-05-2020 10:00,478.98,26.04,71.63,1.37,0.39,7,1,481.89,505.34
03-05-2020 14:00,487.44,28.04,55.9,6.39,0.47,7,1,490.26,506.31
03-05-2020 20:00,384.89,21.8,43.78,8.56,0.18,7,1,491.44,506.2
03-05-2020 23:00,478.09,33.56,31.52,1.62,0.05,7,1,491.43,505.94
04-05-2020 03:00,443.16,20.49,62.54,9.9,0.25,1,0,493.83,506.6
04-05-2020 07:00,501.32,17.65,45.51,13.84,0.12,1,0,498.93,506.7
04-05-2020 10:00,562.86,28.17,81.06,8.25,0.05,1,0,503.78,505.72
04-05-2020 11:00,587.14,25.33,82.03,13.4,0.06,1,0,505.33,506.17
04-05-2020 22:00,448.26,30.16,35.28,6.78,0.2,1,0,501.86,506.59
05-05-2020 05:00,433.14,32.36,48.67,5.41,0.21,2,0,497.88,504.71
05-05-2020 20:00,522.04,37.11,88.57,5.25,0.18,2,0,493.23,504.01
06-05-2020 00:00,544.07,20.44,69.32,0.03,0.05,3,0,504.39,504.64
06-05-2020 04:00,493.08,29.45,81.99,0.61,0.07,3,0,503.49,505.08
06-05-2020 20:00,601.06,41.5,75.41,0.5,0.67,3,0,509.26,506.69
06-05-2020 21:00,489.18,18.02,77.34,8.76,0.17,3,0,508.5,506.43
07-05-2020 00:00,430.58,25.6,50.58,3.63,0.24,4,0,503.62,505.71
07-05-2020 06:00,445.38,18.39,84.29,13.89,0.45,4,0,497.68,504.89
07-05-2020 08:00,577.56,32.31,51.32,10.45,0.52,4,0,499.84,505.19
07-05-2020 12:00,492.84,33.04,38.55,4.45,0.22,4,0,504.56,505.75
07-05-2020 14:00,465.8,17.48,63.88,13.88,0.12,4,0,500.77,505.9
07-05-2020 17:00,568.29,28.15,66.53,12.43,0.08,4,0,497.98,505.19
07-05-2020 21:00,524.99,26.72,37.23,5.73,0.12,4,0,495.04,506.15
08-05-2020 18:00,496.28,32.26,36.4,9.83,0.1,5,0,495.81,504.84
08-05-2020 21:00,476.03,9.73,79.99,9.29,0.06,5,0,487.86,505.38
09-05-2020 00:00,500.29,29.71,81.3,6.15,0.4,6,1,492.69,505.96
09-05-2020 07:00,456.63,24.25,37.82,14.75,0.04,6,1,484.29,504.72
09-05-2020 08:00,489.85,17.29,38.84,6.08,0.18,6,1,487.01,504.81
09-05-2020 11:00,458.54,21.57,45.79,2.04,0.22,6,1,481.14,505.01
09-05-2020 13:00,452.59,32.98,46.82,11.89,0.2,6,1,482.02,505.49
09-05-2020 15:00,477.31,35.36,69.05,0.56,0.04,6,1,485.44,505.44
09-05-2020 19:00,520.82,9.87,56.42,9.53,0.09,6,1,491.7,506.83
09-05-2020 23:00,546.92,27.2,79.93,13.2,0.14,6,1,501.98,507.32
10-05-2020 23:00,454.14,24.7,50.97,12.14,0.01,7,1,516.75,511.01
11-05-2020 03:00,553.06,42.23,62.25,13.17,0.09,1,0,519.98,511.55
11-05-2020 21:00,424.66,27.15,75.02,14.13,0.49,1,0,508.72,511.67
11-05-2020 22:00,489.32,33.46,83.01,9.8,0.02,1,0,507.1,511.92
12-05-2020 00:00,528.4,26.21,78.7,3.57,0.52,2,0,508.82,512.53
12-05-2020 05:00,510.45,16.98,76.31,12.21,0.03,2,0,512.4,513
12-05-2020 08:00,397.49,19.5,77.88,14.12,0.56,2,0,501.45,510.53
12-05-2020 13:00,437.23,17.47,37.95,3.09,0.07,2,0,500.33,512.12
12-05-2020 17:00,413.43,25.2,71.93,11.8,0.33,2,0,493.12,511.97
13-05-2020 01:00,527.86,23.2,57.26,4.66,0.05,3,0,481.64,509.42
13-05-2020 04:00,372.52,20.66,58.08,4.56,0.05,3,0,477.53,508.74
13-05-2020 11:00,468.04,28.52,45.67,5.76,0.13,3,0,477.77,508.43
13-05-2020 15:00,551.73,24.65,68.65,4.52,0.04,3,0,485.68,509.26
13-05-2020 16:00,601.93,18.69,40.6,10.3,0.01,3,0,489.31,509.58
13-05-2020 18:00,460.23,24.51,66.85,11.46,0.06,3,0,493.15,509.76
13-05-2020 19:00,507.08,23.61,81.85,13.12,0.09,3,0,494.28,509.79
14-05-2020 01:00,438.39,14.19,87.73,14.48,0.33,4,0,507.93,510.28
14-05-2020 04:00,415.57,19.65,49.85,13.18,0.05,4,0,507.29,510.1
14-05-2020 07:00,522.86,22.73,58.15,4.65,0.07,4,0,513,511.05
14-05-2020 08:00,490.85,32.95,81.04,1.76,0.08,4,0,510.86,510.53
14-05-2020 21:00,494.34,32.35,50.26,2.93,0.29,4,0,485.98,508.43
14-05-2020 23:00,504.42,33.17,63.15,11.23,0.02,4,0,487.06,509.68
15-05-2020 01:00,528.6,21.9,89.54,7.39,0.16,5,0,488.1,509.7
15-05-2020 07:00,505.65,26.9,56.64,8.79,0.76,5,0,492.59,509.78
15-05-2020 12:00,579.61,7.47,56.91,2.75,0.05,5,0,508.15,511.37
15-05-2020 15:00,440.46,35.27,89.04,2.08,0.17,5,0,498.94,510.47
15-05-2020 17:00,359.56,24.3,65.86,2.18,0.41,5,0,496.31,510.13
15-05-2020 23:00,528.36,27.21,32.28,13.14,0,5,0,501.14,511.08
16-05-2020 00:00,546.76,22.6,34.13,14.16,0.09,6,1,503.98,511.36
16-05-2020 06:00,485.2,19.44,43.44,10.76,0.16,6,1,492.38,510.66
16-05-2020 14:00,466.79,34.55,34.73,0.89,0.73,6,1,485.27,510.67
16-05-2020 17:00,486.23,26.85,78.74,1.29,0.27,6,1,488.28,510.16
16-05-2020 23:00,394.03,37.63,52.19,5.7,0.07,6,1,482.57,508.25
17-05-2020 13:00,503.34,17.54,32.91,1.16,0.09,7,1,494.74,507.09
17-05-2020 23:00,429.84,16.07,46.91,8.5,0.02,7,1,498.37,505.58
18-05-2020 00:00,489.94,28.31,84.07,5.68,0.11,1,0,496.57,505.59
18-05-2020 01:00,566.38,16.03,83.07,8.51,0.38,1,0,494.9,505.56
18-05-2020 02:00,514.63,43.67,88.24,7.31,0.07,1,0,500.92,505.84
18-05-2020 06:00,457.14,15.37,47.34,11.48,0.01,1,0,503.37,505.11
18-05-2020 07:00,490.24,38.27,73.64,10.1,0.04,1,0,502.74,505.06
18-05-2020 08:00,513.56,16.9,86.8,2.4,0.04,1,0,500.41,505.3
18-05-2020 13:00,539.76,12.57,48.58,0.98,0.24,1,0,503.4,505.95
18-05-2020 18:00,432.94,20.79,56.09,7.22,0.31,1,0,499.32,505.13
18-05-2020 21:00,570.67,19.82,60.16,9.32,0.03,1,0,507.71,505.55
19-05-2020 13:00,486.88,18.98,77.63,6.72,0.19,2,0,492.12,504.75
19-05-2020 15:00,537.22,15.28,72.88,2.69,0,2,0,491.5,505.14
19-05-2020 17:00,510.87,25.38,84.16,0.46,0.11,2,0,494.6,505.84
19-05-2020 20:00,487.16,33.33,76.27,8.83,0.26,2,0,499.43,506.54
20-05-2020 02:00,592.09,25.36,87.69,0.42,0.08,3,0,502.27,507.94
20-05-2020 14:00,503.33,27.08,89.23,2.08,0.18,3,0,504.07,507.91
20-05-2020 23:00,439.11,20.23,72.29,9.15,0.06,3,0,490.71,504.59
21-05-2020 03:00,503.45,35.54,85.28,13.55,0.06,4,0,486.99,504.93
21-05-2020 05:00,523.89,20.2,64.31,8.75,0.04,4,0,491.33,505.27
21-05-2020 09:00,503.88,33.55,66.67,4.05,0.26,4,0,489.27,505.19
22-05-2020 03:00,538.31,14.17,78.22,0.56,0.2,5,0,496.94,505.6
22-05-2020 05:00,566.38,22.2,84.84,9.82,0.58,5,0,493.06,504.94
22-05-2020 09:00,569.79,26.35,33.34,3.08,0.07,5,0,496.03,505.65
22-05-2020 10:00,446.96,18.89,30.06,14.01,0.3,5,0,493.36,504.91
22-05-2020 12:00,519.81,17.32,63.15,5.51,0.02,5,0,500.04,504.38
22-05-2020 16:00,546.53,14.75,57.64,9.54,0.08,5,0,501.78,505.51
23-05-2020 04:00,487.04,15.33,67.78,10.76,0.03,6,1,515.89,507.83
23-05-2020 12:00,545.92,27.22,37.29,10.96,0.22,6,1,513.02,509.2
23-05-2020 13:00,527.89,18.96,37.15,13.63,0.09,6,1,512.88,509.23
23-05-2020 14:00,494.6,20.37,36.84,9.88,0.15,6,1,513.34,509.4
23-05-2020 19:00,486.39,25.59,58.55,6.61,0.3,6,1,508.98,509.5
23-05-2020 20:00,488.79,27.2,67.31,0.23,0.21,6,1,509.38,509.77
23-05-2020 21:00,533.46,24.62,55.35,5.78,0.34,6,1,507.88,509.77
24-05-2020 03:00,426.28,24.78,64.78,5.96,0.01,7,1,501.5,510.46
24-05-2020 07:00,458.58,16.48,66.46,14.46,0.33,7,1,505.23,511.88
24-05-2020 09:00,504.19,22.19,73.07,0.48,0.1,7,1,506.65,511.18
24-05-2020 11:00,575.03,17.99,87.01,3.14,0.01,7,1,510.01,510.9
24-05-2020 17:00,534.56,27.23,88.82,12,0.03,7,1,501.91,511.18
24-05-2020 18:00,462.34,18.23,87.34,9.68,0.2,7,1,505.95,510.54
24-05-2020 20:00,573.03,16.46,66.05,5.93,0.01,7,1,509.11,511.23
25-05-2020 01:00,499,33.16,63.48,0.86,0.2,1,0,511.44,511.88
25-05-2020 03:00,473.88,27.65,87.68,7.08,0.02,1,0,510.9,511.56
25-05-2020 13:00,525.3,23.58,80.27,8.75,0.69,1,0,505.29,511.31
25-05-2020 16:00,487.06,24.56,82.75,8.67,0.2,1,0,511.49,512.08
25-05-2020 18:00,583.58,29.27,51.23,3.17,0.46,1,0,515.86,512.95
25-05-2020 22:00,514.84,27.16,65.88,8.54,0.11,1,0,506.79,511.86
25-05-2020 23:00,539.93,31.74,30.91,1.38,0.01,1,0,513.11,512.3
26-05-2020 04:00,472.77,29.25,36.53,11.68,0.13,2,0,505.12,512.04
26-05-2020 06:00,507.4,25.19,87.74,8.1,0.01,2,0,505.33,512.71
26-05-2020 11:00,549.55,32.7,57.3,3.35,0.26,2,0,505.76,513.59
26-05-2020 22:00,497.39,23.62,73.05,3.98,0.38,2,0,500.21,512.92
26-05-2020 23:00,484.58,34.82,76.97,8.57,0.19,2,0,497.91,512.62
27-05-2020 04:00,530.53,29.73,38.5,13.94,0.39,3,0,500.93,512.66
27-05-2020 07:00,589.62,30.41,70.85,10.08,0.2,3,0,498.06,512.44
27-05-2020 08:00,534.2,28.56,32.46,12.88,0.24,3,0,497.57,512.53
27-05-2020 20:00,518.91,10.81,57.53,3.49,0.05,3,0,501.6,513.92
28-05-2020 00:00,568.14,13.77,55.64,2.72,0.18,4,0,509.27,514.86
28-05-2020 08:00,583.68,19.6,52.2,7.35,0.17,4,0,519.7,516.75
28-05-2020 13:00,498.28,25.18,84.32,9.65,0.06,4,0,525.17,517.87
28-05-2020 17:00,384.29,23.85,46.54,14.41,0.15,4,0,521.14,517.09
28-05-2020 19:00,463.73,22.79,77.93,7.88,0.06,4,0,514.15,516.78
28-05-2020 20:00,446.08,19.4,30.38,7.08,0.04,4,0,511.11,516.26
29-05-2020 08:00,596.26,29.25,53.07,7.98,0.04,5,0,501.88,518
29-05-2020 13:00,526.05,32.03,66.25,1.63,0.03,5,0,501.65,517.59
29-05-2020 15:00,441.98,22.08,65.8,6.89,0.05,5,0,501.46,517.82
29-05-2020 16:00,553.78,19.47,81.89,14.28,0.06,5,0,500.83,517.86
29-05-2020 18:00,452.25,29.63,35.51,2.77,0,5,0,506.5,517.1
29-05-2020 19:00,407.24,26.24,88.69,2.62,0,5,0,504.14,516.6
30-05-2020 01:00,436.52,34.67,85.15,12.66,0.63,6,1,502.21,516.33
30-05-2020 02:00,476,19.26,50.5,3.54,0.11,6,1,504.52,516.26
30-05-2020 03:00,456.99,31.64,54.23,7.04,0.15,6,1,498.27,515.81
30-05-2020 04:00,549.23,45,56.47,2.02,0.59,6,1,501.75,516.19
30-05-2020 07:00,457.91,24.29,65.72,5.48,0,6,1,506.76,515.98
30-05-2020 11:00,494.9,26.89,72.17,11.34,0.06,6,1,496.64,515.46
30-05-2020 15:00,502.85,25.58,56.17,11.57,0.18,6,1,499.35,515.34
31-05-2020 10:00,535.65,25.08,77.33,11.41,0.18,7,1,492.3,513.37
31-05-2020 11:00,534.53,9.01,47.37,3.55,0.05,7,1,493.96,513.12
31-05-2020 19:00,455.2,27.15,78.8,10.19,0.09,7,1,489.17,512.74
01-06-2020 03:00,571.69,33.9,70.93,2.94,0.17,1,0,499.78,512.64
01-06-2020 08:00,561.82,14.6,87.13,10.63,0.19,1,0,502.3,513.1
01-06-2020 18:00,563.16,17.62,57.35,3.49,0.02,1,0,514.23,512.64
02-06-2020 02:00,526.92,21.31,77.31,4.81,0.08,2,0,522.59,514.5
02-06-2020 05:00,512.02,15.35,59.69,1.16,0.09,2,0,511.55,513.37
02-06-2020 16:00,544.58,18.22,33.28,4.35,0.13,2,0,504.49,512.33
02-06-2020 20:00,510.36,19.48,49.29,3.85,0.13,2,0,487.29,511.88
02-06-2020 23:00,545.69,34.45,42.54,2.01,0.12,2,0,494.86,512.69
03-06-2020 00:00,572.08,18.06,76.18,13.61,0.05,3,0,494.88,513.47
03-06-2020 04:00,529.62,35.79,32.22,8.16,0.49,3,0,497.9,513.25
03-06-2020 05:00,535.19,34.86,38.03,11.22,0.66,3,0,498.86,513.41
03-06-2020 06:00,476.38,13.9,55.41,14.22,0.11,3,0,496.04,514.11
03-06-2020 12:00,441.11,21.06,64.18,6.7,0.16,3,0,492.01,512.26
03-06-2020 18:00,512.34,18.79,82.38,12.15,0.08,3,0,497.53,511.7
03-06-2020 19:00,475.04,26.37,83.49,6.49,0.83,3,0,499.87,511.67
03-06-2020 21:00,529.52,24.04,45.66,14.95,0.31,3,0,501.92,511.95
03-06-2020 22:00,556.99,15.83,35.48,11.15,0.2,3,0,500.3,512.6
04-06-2020 04:00,471.54,29.41,81.18,4.42,0.63,4,0,491.33,509.94
04-06-2020 05:00,477.59,16.53,48.73,1.06,0.26,4,0,488.93,509.7
04-06-2020 21:00,467.32,23.23,46.44,3.88,0.32,4,0,489.31,508.34
05-06-2020 04:00,565.29,26.17,88.62,4.52,0.17,5,0,494.97,508.2
05-06-2020 09:00,478.97,27.23,33.5,9.28,0.02,5,0,501.71,508.27
05-06-2020 12:00,535.68,32.97,88.59,5.65,0.26,5,0,498.68,508.39
05-06-2020 23:00,486.83,7.59,59.43,4.61,0.28,5,0,509.52,508.07
06-06-2020 08:00,471.37,28.93,74.39,9.75,0.36,6,1,498.63,508.17
06-06-2020 09:00,452.91,24.35,48.03,5.23,0.03,6,1,497.54,508.08
06-06-2020 20:00,498.62,22,86.5,11.41,0.02,6,1,500.66,509.63
07-06-2020 12:00,464.68,21.53,76.01,2.77,0.22,7,1,497.06,509.65
07-06-2020 15:00,436.56,8.87,58.03,2.28,0.01,7,1,489.75,509.46
07-06-2020 20:00,538.8,24.8,73.46,2.49,0.45,7,1,491.2,509.69
07-06-2020 21:00,393.78,28.48,61.04,13.27,0.12,7,1,488.81,509.41
08-06-2020 03:00,584.78,20.97,87.92,1.33,0.41,1,0,494.96,508.9
08-06-2020 04:00,487.28,28.89,89.34,3.11,0.09,1,0,492.49,508.67
08-06-2020 13:00,435.25,22.39,76.22,1.85,0.16,1,0,497.9,508.78
08-06-2020 15:00,409.28,19.31,56.89,2.67,0.58,1,0,497.58,508.38
09-06-2020 02:00,493.27,36.35,52.81,9.84,0.15,2,0,500.2,505.56
09-06-2020 03:00,562.7,26.28,76.78,3.22,0.12,2,0,499.28,506.37
09-06-2020 05:00,490.17,23.75,84.87,10.55,0.02,2,0,496.35,506.72
09-06-2020 13:00,578.94,36.53,41.19,8.19,0.17,2,0,509.88,509
09-06-2020 15:00,533.96,31.14,82.18,14.84,0.43,2,0,514.63,509.76
09-06-2020 19:00,464.09,29.65,30.99,3.47,0.06,2,0,510.48,510.54
10-06-2020 07:00,560.77,30.63,53,1.01,0.28,3,0,527.21,510.88
10-06-2020 10:00,449.04,17.78,32.1,6.18,0.16,3,0,508.76,510.64
11-06-2020 04:00,581.68,30.37,65.99,9.05,0.36,4,0,504.13,512.05
11-06-2020 09:00,577.07,27.13,81.71,9.46,0.1,4,0,500.96,512.26
11-06-2020 10:00,579.65,29.08,43.07,9.85,0.25,4,0,506.4,512.53
11-06-2020 12:00,512.49,31.72,40.73,1.73,0.06,4,0,506,511.5
11-06-2020 21:00,488.43,25.25,44.87,5.26,0.42,4,0,498.31,512.28
11-06-2020 23:00,494.32,33.87,56.2,7.23,0.41,4,0,501.71,513.04
12-06-2020 01:00,423.21,27.04,36.27,5.72,0.89,5,0,494.99,512.34
12-06-2020 08:00,468.63,19.02,87.5,1.71,0.41,5,0,495.1,510.7
12-06-2020 09:00,493.39,23.27,47.04,7.15,0.36,5,0,491.62,510.78
12-06-2020 21:00,500.9,22.27,31.26,11.59,0.04,5,0,508.43,512.43
12-06-2020 22:00,499.88,32.8,65.33,2.14,0.18,5,0,506.49,512.55
13-06-2020 00:00,451.13,27.93,34.46,8.66,0.02,6,1,503.34,511.96
13-06-2020 05:00,465.88,25.2,34.02,9.3,0.06,6,1,505.44,511.56
13-06-2020 09:00,530.93,25.89,72.64,12.35,0.22,6,1,500.09,511.16
13-06-2020 18:00,411.46,28.03,69.74,5.34,0.72,6,1,484.56,509.21
13-06-2020 21:00,488.17,27.24,78.95,3.02,0.15,6,1,480.52,509.77
14-06-2020 08:00,457.11,25.93,70.41,13.8,0.19,7,1,495.12,509.79
14-06-2020 09:00,416.27,19.11,49.62,6.39,0.09,7,1,490.34,509.23
14-06-2020 10:00,474.48,14.83,52.65,8.61,0.03,7,1,492.7,509.25
14-06-2020 19:00,446.58,22.08,72.07,1.51,0.31,7,1,501.67,511.6
14-06-2020 21:00,553.44,7.31,60.11,3.25,0,7,1,508.54,512.65
15-06-2020 00:00,497.7,33.88,85.63,7.33,0.02,1,0,505.33,513.25
15-06-2020 01:00,530.56,18.93,72.86,7.02,0.19,1,0,507.54,512.7
15-06-2020 08:00,483.51,19.44,49.52,13.86,0.01,1,0,506.74,511.18
15-06-2020 13:00,500.02,16.05,85.78,4.58,0.76,1,0,509.83,512.06
15-06-2020 19:00,496.41,29.11,89.42,10.99,0.24,1,0,507.57,512.21
15-06-2020 21:00,512.77,13.25,78.61,7.18,0.14,1,0,500.95,511.59
16-06-2020 00:00,573.46,20.79,83.85,13.21,0.04,2,0,506.86,513.14
16-06-2020 03:00,472.43,26.39,55.32,6.5,0.22,2,0,502.13,512.72
16-06-2020 04:00,511.31,25.13,78.74,12.87,0.17,2,0,500.49,512.82
16-06-2020 07:00,411.92,28.26,75.75,1.89,0.37,2,0,497.88,511.9
16-06-2020 10:00,525.24,19.93,48.98,12.96,0.4,2,0,504.25,511.13
16-06-2020 16:00,534.91,19.63,56.34,10.13,0.02,2,0,498.38,510.19
16-06-2020 21:00,419.55,38.67,34.45,2.55,0.24,2,0,501.33,511.07
17-06-2020 13:00,490.39,9.17,72.28,14.31,0.85,3,0,500.94,510.87
17-06-2020 17:00,415.55,31.27,51.74,11.69,0.43,3,0,491.63,508.33
18-06-2020 05:00,504.34,24.21,54.52,0.65,0.1,4,0,486.82,507.25
18-06-2020 09:00,575.56,21.25,78.34,6.89,0.24,4,0,494.31,508.72
18-06-2020 12:00,507.43,27.8,84.46,12.55,0.56,4,0,496.96,508.99
18-06-2020 14:00,515.29,37.13,67.56,9.3,0.17,4,0,497.35,509.45
18-06-2020 19:00,571.53,27.88,71.91,13.42,0.67,4,0,503.83,509.27
19-06-2020 00:00,520.24,34.91,41.37,12.46,0.36,5,0,507.48,509.22
19-06-2020 17:00,552.11,24.91,84.01,4.48,0.13,5,0,513.22,509.25
19-06-2020 20:00,680.57,22.94,60.04,13.96,0.02,5,0,515.63,510.19
19-06-2020 22:00,546.67,24.01,55.28,13.85,0.02,5,0,517.69,510.84
20-06-2020 07:00,461.48,26.29,86.92,1.58,0.19,6,1,513.55,512.08
20-06-2020 17:00,425.48,15.38,72.79,0.7,0.09,6,1,504.54,512.02
21-06-2020 11:00,496.4,7.82,67.12,0.87,0.28,7,1,505.29,513.66
21-06-2020 16:00,424.63,28.26,71.25,6.32,0.2,7,1,501.54,512.72
21-06-2020 18:00,529.44,27.97,87.28,0.78,0.09,7,1,502.8,512.16
21-06-2020 22:00,525.17,35.32,50.15,2.15,0.94,7,1,490.56,511.63
21-06-2020 23:00,484.95,27.16,35.29,5.62,0.14,7,1,488.67,511.79
22-06-2020 06:00,586.69,31.22,73.81,8.36,0.04,1,0,495.29,511.85
22-06-2020 07:00,563.87,33.96,82.83,6.36,0.09,1,0,500.08,512.25
22-06-2020 09:00,459.9,27.37,46.39,8,0.01,1,0,493.58,511.28
22-06-2020 16:00,465.33,9.55,59.11,9.54,0.08,1,0,494,511
22-06-2020 21:00,389.64,25.78,69.81,10.75,0.05,1,0,497.3,511.03
23-06-2020 00:00,587.82,23.82,81.75,4.64,0.81,2,0,498.39,510.51
23-06-2020 05:00,515.02,24.18,35.58,11.89,0.46,2,0,500.05,511.21
23-06-2020 08:00,590.75,27.6,67.68,10,0.01,2,0,505.6,512.48
23-06-2020 11:00,517.74,19.15,59.17,2.15,0.51,2,0,510.73,512.5
23-06-2020 22:00,449.83,21.76,58.59,6.13,0.42,2,0,505.27,511.92
24-06-2020 00:00,480.97,20.6,38.37,14.23,0.43,3,0,506.39,512.4
24-06-2020 02:00,511.75,21.29,88.3,0.76,0.02,3,0,507.9,512.81
24-06-2020 06:00,528.51,30.99,61.14,5.99,0.21,3,0,508.32,512.8
24-06-2020 08:00,549.29,15.28,42.84,10.48,0.94,3,0,504.53,513.02
24-06-2020 19:00,416.9,25.94,55.83,6.56,0.19,3,0,504.97,514.71
24-06-2020 23:00,484.44,26.1,60.76,14.9,0.07,3,0,514.7,515.56
25-06-2020 01:00,465.89,23.31,89.08,4.07,0.06,4,0,511.96,515.42
25-06-2020 04:00,564.51,18.25,89.76,4.75,0.01,4,0,507.73,515.55
25-06-2020 06:00,490.21,16.66,89.36,14.92,0.17,4,0,511.19,515.71
25-06-2020 13:00,521.71,17.48,38.88,1.18,0.03,4,0,505.23,514.69
25-06-2020 14:00,586.22,26.06,85.72,13.92,0.15,4,0,507.19,515.12
25-06-2020 22:00,483.23,25.66,42.67,13.6,0.4,4,0,495.7,514.14
26-06-2020 04:00,460.69,23.74,39.2,7.03,0.16,5,0,499.58,514.6
26-06-2020 07:00,474.86,21.69,52.91,10.08,0.11,5,0,500.71,514.44
26-06-2020 11:00,534.41,24.51,51.8,7.44,0.43,5,0,499.12,513.51
26-06-2020 17:00,437,18.48,87.2,6.91,0.16,5,0,489.73,512.7
26-06-2020 21:00,526.41,18.81,83.79,11.32,0.35,5,0,495.85,511.35
27-06-2020 04:00,477.06,22.08,74.9,10.12,0,6,1,491.8,510.91
27-06-2020 07:00,500.85,27.79,67.19,10.27,0.05,6,1,490.02,511.01
28-06-2020 06:00,476.12,21.8,75.72,1.58,0.07,7,1,497.73,509.89
28-06-2020 08:00,564.97,36.16,75.01,9.24,0.04,7,1,501.52,510.71
28-06-2020 12:00,446.93,28.41,60.93,1.33,0.15,7,1,501.38,510.52
28-06-2020 19:00,458.9,37.18,82.4,1.69,0.1,7,1,503.6,510.59
29-06-2020 01:00,402.29,15.02,79.15,2.81,0.03,1,0,501.86,511.15
29-06-2020 02:00,447.13,22.8,66.86,1.78,0.28,1,0,499.91,510.55
29-06-2020 04:00,507.36,29.78,36.74,14.8,0.05,1,0,494.9,510.42
29-06-2020 08:00,511.89,25.02,70.73,1.89,0.05,1,0,497.5,510.82
29-06-2020 10:00,504.34,36.72,63.15,1.45,0.02,1,0,495.03,510.86
29-06-2020 11:00,556.29,21.54,40.66,14.62,0.24,1,0,499.32,511.6
29-06-2020 20:00,537.24,27.68,58.3,1.86,0.48,1,0,505.27,511.17
30-06-2020 03:00,487.6,20.76,47.54,10.82,0.02,2,0,510.8,512.23
30-06-2020 13:00,532.9,29.48,55.57,9.12,0.03,2,0,506.37,511.58
30-06-2020 15:00,466.99,23.35,45.79,10.28,0.01,2,0,502.54,510.58
30-06-2020 18:00,543.43,10.31,70.16,2.01,0.17,2,0,508.79,511.26
30-06-2020 20:00,546.2,28.49,34.67,14.58,0.32,2,0,510.95,511.68
01-07-2020 00:00,525.85,20.91,56.78,1.61,0.01,3,0,518.5,513.08
01-07-2020 07:00,454.4,27.28,73.93,11.47,0.2,3,0,510.27,511.59
01-07-2020 10:00,578.11,27.75,50.46,8.13,0.09,3,0,513.91,511.67
01-07-2020 17:00,494.69,22.14,48.86,4.43,0.13,3,0,505.47,510.72
01-07-2020 20:00,523.73,21.45,63.11,11.13,0.71,3,0,507.46,511.72
02-07-2020 02:00,463.22,18.51,60.67,1.21,0.15,4,0,504.78,512.49
02-07-2020 08:00,519.45,26.33,69.89,6.54,0.02,4,0,518.48,513.26
02-07-2020 23:00,549.2,25.25,56.38,13.51,0.1,4,0,521.24,515.33
03-07-2020 02:00,519.16,26.37,85.2,9.76,0.24,5,0,518.43,514.9
03-07-2020 04:00,523.24,33.46,61.11,10.1,0.31,5,0,516.92,515.2
03-07-2020 19:00,438.18,20.76,81.87,7.14,0.21,5,0,502.02,515.37
03-07-2020 20:00,531.25,23.31,48.08,0.43,0.03,5,0,501.02,515.27
04-07-2020 04:00,550.27,34.8,80.36,2.16,0.02,6,1,489.22,514.82
04-07-2020 13:00,515.09,24.34,30.92,9.88,0.12,6,1,489.5,514.89
04-07-2020 18:00,484.04,40.08,80.79,3.46,0.07,6,1,487.62,515.03
04-07-2020 20:00,513.55,33.78,70.24,7.39,0.22,6,1,488.08,514.97
04-07-2020 21:00,501.46,18.8,58.09,4.5,0.05,6,1,490.76,514.8
04-07-2020 22:00,474.5,20.11,34.89,7.64,0.02,6,1,491.65,514.51
05-07-2020 03:00,538.09,33.23,57.45,11.82,0.06,7,1,508.56,515.73
05-07-2020 09:00,450.26,20.13,36.58,12.48,0.1,7,1,512.23,515.76
05-07-2020 10:00,485.75,23.09,74.07,11.37,0.03,7,1,514.55,515.8
05-07-2020 11:00,555.02,20.67,63.94,11.33,0.3,7,1,518.84,516.41
06-07-2020 06:00,476.09,28.39,58.91,12.01,0.3,1,0,494.89,515.89
06-07-2020 10:00,426.86,19.42,78.82,9.88,0.01,1,0,488.61,514.86
06-07-2020 12:00,463.78,22.06,63.12,9.46,0.08,1,0,488.79,514.35
06-07-2020 14:00,419.69,23.56,89.42,12.3,0.04,1,0,490.49,514.19
06-07-2020 21:00,493.9,23.86,58.93,14.65,0.04,1,0,485.86,513.06
07-07-2020 02:00,573.72,23.33,49.55,11.18,0.23,2,0,493.07,513.22
07-07-2020 03:00,507.37,25.8,34.26,5.15,0.21,2,0,490.12,513.34
07-07-2020 06:00,528.18,18.32,49.5,14.18,0.02,2,0,493,514.22
07-07-2020 14:00,466.93,24.89,80.68,5.02,0.16,2,0,501.8,513.48
07-07-2020 16:00,508.79,45,63.52,14.67,0.24,2,0,505.91,514.04
07-07-2020 19:00,512.73,19.07,63.54,6.61,0.02,2,0,505.34,513.28
08-07-2020 04:00,469.77,27.86,52.27,11.77,0.15,3,0,499.14,511.53
08-07-2020 11:00,393.73,34.36,87.25,4.66,0.2,3,0,498.69,512.74
08-07-2020 22:00,581.61,23.59,45.07,1.3,0.03,3,0,496.93,511.6
09-07-2020 01:00,531.1,28.28,45.88,6.87,0.06,4,0,504.47,511.18
09-07-2020 05:00,389.12,34.17,76.36,14.06,0.16,4,0,500.12,510.73
09-07-2020 09:00,487.8,14.02,63.65,11.89,0.11,4,0,492.14,509.72
09-07-2020 11:00,499.55,25.39,43.84,14.34,0.35,4,0,496.68,509.75
09-07-2020 16:00,534.17,40.31,67.18,11.04,0.09,4,0,504.86,510.74
10-07-2020 01:00,419.91,24.51,39.47,10.29,1.09,5,0,496.28,508.29
10-07-2020 07:00,518.72,22.07,85.5,6.74,0.77,5,0,505.56,508.17
10-07-2020 10:00,461.35,31.52,84.25,1.05,0.03,5,0,503.09,508.41
10-07-2020 18:00,534.59,25.81,80.08,2.16,0.1,5,0,491.63,508.46
10-07-2020 21:00,531.37,17.69,37,14.67,0.71,5,0,496.41,509.07
10-07-2020 22:00,507.64,27.64,33.2,8.44,0.1,5,0,495.64,509.4
11-07-2020 01:00,474.77,31.92,81.5,4.88,0.28,6,1,502.75,510.15
11-07-2020 02:00,531.71,28.29,54.6,8.5,0.08,6,1,503.07,510.35
11-07-2020 05:00,434.96,21.91,80.46,2.13,0.05,6,1,502.22,509.56
11-07-2020 08:00,523.83,19.78,68.53,1.16,0.02,6,1,499.38,510.08
11-07-2020 09:00,545.37,22.91,75.22,13.87,0.29,6,1,502.37,510.45
11-07-2020 19:00,464.93,32.03,43.06,8.93,0.15,6,1,496.52,509.81
12-07-2020 02:00,517.33,18.58,60.28,11.26,0.09,7,1,485.13,507.44
12-07-2020 05:00,563.5,5.09,43.51,8.15,0.29,7,1,487.3,506.23
12-07-2020 14:00,431.75,16.4,81.98,9.54,0.39,7,1,498.14,507.75
12-07-2020 15:00,597.36,38.04,78.45,1.05,0.56,7,1,499.85,508.23
12-07-2020 17:00,446.96,19.01,85.91,14.99,0.07,7,1,499.83,508.37
12-07-2020 20:00,507.02,29.95,39.48,5.47,0.14,7,1,492.8,507
12-07-2020 23:00,482.18,28.37,64.61,12.87,0.05,7,1,498.24,506.68
13-07-2020 01:00,529.47,45,58.68,9.69,0.23,1,0,495.68,506.69
13-07-2020 05:00,484.99,29.06,59.32,8.68,0.01,1,0,492,505.84
13-07-2020 10:00,475.77,28.87,40.45,14.88,0.7,1,0,485.2,507.09
13-07-2020 17:00,473.46,19.57,81.3,1.62,0.66,1,0,480.05,506.86
13-07-2020 21:00,499.87,34.76,46.13,4.09,0.52,1,0,486.01,507.2
14-07-2020 04:00,457.91,31.15,89.21,8.96,0.79,2,0,490.01,505.85
14-07-2020 06:00,536.7,30.35,84.82,1.3,0.19,2,0,492.15,505.74
14-07-2020 15:00,565.94,23.44,63.65,6.76,0.41,2,0,496.19,505.46
14-07-2020 20:00,406.06,24.76,43.91,10.81,0.75,2,0,495.87,504.97
15-07-2020 01:00,512.28,30.45,62.74,8.67,0.18,3,0,510.66,507.45
15-07-2020 06:00,464.91,27.81,37.57,7.1,0.16,3,0,505.12,506.82
15-07-2020 10:00,500.69,28.54,74.47,12.92,0.37,3,0,502.53,505.53
15-07-2020 14:00,489.3,28.2,83.16,6.29,0,3,0,500.95,505.67
15-07-2020 15:00,445.19,23.67,55.62,11.68,0.05,3,0,495.92,505.51
15-07-2020 19:00,458.88,18.48,77.5,1,0.05,3,0,485.7,504.32
15-07-2020 21:00,429.34,26.43,38.42,10.28,0.36,3,0,487.48,503.98
15-07-2020 23:00,560.22,31.15,41.62,10.53,0.08,3,0,486.15,504.48
16-07-2020 01:00,460.64,21.68,83.53,8.95,0.4,4,0,480.64,503.98
16-07-2020 07:00,504.72,11.2,30.03,4.25,0.36,4,0,478.89,503.95
16-07-2020 13:00,441.92,11.72,70.92,9.11,0.31,4,0,479.64,502.89
16-07-2020 22:00,437.64,22.99,77.2,1.29,0.58,4,0,471.86,499.68
16-07-2020 23:00,491.59,26.6,39.02,3.87,0,4,0,469,499.86
17-07-2020 07:00,488.67,16.32,82.05,6.8,0.34,5,0,474.82,499.47
17-07-2020 12:00,449.66,15.3,76.94,6.9,0.08,5,0,474.84,499.9
17-07-2020 19:00,459.44,25.94,60.97,13.32,0.07,5,0,489.92,500.05
17-07-2020 22:00,494.05,22.77,70.46,4.67,0.02,5,0,492.74,499.25
17-07-2020 23:00,389.47,21.55,46.96,5.23,0.3,5,0,488.49,498.1
18-07-2020 10:00,466.56,24.74,69.26,8.25,0.02,6,1,490.54,497.88
18-07-2020 21:00,534.54,13.26,62.87,4.81,0.48,6,1,489.24,498.64
18-07-2020 23:00,486.97,29.42,59.67,10.78,0.17,6,1,493.66,499.6
19-07-2020 03:00,577.74,28.28,50.58,9.07,0.43,7,1,494.92,499.51
19-07-2020 08:00,469.28,18.59,49.97,5.03,0.09,7,1,497.75,499.6
19-07-2020 10:00,456.31,33.43,86.46,7.14,0.71,7,1,496.32,498.55
19-07-2020 16:00,597.01,21.36,42.51,13.1,0.52,7,1,500.23,498.27
19-07-2020 21:00,486.98,30.42,56.24,14.44,0.43,7,1,493.77,498.53
19-07-2020 22:00,539.15,20.41,42.93,9.63,0.1,7,1,495.29,499.14
20-07-2020 02:00,521.78,23.09,74.84,7.47,0.69,1,0,499.37,499.74
20-07-2020 04:00,508.23,39.08,87.27,10.25,0.21,1,0,495.54,500.22
20-07-2020 05:00,523.7,27.85,89.43,2.29,0.04,1,0,492.3,500.45
20-07-2020 07:00,507.88,14.44,34.01,4.51,0.09,1,0,491.38,500.1
20-07-2020 14:00,335.22,30.27,45.72,0.15,0.04,1,0,494.44,500.32
20-07-2020 18:00,449.64,30.97,48.24,11.88,0.14,1,0,492.74,500.38
20-07-2020 19:00,452.54,23.6,68.29,10,0.04,1,0,494.15,500.21
20-07-2020 20:00,466,28.61,46.15,3.01,0.47,1,0,492.61,499.57
20-07-2020 21:00,443.64,28.73,67.13,3.31,0.58,1,0,490.81,499.23
21-07-2020 02:00,527.79,20.14,42.69,5.81,0.29,2,0,484.52,499.23
21-07-2020 05:00,524.72,28.31,58.76,3.86,0.08,2,0,481.89,499.31
21-07-2020 09:00,465.63,20.43,79.88,2.07,0.01,2,0,479.81,498.72
21-07-2020 11:00,533.72,24.15,42.85,12.84,0.26,2,0,483.26,498.61
21-07-2020 16:00,448.08,28.42,39.68,6.49,0.04,2,0,480.19,497.55
21-07-2020 17:00,445.94,22.93,69.86,6.47,0.74,2,0,479.41,497.11
21-07-2020 22:00,483.35,30.5,40.27,0.23,0.1,2,0,484.4,496.38
22-07-2020 19:00,503.8,25.07,34.77,14.69,0.24,3,0,491.28,497.46
23-07-2020 01:00,518.83,21.55,39.83,2.98,0.21,4,0,498.18,497.23
24-07-2020 11:00,571.6,25.9,77.56,8.82,0.37,5,0,500.91,503
24-07-2020 14:00,424.41,13.51,30.85,6.85,0.84,5,0,496.12,502.44
24-07-2020 16:00,488.83,32.42,78.49,0.12,0.33,5,0,501.83,502.88
25-07-2020 02:00,479.36,25.38,70.97,11.43,0.14,6,1,502.84,504.36
25-07-2020 06:00,377.63,27.03,33.26,10.11,0.15,6,1,493.48,502.93
25-07-2020 07:00,495.1,28.85,43.49,0.95,0.01,6,1,492.92,502.61
25-07-2020 12:00,499.61,27.45,73.16,2.42,0.2,6,1,491.88,503.46
25-07-2020 14:00,507.17,16.42,65.89,5.27,0.18,6,1,494.73,503.01
25-07-2020 15:00,406.91,30.27,54.39,12,0.15,6,1,486.26,502.28
26-07-2020 04:00,589.89,22.12,33.07,1.75,0.35,7,1,485.54,502.4
26-07-2020 12:00,513.07,23.2,64.67,9.21,0.15,7,1,482.79,501.46
26-07-2020 18:00,484.19,17.64,69.4,12.49,0.62,7,1,495.11,502.38
26-07-2020 20:00,404.72,19.54,67.96,10.62,0.02,7,1,488.93,502.19
27-07-2020 12:00,485.16,27.51,72.47,2.43,0.12,1,0,511.23,503.21
27-07-2020 16:00,540.13,22.32,40.43,7.74,0.03,1,0,512.53,504.45
27-07-2020 20:00,444.85,16.23,89.28,6.63,0.2,1,0,511.2,504.9
28-07-2020 22:00,526.41,24.11,55.35,13.96,0.11,2,0,505.91,509.39
29-07-2020 10:00,570.24,32.5,45.24,2.3,0.1,3,0,509.45,511.52
29-07-2020 11:00,547.26,29.63,35.63,5.71,0.4,3,0,510.73,512.33
29-07-2020 17:00,487.3,25.19,71.32,13.88,0.06,3,0,513.17,512.15
29-07-2020 23:00,516.1,20.72,77.78,3.01,0.01,3,0,514.39,512.8
30-07-2020 01:00,553.21,29.89,60.34,5.08,0.02,4,0,516.04,512.77
30-07-2020 06:00,494.31,38.37,62.57,2.15,0.03,4,0,522.45,512.05
30-07-2020 07:00,503.58,22.09,67.77,5.12,0.25,4,0,516.89,512.09
30-07-2020 10:00,578.02,23.14,42.72,8.24,0.36,4,0,522.28,514.44
30-07-2020 12:00,529.46,22.49,40.41,11.12,0.58,4,0,523.78,514.45
30-07-2020 14:00,514.76,32.44,34.06,10.21,0.06,4,0,525.39,514.91
30-07-2020 15:00,454.35,20.92,34.44,12.65,0.31,4,0,519.35,514.32
30-07-2020 21:00,495.81,23,41.14,7.55,0.13,4,0,518.52,514.97
31-07-2020 00:00,461.21,41.32,51.85,1.7,0.1,5,0,513.03,513.56
31-07-2020 05:00,500.97,19.29,83.66,6.41,0.12,5,0,507.48,513.53
31-07-2020 14:00,438.53,24.36,71.35,10.73,0.29,5,0,492.56,514.39
31-07-2020 16:00,448.5,21.92,84.35,12.05,0.49,5,0,491.1,513.41
31-07-2020 22:00,510.75,22.5,46.81,13.26,0.06,5,0,487.77,512.31
01-08-2020 01:00,480.9,23.57,82.77,8.97,0.01,6,1,487.09,511.61
01-08-2020 04:00,472.77,28.52,72.81,8.72,0.25,6,1,489.51,512.27
01-08-2020 05:00,530.71,25.39,75.27,7.27,0.14,6,1,490.75,512.6
01-08-2020 10:00,490.62,27.99,60.35,4.47,0.13,6,1,493.89,513.38
01-08-2020 20:00,481.28,15.73,36.32,2.58,0.16,6,1,490.95,512.71
01-08-2020 21:00,476.75,20.8,49.78,7.47,0.22,6,1,489.83,512.88
02-08-2020 01:00,525.19,14.1,46.44,7.04,0.19,7,1,490.65,513.06
02-08-2020 09:00,580.82,33.16,80.87,13.66,0.1,7,1,483.36,513.9
02-08-2020 11:00,526.52,20.4,33.68,3.51,0.01,7,1,483.23,513.45
02-08-2020 18:00,469.17,21.02,32.68,14.21,0.28,7,1,474.16,510.23
02-08-2020 19:00,532.21,41.46,51.17,8.15,0.42,7,1,477,510.51
02-08-2020 22:00,449.28,7.95,72.34,2.85,0,7,1,479.75,510.53
03-08-2020 03:00,503.73,24.08,72.77,5.93,0.35,1,0,474.17,508.94
03-08-2020 10:00,513.29,22.16,86.98,2.66,0.33,1,0,477.13,507.94
04-08-2020 03:00,531.53,19.64,58.2,7.58,0.37,2,0,510.61,508.23
04-08-2020 07:00,449.46,35.57,83.61,5.7,0.03,2,0,504.68,507.42
04-08-2020 08:00,535.41,22.8,51.7,7.85,0.22,2,0,508.93,507.57
04-08-2020 11:00,540.85,32.61,89.74,4.62,0.01,2,0,509.48,507.96
04-08-2020 14:00,463.88,10.11,60.48,9.25,0.53,2,0,507.95,508.31
04-08-2020 15:00,522.05,22.25,71.82,9.86,0,2,0,503.88,508.65
04-08-2020 18:00,543.27,36.39,41.67,7.44,0.15,2,0,509.99,509.41
05-08-2020 02:00,570.05,24.81,88.53,6.44,0.14,3,0,498.28,507.91
05-08-2020 04:00,538.73,29.82,66.67,3.43,0.6,3,0,496.18,507.47
05-08-2020 06:00,490.53,21,43.48,10.05,0.21,3,0,501.23,508.08
05-08-2020 16:00,473.11,26.87,87.92,7.79,0.19,3,0,493.33,505.83
05-08-2020 19:00,431.56,31.59,39.49,13.73,0.28,3,0,491.98,505.77
05-08-2020 22:00,483.78,22.47,62.75,13.32,0.31,3,0,494.85,505.17
06-08-2020 01:00,537.73,19.54,63.43,7.92,0.18,4,0,502.8,505.65
06-08-2020 04:00,407.73,20.5,61.42,10.38,0.43,4,0,495.95,504.58
06-08-2020 09:00,449.03,34.29,58.42,14.78,0.04,4,0,491.29,502.6
06-08-2020 19:00,513.15,24.77,33.96,9.4,0.06,4,0,490.33,501.54
07-08-2020 00:00,450.19,25.61,79.89,3.33,0.06,5,0,488.56,502.18
07-08-2020 01:00,513.24,25.42,31.54,14.25,0.16,5,0,487.54,501.94
07-08-2020 06:00,556.93,19.93,87.89,13.14,0.01,5,0,504.14,504.34
07-08-2020 07:00,366.49,34.92,69.58,3.64,0.07,5,0,502.04,503.27
07-08-2020 10:00,487.95,39.17,32.36,10.61,0.43,5,0,504.85,503.51
07-08-2020 16:00,445.65,29.68,44.44,3.17,0.11,5,0,511.39,503.86
07-08-2020 19:00,596.11,34.35,80.08,14.17,0.04,5,0,518.99,505.73
07-08-2020 22:00,532.27,20.68,41.75,13.39,0.01,5,0,517.84,505.93
08-08-2020 02:00,419.12,22.9,42.35,0.69,0.18,6,1,510.41,505.33
08-08-2020 03:00,459.36,29.31,35.43,1.85,0.08,6,1,505.49,504.85
08-08-2020 07:00,590.64,42.07,60.71,6.53,0.12,6,1,512.98,505.92
08-08-2020 09:00,495.43,12.2,60.3,0.75,0.05,6,1,510.25,505.91
08-08-2020 15:00,452.7,32.76,43.38,3.49,0.13,6,1,498.29,506.27
08-08-2020 19:00,447.12,19.78,81.22,13,0.37,6,1,493.02,506.15
08-08-2020 23:00,537.3,28.01,64.28,14.46,0.06,6,1,501.3,508.06
09-08-2020 00:00,389.09,25.1,77.35,7.45,0.22,7,1,496.66,507.09
09-08-2020 01:00,499.42,38.14,84.71,9.87,0.41,7,1,496.8,506.94
09-08-2020 06:00,366.35,21.48,49.41,0.75,0.04,7,1,493.19,507.1
09-08-2020 20:00,580.32,25.61,66.36,9.51,0.03,7,1,504.22,510.52
09-08-2020 21:00,488.73,21,72.23,6.33,0.1,7,1,503.3,510.43
10-08-2020 07:00,401.85,30.1,65.43,14.11,0.11,1,0,512.77,512.36
10-08-2020 10:00,510.65,30.1,84.65,11.99,0.18,1,0,516.89,512.66
10-08-2020 11:00,495.62,29.8,33.49,11.82,0.16,1,0,517.97,512.53
10-08-2020 14:00,556.48,15.77,31.59,14.87,0.14,1,0,509.63,512.49
10-08-2020 17:00,465.12,29.86,68.17,1.18,0.03,1,0,513.65,512.31
10-08-2020 20:00,462.23,27.12,65.76,10.74,0.19,1,0,505.81,511.83
10-08-2020 23:00,527.58,15.3,73.08,8.92,0.14,1,0,509.65,512.01
11-08-2020 00:00,524.35,20.03,57.86,14.17,0.07,2,0,511.35,511.75
11-08-2020 05:00,470.63,22.88,77.43,5.51,0.88,2,0,509.41,512.52
11-08-2020 06:00,447.1,24.13,56.16,10.7,0.27,2,0,505.55,512.78
11-08-2020 07:00,472.8,19.95,51.57,2.24,0.22,2,0,508.51,512.92
11-08-2020 10:00,606.32,21.26,62.88,7.29,0.43,2,0,516.6,513.84
11-08-2020 20:00,478.31,20.46,81.71,12.91,0.03,2,0,516.62,513.63
11-08-2020 23:00,556.29,26.17,67.73,10,0.15,2,0,514.28,514.05
12-08-2020 05:00,537.92,16.12,35.83,3.7,0.18,3,0,510.4,514.38
12-08-2020 17:00,378.73,26.03,35.19,3.3,0.67,3,0,506.87,514.57
12-08-2020 21:00,496.91,27.79,39.12,11.85,0.12,3,0,505.7,515.36
12-08-2020 23:00,488.43,28.52,36.1,9.58,0.19,3,0,504.12,514.73
13-08-2020 04:00,472.16,24.16,44.59,5.08,0.05,4,0,497.68,514.43
13-08-2020 06:00,537.99,25.01,89.75,10.92,0.17,4,0,497.71,514.48
13-08-2020 09:00,525.31,16.91,53.03,12.63,0.25,4,0,502.71,515.08
13-08-2020 18:00,485.97,28.95,50.81,13.74,0.25,4,0,490.32,514.99
14-08-2020 02:00,493.41,29.09,34.6,4.82,0.29,5,0,495.01,514.74
14-08-2020 06:00,492.72,27.14,53.42,1.78,0.15,5,0,495.16,513.17
14-08-2020 12:00,478.11,21.62,56.81,10.59,0.11,5,0,488.22,512.99
14-08-2020 13:00,464.1,23.3,86.9,5.25,0.16,5,0,487.99,512.71
15-08-2020 01:00,524.93,15.5,82.61,3.07,0.55,6,1,487.96,511.02
15-08-2020 10:00,561.94,27.25,71.79,5.11,0.01,6,1,505.16,511.82
15-08-2020 11:00,425.12,26.24,81.74,7.2,0.29,6,1,500.15,511.48
16-08-2020 00:00,475.66,40.24,39.88,4.86,0.21,7,1,505.09,512.08
16-08-2020 04:00,517.78,31.78,47.5,11.51,0.16,7,1,503.87,512.73
16-08-2020 08:00,609.94,18.65,64.69,4.07,0.36,7,1,507.66,514.83
16-08-2020 09:00,517.17,35.7,75.86,7.59,0.14,7,1,508.65,514.91
16-08-2020 14:00,499.86,13.61,43.7,1.34,0.47,7,1,510.57,513.4
16-08-2020 21:00,582.75,25.03,49.04,11.23,0.17,7,1,514.46,513.23
16-08-2020 22:00,457.62,35.99,78.51,6.76,0.08,7,1,511.79,513.16
16-08-2020 23:00,430.15,22.01,63.69,5.52,0.25,7,1,506.92,512.7
17-08-2020 02:00,558.55,27.35,65.44,4.69,0.01,1,0,505.92,512.66
17-08-2020 08:00,476.83,23.6,61.68,11.82,0.51,1,0,493.38,511.56
17-08-2020 10:00,438.48,22.47,49.59,14.61,0.1,1,0,487.83,510.71
17-08-2020 12:00,444.63,23.73,32.47,8.57,0.05,1,0,482.6,510.39
17-08-2020 13:00,505.2,16.35,88.12,0.95,0.1,1,0,488.06,510.6
17-08-2020 14:00,602.15,24.26,35.52,9.43,0.15,1,0,492.32,510.88
17-08-2020 18:00,438.71,31.17,82.38,9.71,0.06,1,0,488.42,510
17-08-2020 20:00,570.18,16.86,73.16,0.99,0.03,1,0,495.19,511.11
17-08-2020 21:00,491.79,14.4,55.4,2.47,0.18,1,0,491.4,511.08
18-08-2020 01:00,519.18,38.73,41.83,9.68,0.41,2,0,493.52,510.17
18-08-2020 06:00,474.61,23.83,41.93,14.64,0.12,2,0,498.72,510.1
18-08-2020 08:00,505.81,31.32,70.3,10.63,0.13,2,0,497.14,509.38
18-08-2020 16:00,554,16.01,72.69,6.1,0.12,2,0,501.58,509.31
18-08-2020 19:00,462.41,25.14,72.79,11.19,0.1,2,0,494.84,507.38
18-08-2020 20:00,498.07,23.22,80.24,9.39,0.09,2,0,491.84,507.5
18-08-2020 22:00,411.6,23.62,80.28,12.55,0.09,2,0,488.94,507.1
18-08-2020 23:00,447.24,8.66,69.26,5.04,0.37,2,0,487.63,506.44
19-08-2020 09:00,512.69,28,64.87,5.42,0.37,3,0,491.51,507.31
19-08-2020 11:00,520.69,22.94,45.54,6.47,1.14,3,0,487.46,506.17
19-08-2020 16:00,528.91,18.92,77.88,14.67,0.15,3,0,481.2,504.68
19-08-2020 21:00,477.47,28.98,40.51,8,0.06,3,0,488.9,504.95
20-08-2020 02:00,468.35,28.5,80.19,6.29,0.09,4,0,489.62,505.65
20-08-2020 08:00,501.62,18.63,70.26,9.84,0.14,4,0,491.17,505.7
20-08-2020 13:00,441.66,26.6,63.58,6.49,0.15,4,0,496.58,505.34
20-08-2020 17:00,454.32,21.15,82.16,7.27,0.2,4,0,496.73,506.53
20-08-2020 21:00,555.13,27.41,85.08,1.36,0.23,4,0,498.23,507.21
20-08-2020 23:00,599.01,24.94,56.87,10.89,0.03,4,0,502.8,507.61
21-08-2020 02:00,502.56,27.6,37.35,9.78,0.15,5,0,503.88,506.94
21-08-2020 03:00,492.47,34.17,42.6,12.76,0.28,5,0,501.6,506.9
21-08-2020 08:00,429.57,19.49,54.45,1.92,0.56,5,0,500.11,506.45
21-08-2020 13:00,397.34,25.16,53.21,9.99,0.37,5,0,492.45,505.99
22-08-2020 01:00,388.73,23.1,82.33,13.32,0.35,6,1,483.85,506.29
22-08-2020 13:00,568.88,25.79,62.45,3.37,0.17,6,1,500.59,505.93
23-08-2020 06:00,525.99,25.9,47.92,14.19,0.11,7,1,508.79,506.36
23-08-2020 20:00,478.39,28.18,61.87,2.15,0.04,7,1,510.96,505.43
23-08-2020 22:00,424.03,30.04,85.56,8.12,0.05,7,1,505.27,504.76
24-08-2020 02:00,562.29,29.03,31.76,8.06,0.09,1,0,502.84,504.79
24-08-2020 03:00,548.72,25.49,72.98,0.74,0.03,1,0,502.49,505.46
24-08-2020 16:00,462.59,23.91,35.25,5.72,0.08,1,0,498.68,506.84
24-08-2020 17:00,493.65,26.48,85.3,5.94,0.05,1,0,499.28,506.68
24-08-2020 19:00,370.58,22.54,38.37,1.78,0.31,1,0,494.32,505.86
25-08-2020 00:00,482.04,32.92,46.63,7.72,0,2,0,505.28,506.97
25-08-2020 01:00,413.89,41.24,62.09,5.53,0.05,2,0,504.26,506.33
25-08-2020 06:00,543.27,16.35,52.42,0.89,0.1,2,0,500.55,507.33
25-08-2020 07:00,470.67,29.65,40.45,13.16,0.14,2,0,501.31,507.48
25-08-2020 09:00,513.25,23.26,36.48,6.03,0.01,2,0,501.58,508.05
25-08-2020 14:00,494.96,38.93,71.66,4.33,0.26,2,0,504.29,508.03
25-08-2020 20:00,447.29,29.36,46.26,0.79,0.21,2,0,506.15,507.53
26-08-2020 10:00,464.55,22.43,67.06,3.79,0.13,3,0,492.54,509.02
26-08-2020 18:00,455.81,39.04,66.43,4.46,0.55,3,0,493.22,508.64
26-08-2020 19:00,521.89,16.89,38.95,13.76,0.07,3,0,492.49,508.48
27-08-2020 04:00,596.43,27.65,80.16,12.5,0.19,4,0,503.51,508.84
27-08-2020 12:00,411.72,27.68,39.87,0.78,0.09,4,0,505.62,510.03
27-08-2020 14:00,482.19,34.42,51.23,5,0.25,4,0,506.98,510.14
27-08-2020 15:00,433.86,23.55,50.01,12.47,0.53,4,0,504.88,509.27
27-08-2020 16:00,452.31,30.85,73.14,3.57,0.06,4,0,502.09,509.25
27-08-2020 20:00,480.66,9.62,81.87,6.21,0.04,4,0,496.34,509.04
27-08-2020 22:00,583.8,24.86,62.89,6.49,0.19,4,0,499.53,509.1
28-08-2020 05:00,522.65,32.66,30.17,0.3,0.27,5,0,497.17,508.85
28-08-2020 12:00,522.02,24.9,38.61,2.18,0.23,5,0,501.2,511.04
28-08-2020 13:00,533.81,26.77,55.05,5.82,0.04,5,0,500.98,511.87
28-08-2020 14:00,491.6,21.12,51.36,5.3,0.16,5,0,501.37,511.61
28-08-2020 17:00,518.26,31.42,89.09,11.25,0.1,5,0,506.55,511.65
28-08-2020 18:00,439.82,17.82,84.15,3.57,0.35,5,0,506.71,510.62
28-08-2020 22:00,568.29,35.61,76.15,10.01,0.64,5,0,508.05,511.67
29-08-2020 01:00,553.96,35.37,53.91,9.2,0.05,6,1,513.49,512.15
29-08-2020 03:00,594.96,22.57,76.36,6.56,0.23,6,1,515.03,512.84
29-08-2020 06:00,485.98,19.98,55.19,4.46,0.03,6,1,508.76,511.87
29-08-2020 07:00,539.46,21.17,82.16,6.24,0.03,6,1,510.18,511.72
29-08-2020 09:00,433.49,21.71,72.26,13.2,0.01,6,1,502.6,511.37
29-08-2020 12:00,515.33,23.77,60.39,2.42,0.03,6,1,494.07,511.13
29-08-2020 13:00,482.97,23.85,38.03,7.94,0.35,6,1,491.95,510.61
29-08-2020 15:00,430.81,27.77,79.98,10.97,0.23,6,1,493.5,511.04
29-08-2020 22:00,428.75,26.32,84.56,10.91,0.05,6,1,492.68,511.21
30-08-2020 15:00,478.75,22.76,60.31,10.54,0.77,7,1,504.97,510.27
30-08-2020 18:00,459.4,23.7,72.58,10.14,0.07,7,1,499.04,510.11
30-08-2020 21:00,489.51,25.61,31.84,8.6,0.21,7,1,494.51,509.62
31-08-2020 05:00,546.28,20.49,75.86,14.41,0.15,1,0,508.84,511.88
31-08-2020 11:00,393.25,27.99,84.92,14.01,0.21,1,0,505.18,510.48
31-08-2020 12:00,557.61,30.37,83.19,9.64,0.1,1,0,506.76,510.53
31-08-2020 14:00,506.33,23.61,41.86,4.28,0.31,1,0,504.6,510.68
01-09-2020 13:00,499.27,27.03,74.67,6.06,0.13,2,0,502.28,510.32
01-09-2020 16:00,471.09,18.69,33.5,10.12,0.17,2,0,507.01,510.7
01-09-2020 18:00,462.41,27.76,52.12,7.25,0.16,2,0,499.89,510.88
02-09-2020 03:00,521.57,19.87,74.35,5.93,0.29,3,0,496.05,511.54
02-09-2020 06:00,525.58,16.48,74.22,0.31,0.17,3,0,494.08,511.4
02-09-2020 07:00,501.17,22.07,62.23,3.21,0.03,3,0,497.26,510.91
02-09-2020 09:00,532.9,18.42,67.64,13.05,0.09,3,0,496.45,510.94
02-09-2020 17:00,560.84,23.75,38.64,12.46,0.09,3,0,495.65,511.19
02-09-2020 22:00,461.77,26.81,62.28,11.58,0.23,3,0,496.25,511.34
03-09-2020 02:00,590.73,18.32,50.81,4.37,0.38,4,0,503.9,512.13
03-09-2020 07:00,546.84,22.75,41.65,8.46,0.04,4,0,512.36,512.3
03-09-2020 09:00,422.07,13.03,78.64,3.74,0.51,4,0,509.32,511.81
03-09-2020 18:00,546.77,18.26,63.33,10.64,0.16,4,0,522.24,514.49
03-09-2020 21:00,506.5,22.99,42.79,3.02,0.6,4,0,520.66,515.16
04-09-2020 01:00,556.9,35.33,60.08,5.74,0.24,5,0,523.44,515.82
04-09-2020 04:00,494.43,27,65.9,6.65,0.63,5,0,524.84,515.87
04-09-2020 06:00,469.81,34.48,35.61,7.39,0.02,5,0,519.46,516.08
04-09-2020 10:00,503.36,13.03,50.03,10.19,0.31,5,0,522.04,515.28
04-09-2020 15:00,567.84,19.99,85.65,8.06,0,5,0,517.93,515.35
04-09-2020 20:00,549.95,25.63,51.35,2.81,0.38,5,0,514.1,515.49
05-09-2020 01:00,480.4,20.12,64.27,10.13,0.13,6,1,514.39,515.95
05-09-2020 21:00,505.83,37,45.86,6.62,0.05,6,1,515.03,518.48
06-09-2020 07:00,482.58,9.94,30.77,11.46,0.16,7,1,505.05,517.31
07-09-2020 00:00,543.65,29.66,39.96,11.42,0.06,1,0,518.05,521.06
07-09-2020 01:00,478.09,30.63,31.53,12.84,0.01,1,0,516.79,520.71
07-09-2020 14:00,452.58,22.12,68.82,12.09,0.45,1,0,504.56,518.71
07-09-2020 22:00,467.94,26.17,56.09,11.32,0.03,1,0,492.45,518.11
07-09-2020 23:00,425.27,27.71,57.34,0.46,0.31,1,0,485.79,517.43
08-09-2020 12:00,465.12,17.74,41.95,11.01,0,2,0,483.35,516.04
09-09-2020 00:00,457.32,27.75,32.8,1.85,0.03,3,0,480.76,514.11
09-09-2020 05:00,462.97,19.66,58.12,4.98,0.22,3,0,481.42,514.28
09-09-2020 10:00,464.01,24.21,74.84,7.15,0.46,3,0,479.11,513.29
09-09-2020 19:00,498.01,21.24,89.05,13.97,0.27,3,0,497.93,515.46
09-09-2020 20:00,478.28,19.5,79.62,8.12,0.03,3,0,497.44,514.73
10-09-2020 09:00,452.35,22.26,54,8.93,0.5,4,0,502.48,512.73
10-09-2020 10:00,542.16,22.68,52.31,13.06,0.03,4,0,505.73,513.14
10-09-2020 12:00,592.33,28.02,57.07,7.41,0.26,4,0,504.89,513.44
10-09-2020 13:00,548.6,35.65,73.84,6.75,0.01,4,0,508.74,513.48
10-09-2020 23:00,471.37,20.31,34.72,1.27,0.37,4,0,502.78,511.08
11-09-2020 07:00,526.2,12.32,40.98,13.16,0.15,5,0,499.92,510.37
11-09-2020 10:00,512.86,21.15,89.14,2.79,0.28,5,0,498.85,509.76
11-09-2020 11:00,509.55,24.45,62.57,1.14,0.21,5,0,498.81,510
11-09-2020 12:00,463.25,35.19,82.75,3.49,0.1,5,0,493.44,510.05
11-09-2020 21:00,528.74,21.9,88.58,0.23,0.17,5,0,500.91,509.39
11-09-2020 22:00,480.1,24.39,85.54,14.51,0.38,5,0,501.83,508.98
12-09-2020 11:00,555.3,24.8,85.21,3.2,0.03,6,1,510.09,508.58
12-09-2020 21:00,487.95,44.15,83.63,2.22,0.41,6,1,503.68,507.74
13-09-2020 14:00,415.61,17.13,76.2,14.13,0.7,7,1,484.69,505.39
13-09-2020 21:00,607.02,28.97,32.64,3.51,0.14,7,1,487.12,504.35
13-09-2020 22:00,583.28,15.79,69.99,3.16,0.15,7,1,488.16,504.85
13-09-2020 23:00,536.55,30.97,48.9,8.3,0.03,7,1,490.22,504.55
14-09-2020 02:00,443.33,30.05,36.2,0.9,0.04,1,0,494.74,504.76
14-09-2020 03:00,553.83,33.45,69.85,12.47,0.22,1,0,498.57,505.21
14-09-2020 04:00,546.4,28.33,89.63,12.99,0.14,1,0,499.11,505.37
14-09-2020 07:00,477.64,20.92,50.34,7.95,0.02,1,0,506.9,505.27
14-09-2020 14:00,492.83,29.58,84.12,5.49,0.17,1,0,513.25,506.66
15-09-2020 01:00,496.46,24.54,47.16,14.75,0.1,2,0,503.33,507.97
15-09-2020 07:00,469.45,26.56,32.11,4.78,0.47,2,0,495.62,507.08
15-09-2020 08:00,540.13,17.53,68.89,10.79,0.31,2,0,499.93,507.85
15-09-2020 16:00,481.56,31.13,68.25,3.13,0.11,2,0,492.93,509.26
15-09-2020 20:00,509.96,14.67,82.88,10.1,0.02,2,0,497.48,509.8
15-09-2020 22:00,553.2,32.99,78.27,13.47,0.49,2,0,499.16,510.33
16-09-2020 02:00,418.68,32.18,30.18,7.08,0.22,3,0,495.62,509.11
16-09-2020 03:00,520.78,20.56,31.71,0.77,0.5,3,0,496.18,509.34
16-09-2020 08:00,446.36,27.17,32.94,1.49,0.48,3,0,489.98,509.18
16-09-2020 11:00,574.2,18.22,62.38,14.38,0.19,3,0,492.99,509.99
17-09-2020 08:00,433.64,33.56,74.68,6.44,0.05,4,0,494.17,507.76
17-09-2020 10:00,489.68,29.38,81.45,13.11,0.14,4,0,490.05,507.38
17-09-2020 13:00,515.38,23.05,52.24,11.81,0.05,4,0,484.52,506.67
17-09-2020 14:00,462.07,16.12,85.66,11.08,0.29,4,0,481.13,506.66
18-09-2020 00:00,459.07,9.25,65.45,1.75,0.29,5,0,490.89,507.67
18-09-2020 04:00,492.27,19.54,32.03,11.04,0.16,5,0,490.28,506.74
18-09-2020 12:00,527.59,22.25,87.59,9.94,0.37,5,0,493.68,506.91
19-09-2020 00:00,388.94,32.48,44.16,1.35,0.02,6,1,482.79,505.27
19-09-2020 02:00,411.84,32.78,81.8,6.4,0.37,6,1,484.7,504.27
19-09-2020 15:00,474.49,21.22,81.31,2.46,0.08,6,1,487.7,503.37
19-09-2020 18:00,555.1,31.88,44.5,1.82,0.02,6,1,495.93,503.93
20-09-2020 00:00,492.88,20.31,33.52,6.18,0.28,7,1,505.1,505.17
20-09-2020 06:00,525.09,23.58,56.7,11.24,0.38,7,1,523.15,507.27
20-09-2020 09:00,542.17,31.72,89.99,8.51,0.09,7,1,516.08,507.13
20-09-2020 10:00,571.18,40.62,86.66,11.55,0.66,7,1,519.41,507.46
20-09-2020 12:00,471.61,26.04,43.66,7.56,0.21,7,1,514.1,507.25
20-09-2020 15:00,458.87,23.06,42.11,3.16,0.52,7,1,511.27,507.26
20-09-2020 18:00,398.41,10.29,46.79,13.84,0.2,7,1,506.66,507.31
20-09-2020 23:00,588.07,35.86,49.15,10.22,0.29,7,1,506.88,507.27
21-09-2020 02:00,467.68,25.94,50.85,10.68,0.21,1,0,506.37,507.56
21-09-2020 09:00,529.32,17.09,63.42,9.06,0.06,1,0,502.85,506.95
21-09-2020 12:00,453.16,40.67,71.54,2.38,0.07,1,0,501.91,505.78
21-09-2020 19:00,600.65,32.71,65.47,4.23,0.05,1,0,514.47,507.3
21-09-2020 22:00,491.77,26.43,46.2,8.11,0.15,1,0,512.03,507.55
21-09-2020 23:00,444.64,13.12,85.89,1.51,0.04,1,0,506.06,507.13
22-09-2020 01:00,595.52,31.07,62.69,13.32,0.21,2,0,505.53,507.73
22-09-2020 03:00,449.59,31.47,40.87,8.63,0.14,2,0,502.6,507.71
22-09-2020 05:00,440.09,34.74,84.2,2.66,0.11,2,0,499.29,507.21
22-09-2020 19:00,407.48,29.07,86.79,6.72,0.04,2,0,485.96,505.91
23-09-2020 01:00,498.56,40.48,76.96,6.3,0.06,3,0,488.93,506.89
23-09-2020 13:00,562.16,19.46,68.8,11.65,0.31,3,0,483.36,504.81
23-09-2020 15:00,467.91,22.06,83.86,13.97,0.01,3,0,479.98,504.3
24-09-2020 03:00,507.58,25.62,76.6,2.01,0.09,4,0,488.06,505.03
24-09-2020 07:00,459.24,40.49,69.1,0.97,0.04,4,0,491.22,505.5
24-09-2020 08:00,429.3,24.46,70.32,13.9,0.11,4,0,489.1,505.47
24-09-2020 09:00,443.9,23.53,78.9,0.29,0.27,4,0,485.92,505.49
24-09-2020 17:00,417.59,27.94,69.55,10.26,0.51,4,0,484.82,504.66
24-09-2020 19:00,494.43,17.91,41.28,5.69,0.34,4,0,487.6,504.86
24-09-2020 20:00,539.25,16.21,64.57,1,0.09,4,0,489.17,505.16
25-09-2020 03:00,515.56,29.45,30.4,9.25,0.28,5,0,489.21,505.17
25-09-2020 10:00,455.32,26.04,78.19,13.41,0.11,5,0,498.9,506.38
25-09-2020 14:00,457.51,29.21,52.57,8.18,0.3,5,0,500.38,506.08
26-09-2020 05:00,468.12,29.82,85.9,2.82,0.75,6,1,509.03,509.4
26-09-2020 06:00,448.36,33.92,44.73,6.33,0.17,6,1,505.44,509.51
26-09-2020 10:00,529.57,30.69,56,13.88,0.1,6,1,500.55,508.18
26-09-2020 19:00,558.24,25.33,63.83,8.32,0.08,6,1,516.17,509.21
27-09-2020 02:00,571.27,17.4,76.45,1.13,0.09,7,1,509.08,508.66
27-09-2020 10:00,487.96,26.23,79.88,13.61,0.21,7,1,522.5,508.63
27-09-2020 12:00,512.61,22.41,78.9,6.75,0.06,7,1,523.31,509.57
27-09-2020 13:00,457.08,26,38.25,13.29,0.32,7,1,520.89,509.3
27-09-2020 15:00,561.89,26.01,37.78,12.65,0.01,7,1,519.18,510.29
27-09-2020 17:00,507.63,15.05,75.36,7.42,0.13,7,1,515.64,509.61
27-09-2020 19:00,485.77,34.36,68.56,11.49,0.09,7,1,512.41,510.25
28-09-2020 00:00,453.16,13.21,70.04,5.3,0.37,1,0,512.55,509.54
28-09-2020 01:00,584.9,21.42,59.57,0.63,0.86,1,0,517.57,509.66
28-09-2020 02:00,508.41,22.24,34.55,1.96,0.53,1,0,514.95,509.91
28-09-2020 05:00,524.73,21.41,36.72,6.37,0.35,1,0,516.22,510.25
28-09-2020 13:00,513.53,17.69,30.88,7.32,0.29,1,0,500.43,509.1
28-09-2020 19:00,490.07,26.12,88.46,4.54,0.22,1,0,497.91,507.84
29-09-2020 01:00,480.51,12.18,32.58,2.72,0.26,2,0,487.83,507.08
29-09-2020 03:00,493.3,41.82,73.45,9.41,0.08,2,0,491.75,508.09
29-09-2020 08:00,496.99,24.18,82.46,3.92,0.07,2,0,492.7,508.53
29-09-2020 09:00,501.81,33.77,84.08,3.32,0.21,2,0,497.27,508.96
29-09-2020 18:00,583.23,24.74,80.57,4.51,0.11,2,0,509.83,510.82
30-09-2020 09:00,414.51,15.29,69.45,6.71,0.14,3,0,505.26,511.59
01-10-2020 00:00,520.25,33.32,84.21,7.93,0.23,4,0,487.56,511.19
01-10-2020 10:00,482.13,23.76,47.1,12.75,0.1,4,0,490,511.64
01-10-2020 12:00,479.33,29.17,89.59,2.66,0.14,4,0,488.92,512.66
01-10-2020 19:00,512.27,22.51,64.17,8.86,0.48,4,0,497.39,512.96
02-10-2020 06:00,470.29,22.91,75.84,10.19,0.45,5,0,508.28,512.83
02-10-2020 08:00,575.68,18.88,38.55,7.49,0.23,5,0,506.15,512.35
02-10-2020 12:00,491.76,8.82,49.09,0.21,0.06,5,0,509.39,513.5
02-10-2020 15:00,508.98,18.87,34.4,9.8,0.06,5,0,510.42,513.95
02-10-2020 17:00,543.53,22.05,77.85,3.85,0.32,5,0,513.06,514.72
02-10-2020 19:00,493.59,21.45,87.82,0.69,0.03,5,0,510.29,514.91
03-10-2020 11:00,493.83,25.34,30.94,2.6,0.03,6,1,518.83,516.15
03-10-2020 12:00,543.38,25.45,34.29,8.42,0.21,6,1,520.98,516.2
03-10-2020 14:00,472.09,18.81,54.45,1.26,0.26,6,1,516.46,515.36
03-10-2020 19:00,548.56,27.72,85.58,7.31,0.31,6,1,516.71,514.99
03-10-2020 20:00,449.62,36,31.52,3.33,0.44,6,1,514.68,514.48
03-10-2020 21:00,489.98,35.39,31.11,11.05,0.19,6,1,512.64,514.35
04-10-2020 08:00,582.56,23.33,69.62,8.11,0.24,7,1,503.91,513.52
04-10-2020 09:00,651.91,24.62,71.03,3.78,0.2,7,1,509.61,514.17
04-10-2020 10:00,418.33,8.09,68.86,9.13,0.32,7,1,506.82,513.75
04-10-2020 21:00,476.19,28.43,61.84,13.25,0.26,7,1,512.58,514.64
04-10-2020 23:00,580.17,21.7,87.99,8.64,0.06,7,1,517.58,514.84
05-10-2020 00:00,440.23,26.87,55.03,12.79,0.44,1,0,513.78,514.76
05-10-2020 04:00,507.39,25.54,32.49,4.16,0.2,1,0,515.99,513.76
05-10-2020 07:00,460.91,16.58,67.87,6.53,0.51,1,0,508.71,513.33
05-10-2020 08:00,448.61,30.8,76.08,1.67,0.04,1,0,503.13,512.94
05-10-2020 09:00,467.67,21.37,31.97,9.03,0.01,1,0,495.45,513.4
05-10-2020 10:00,433.71,21.43,68.81,8.26,0.02,1,0,496.09,512.97
05-10-2020 14:00,529.68,29.43,71.39,10.97,0.28,1,0,489.9,513.15
05-10-2020 18:00,458.15,24.86,81.05,5.17,0.07,1,0,484.05,512.74
05-10-2020 20:00,535.18,18.3,49.17,6.21,0.63,1,0,484.07,512.55
06-10-2020 21:00,439.27,30.15,68.69,11.19,0.09,2,0,483.56,508.86
07-10-2020 06:00,428,30.34,62.27,1.47,0.06,3,0,486.42,508.33
07-10-2020 10:00,472.21,33.34,78.98,3.83,0.01,3,0,487.88,509.43
07-10-2020 21:00,554.8,32.39,66.62,12.9,0.44,3,0,503.85,511.22
08-10-2020 02:00,422.71,23.44,44.15,2.07,0.01,4,0,497.33,510.16
08-10-2020 03:00,506.49,24.04,80.33,4.42,0.27,4,0,497.29,510.73
08-10-2020 05:00,507.58,22.16,45.36,5.08,0.03,4,0,502.95,511.43
08-10-2020 15:00,470.23,17.85,81.96,14.31,0.47,4,0,501.88,510.65
09-10-2020 03:00,530.2,22.16,60.77,14.73,0.17,5,0,489.75,509.04
09-10-2020 08:00,527.62,17.84,55.75,2.26,0.21,5,0,483.45,508.87
09-10-2020 16:00,525.46,-0.16,87.63,0.98,0.41,5,0,490.65,507.57
09-10-2020 19:00,482.88,35.43,38.68,3,0.36,5,0,495.83,507.3
10-10-2020 04:00,477.69,30.72,76.14,2.84,0.06,6,1,502.95,506.69
10-10-2020 06:00,548.51,33.82,66.15,13.39,0.07,6,1,507.84,506.96
10-10-2020 16:00,512.89,27.03,62.07,3.26,0.23,6,1,499.28,504.88
10-10-2020 18:00,643.36,20.49,80.01,14.2,0.09,6,1,503.31,505.74
11-10-2020 06:00,477.77,21.72,44.61,6.95,0.17,7,1,498.57,505.94
11-10-2020 11:00,509.64,45,59.94,9.14,0,7,1,497.68,504.58
11-10-2020 12:00,467.95,24.98,56.59,9.62,0.52,7,1,495.22,504.43
11-10-2020 14:00,491.74,29.58,47.85,5.77,0.19,7,1,498.92,503.31
11-10-2020 16:00,427.07,28.26,68.87,0,0.18,7,1,498.87,502.81
12-10-2020 00:00,456.63,28.63,58.62,6.38,0.27,1,0,491.88,502.92
12-10-2020 12:00,526.73,39.27,49.73,12.65,0.01,1,0,497.25,505.19
12-10-2020 14:00,401.88,27.05,62.39,9.42,0.03,1,0,496.69,504.3
12-10-2020 22:00,466.19,20.56,80.9,14.19,0.86,1,0,496.6,505.51
13-10-2020 04:00,542.4,24.16,44.8,4.68,0.12,2,0,496.85,506.39
13-10-2020 05:00,508.8,25.8,86.68,6.18,0.04,2,0,495.45,506.77
13-10-2020 06:00,501.75,14.63,84.01,3.96,0.02,2,0,498.87,506.81
13-10-2020 12:00,566.83,21.01,80.8,14.03,0.26,2,0,500.27,507.43
13-10-2020 13:00,526.61,24.23,69.11,6.73,0.32,2,0,501.4,507.96
13-10-2020 23:00,561.24,23.19,69.48,9.03,0.26,2,0,521.35,510.24
14-10-2020 01:00,503.56,28.65,61.87,2.54,0.27,3,0,519.13,510.47
14-10-2020 02:00,546.68,11.04,60.45,8.36,0.44,3,0,521.85,510.3
14-10-2020 04:00,462.23,18.69,44.84,12.53,0.32,3,0,517.51,510.4
14-10-2020 06:00,491.22,15.59,34.46,0.04,0.18,3,0,512.15,510.56
14-10-2020 07:00,395.15,26.62,72.61,6.21,0.02,3,0,507.68,509.81
14-10-2020 13:00,525.44,15.33,61.43,13.74,0.15,3,0,505.05,509.55
14-10-2020 14:00,531.63,32.75,84.77,4.48,0.04,3,0,507.8,509.73
14-10-2020 20:00,395.34,35.67,70.07,13.96,0.22,3,0,487.34,507.5
14-10-2020 21:00,490.98,22.27,72.25,0.37,0.04,3,0,486.65,507.11
15-10-2020 01:00,525.33,30.6,34.62,3.51,0.09,4,0,484.25,507.64
15-10-2020 15:00,491.42,26.41,80.88,0.17,0.12,4,0,483.02,507.3
15-10-2020 17:00,545.46,39.27,30.49,10.06,0.05,4,0,492.52,508.42
15-10-2020 20:00,539.21,33.46,66.64,5.04,0.24,4,0,502.5,509.42
16-10-2020 00:00,471.21,28.21,89.66,13.19,0.05,5,0,497.69,508.92
16-10-2020 02:00,475.33,11.04,60.33,7.91,0.73,5,0,494.06,509
16-10-2020 07:00,508.19,35.05,73.99,3.23,0.05,5,0,493.16,509.09
16-10-2020 15:00,494.06,19.06,52.21,7.02,0.22,5,0,504.3,509.46
16-10-2020 22:00,490.94,26.44,74.78,2.66,0.06,5,0,501.21,509.85
17-10-2020 00:00,521.53,32.6,89.08,1.64,0.16,6,1,501.47,509.27
17-10-2020 02:00,493.49,21.18,68.4,5.57,0,6,1,502.23,508.49
17-10-2020 21:00,508.33,25.05,52.77,7.22,0.36,6,1,494.03,507.67
18-10-2020 04:00,495.6,23.73,42.1,9.63,0.31,7,1,500.43,508.76
18-10-2020 09:00,423.55,26.05,81.37,8.89,0.16,7,1,496.06,508.31
18-10-2020 19:00,441.32,15.88,32.03,12.85,0.24,7,1,494.99,507.18
19-10-2020 00:00,491.89,24.22,57.39,10.62,0.29,1,0,487.71,507.55
19-10-2020 12:00,545.47,33.87,75.49,7.27,0.15,1,0,484.73,507.61
19-10-2020 15:00,508.32,20.2,87.1,2.71,0.13,1,0,486.32,507.7
19-10-2020 17:00,520.88,18.81,49.88,7.25,0.19,1,0,492.65,507.96
19-10-2020 19:00,509.93,20.01,70.52,10.14,0.07,1,0,494.88,508.01
20-10-2020 02:00,536.72,29.52,54.78,13.86,0.07,2,0,495.86,508.66
20-10-2020 16:00,410.86,26.24,44.23,14.2,0.03,2,0,510.32,508.9
20-10-2020 17:00,503.62,14.46,86.16,6.9,0.27,2,0,509.6,508.46
20-10-2020 20:00,494.64,28.67,63.26,11.98,0.15,2,0,516.32,508.1
21-10-2020 03:00,536.15,17.32,72.03,3.71,0.05,3,0,516.34,507.7
21-10-2020 06:00,596.3,28.9,67.5,14.4,0.16,3,0,518.42,509.41
21-10-2020 09:00,461.95,20.62,76.06,14.32,0.08,3,0,517.64,510.6
21-10-2020 10:00,495.15,42.3,34.75,0.03,0.14,3,0,514.16,510.75
21-10-2020 11:00,505.72,31.21,86.62,2.1,0.11,3,0,513.07,510.53
21-10-2020 17:00,493.24,34.08,70.5,4.53,0.08,3,0,509.52,509.49
21-10-2020 21:00,602.62,20.9,89.93,10.46,0.26,3,0,509.46,511.39
22-10-2020 01:00,529.8,16.97,44.82,2.49,0.11,4,0,507.39,511.02
22-10-2020 06:00,587.62,20.31,48.98,14.28,0.06,4,0,504.26,511.59
22-10-2020 12:00,538.47,16.41,64.37,0.95,0.07,4,0,498.21,511.5
22-10-2020 20:00,447.67,27.4,54.67,13.15,0.36,4,0,500.66,510.44
22-10-2020 21:00,515.81,30.79,53.5,11.89,0.01,4,0,497.04,510.86
22-10-2020 22:00,559.7,33.83,48.71,10.72,0,4,0,498.12,511.31
23-10-2020 02:00,521.47,23.58,50.61,3.73,0.27,5,0,504.61,512.59
23-10-2020 07:00,547.7,23.36,69.95,6.05,0.11,5,0,500.26,512.65
23-10-2020 08:00,558.09,30.2,30.86,6.18,0.21,5,0,504.79,512.98
23-10-2020 12:00,504.29,32.5,50.61,0.71,0.24,5,0,506.83,511.85
23-10-2020 16:00,461.81,18.87,40.48,3.97,0.08,5,0,499.36,510.79
23-10-2020 22:00,459.19,21.12,75.24,11.26,0.19,5,0,489.25,509.56
24-10-2020 02:00,491.81,25.82,43.89,7.14,0.01,6,1,477.83,509.03
24-10-2020 03:00,512.02,35.51,51.96,4.42,0.26,6,1,477.57,509.23
24-10-2020 04:00,458.69,26.31,76.04,1.37,0.03,6,1,474.57,508.76
24-10-2020 05:00,521.27,29.13,76.52,7.89,0.59,6,1,476.26,508.82
24-10-2020 06:00,431.93,35.94,37.62,13.7,1.41,6,1,476.13,508.34
24-10-2020 08:00,494.34,24.11,37.62,2.18,0.04,6,1,469.17,507.74
24-10-2020 16:00,511.43,32.17,33.43,14.99,0.04,6,1,481.66,509.2
24-10-2020 22:00,458.98,33.46,38.55,14.21,0.03,6,1,484.68,507.96
25-10-2020 00:00,466.21,36.77,78.79,10.48,0.1,7,1,487.63,507.36
25-10-2020 03:00,589.25,24.68,41.5,9.65,0.14,7,1,490.82,507.59
25-10-2020 04:00,469.13,32.72,39.94,4.06,0.1,7,1,491.25,507.43
25-10-2020 05:00,502.58,19.48,65.41,1.54,0,7,1,490.47,507.39
25-10-2020 22:00,427.57,24.5,71.39,2.27,0.24,7,1,490.38,507.75
26-10-2020 00:00,545.23,15.65,45.57,4.84,0.18,1,0,492.8,508.1
26-10-2020 02:00,560.8,24.19,34.19,5.16,0.02,1,0,497.12,507.73
26-10-2020 06:00,551.56,32.91,73.62,2.96,0.12,1,0,494.13,507.48
26-10-2020 10:00,429.9,27.05,33.58,8.7,0.3,1,0,493.61,508.07
26-10-2020 12:00,555.52,19.77,43.21,8.88,0.07,1,0,494.63,508.5
26-10-2020 14:00,422.35,33.94,89.4,1.95,0.09,1,0,487.94,508.45
26-10-2020 20:00,468.75,35.16,83.76,9.82,0.09,1,0,492.15,507.65
27-10-2020 00:00,420.15,20.13,50.18,12.67,0.22,2,0,489.61,506.8
27-10-2020 13:00,511.27,21.08,60.02,2.43,0.51,2,0,488.04,505.32
27-10-2020 15:00,531.48,28.29,39.88,0.26,0.16,2,0,496.56,505.63
27-10-2020 18:00,466.13,15.12,65.89,4.64,0.28,2,0,491.96,505.27
27-10-2020 22:00,489.01,26.63,35.73,6.55,0.07,2,0,499.27,504.38
27-10-2020 23:00,522.92,22.69,67.02,6.38,0.04,2,0,495.12,504.6
28-10-2020 01:00,474.41,27.05,42.2,4.85,0.1,3,0,498.27,504.39
28-10-2020 07:00,454.94,30.64,30.21,13.54,0.39,3,0,491.82,502.11
28-10-2020 09:00,502.72,19.2,57.77,12.29,0.14,3,0,489.38,502.32
28-10-2020 13:00,517.65,23.56,36.45,0.08,0.11,3,0,499,503.58
28-10-2020 14:00,447.57,20,44.9,3.81,0.03,3,0,495.18,503.31
28-10-2020 17:00,537.6,31,88.57,9.47,0.14,3,0,493.58,503.52
28-10-2020 20:00,550.14,22.57,56.23,7.55,0.1,3,0,497.27,503.92
29-10-2020 01:00,473.26,18.69,77.82,13.41,0.35,4,0,497.23,502.91
29-10-2020 06:00,533.76,23.03,68.77,13.46,0.08,4,0,503.43,502.41
29-10-2020 12:00,509.28,29.55,73.74,6.94,0.22,4,0,499.3,503.54
29-10-2020 14:00,500.65,21.65,50.87,12.44,0.46,4,0,500.69,503.13
29-10-2020 18:00,444.81,22.81,52.66,13.03,0.38,4,0,501.18,503.53
29-10-2020 19:00,492.39,39.46,48.53,0.44,0.36,4,0,499.06,503.06
30-10-2020 00:00,456.48,19.55,63.67,8.12,0.5,5,0,501.34,502.75
30-10-2020 07:00,561.53,18.36,63.72,1.29,0.26,5,0,505.41,502.84
30-10-2020 08:00,512.05,31.93,63.7,6.12,0.22,5,0,504.97,502.56
30-10-2020 09:00,458.47,7.37,74.14,0.43,0.05,5,0,502.23,502.23
30-10-2020 10:00,476.64,16.81,38.01,14.29,0.14,5,0,502.12,502.26
30-10-2020 11:00,530.19,17.58,87.53,5.38,0.02,5,0,502.71,502.91
30-10-2020 18:00,553.04,15.6,40.08,2.45,0.13,5,0,504.47,503.98
30-10-2020 20:00,423.43,32.01,59.32,8.27,0.29,5,0,501.2,504.23
31-10-2020 07:00,447.15,24.7,56.93,14.84,0.21,6,1,483.21,504.5
31-10-2020 09:00,559.55,29.46,89.7,2.95,0.11,6,1,488.99,504.99
31-10-2020 12:00,549.73,35.07,61.73,1.98,0.2,6,1,491.41,504.25
31-10-2020 14:00,430.28,30.78,51.71,5.42,0,6,1,491.28,504.18
31-10-2020 19:00,484.31,21.63,65.99,6.02,0.01,6,1,485.51,504.92
01-11-2020 04:00,400.06,32.88,79.11,5.2,0.08,7,1,499.36,505.47
01-11-2020 07:00,547.81,22.8,88.72,1.52,0.14,7,1,507.19,506.18
01-11-2020 10:00,473.14,26.38,50.35,13.32,0.02,7,1,506.38,506.54
01-11-2020 11:00,448.64,9.96,64.32,0.94,0.11,7,1,504.86,506.49
01-11-2020 14:00,525.66,20.53,48.95,8.8,0.29,7,1,506.16,505.69
01-11-2020 16:00,525.41,17.76,89.21,6.27,0.06,7,1,509.16,506.71
01-11-2020 22:00,416.56,23.68,31.67,8.86,0.11,7,1,509.4,507.51
01-11-2020 23:00,506.65,16.07,51.44,10.79,0.16,7,1,506.44,507.52
02-11-2020 00:00,530.22,21.8,39.25,12.25,0.03,1,0,507.59,507.43
02-11-2020 01:00,434.31,26.62,41.38,2.31,0.09,1,0,502.92,507.17
02-11-2020 03:00,500.48,21.82,53.47,10.29,0.01,1,0,498.85,506.91
02-11-2020 06:00,441.39,14.73,39.59,11.26,0.11,1,0,497.44,506.44
02-11-2020 08:00,417.39,25.35,86.16,4.22,0.13,1,0,489.13,505.51
02-11-2020 09:00,488.37,25.66,77.75,0.35,0.03,1,0,488.66,505.56
02-11-2020 20:00,479.58,21.53,61.63,10.98,0,1,0,492.03,507.63
03-11-2020 03:00,582.19,14.03,44.8,9.75,0.01,2,0,501.6,508.08
03-11-2020 08:00,509.59,27.82,34.82,3.45,0.07,2,0,510.8,508.98
03-11-2020 21:00,396.17,19.47,49.72,5.74,0.02,2,0,497.99,507.98
04-11-2020 00:00,488.83,30.01,82.89,2.66,0.02,3,0,493.43,507.9
04-11-2020 01:00,512.68,22.58,83.75,14.46,0.07,3,0,496.21,508.13
04-11-2020 10:00,537.9,28.52,80.81,12.7,0.17,3,0,483.06,507.46
05-11-2020 00:00,567.86,27.55,80.78,5.92,0.02,4,0,505.18,509.05
05-11-2020 03:00,512.44,33.83,37.38,4.04,0.04,4,0,507.45,509.11
05-11-2020 11:00,487.41,23.74,74.61,1.48,0.13,4,0,522.43,509.96
05-11-2020 12:00,588.16,16.5,76.95,4.56,0.11,4,0,526.24,510.44
05-11-2020 17:00,463.19,24.97,56.17,11.53,0.12,4,0,522.56,510.36
05-11-2020 18:00,425.9,31.25,49.65,12.24,0.13,4,0,519.59,510.24
05-11-2020 19:00,429.58,32.2,63.34,3.32,0.73,4,0,515.37,509.86
05-11-2020 21:00,435.06,29.07,55.06,3.69,0.34,4,0,505.88,508.83
05-11-2020 23:00,569.26,32.09,51.27,0.46,0.02,4,0,501.64,508.41
06-11-2020 01:00,481.84,18.65,60.18,4.65,0.15,5,0,498.76,508.6
06-11-2020 02:00,427.83,20.94,73.37,2.17,0.07,5,0,493.6,508.26
06-11-2020 03:00,492.84,10.27,66.56,14.04,0.01,5,0,492.78,508.22
06-11-2020 05:00,481.53,34.3,46.18,11.2,0.03,5,0,484.88,507.39
06-11-2020 11:00,459.97,14.88,32.27,8.22,0.18,5,0,487.06,507.68
06-11-2020 18:00,484.67,27.74,83.72,2.82,0.17,5,0,486.42,507.61
06-11-2020 19:00,533.2,26.37,52.65,13.81,0.13,5,0,490.74,507.79
07-11-2020 04:00,460.57,24.9,74.54,13.19,0.02,6,1,514.96,511.3
07-11-2020 09:00,450.92,24.85,59.95,12.41,0.09,6,1,508.52,510.97
07-11-2020 10:00,526.31,33.64,56.37,5.32,0.08,6,1,510.7,511.44
07-11-2020 13:00,548.39,23.5,58.53,11.08,0.11,6,1,511.35,511.25
07-11-2020 14:00,531.18,20.8,32.43,7.24,0.01,6,1,513.39,511.86
07-11-2020 20:00,524.54,27.09,35.14,0.95,0.29,6,1,511.92,511.77
08-11-2020 04:00,536.3,34.7,59.29,12.7,0.01,7,1,501.68,511.63
08-11-2020 05:00,446.15,28.06,66.62,10.36,0.49,7,1,495.11,511.36
08-11-2020 18:00,515.13,29.69,79.79,0.05,0.12,7,1,491.62,509.2
08-11-2020 21:00,474.08,29.17,45.88,11.73,1.04,7,1,489.72,508.99
09-11-2020 10:00,531.94,30.27,36.05,9.75,0.45,1,0,482.48,509.06
09-11-2020 15:00,589.49,32.13,71.38,8.23,0.1,1,0,490.18,510.09
09-11-2020 18:00,515.2,15.77,68.73,7.36,0.11,1,0,491.4,508.66
09-11-2020 22:00,510.41,25.14,54.6,1.76,0.06,1,0,497.75,509.46
10-11-2020 00:00,440.24,37.58,48.44,10.89,0.09,2,0,495.43,508.25
10-11-2020 01:00,477,19.12,52.44,10.18,0.26,2,0,495.11,508.43
10-11-2020 10:00,560.28,38.43,58.36,7.12,0.2,2,0,499.92,507.26
10-11-2020 19:00,523.73,24.82,40.14,2.74,0.31,2,0,496.03,508.58
10-11-2020 21:00,503.77,30.76,50.93,14.32,0.15,2,0,494.68,508.89
10-11-2020 23:00,545.56,30.61,84.53,1,0.21,2,0,498.93,509.34
11-11-2020 06:00,485.13,12.54,37.63,7.84,0.05,3,0,501.88,509.96
11-11-2020 07:00,604.2,27.95,30.23,1.9,0.05,3,0,506.72,510.55
12-11-2020 05:00,529.91,18.85,74.83,9.52,0.01,4,0,499.75,507.77
12-11-2020 10:00,551.91,26.7,74.66,2.57,0.34,4,0,499.91,507.71
12-11-2020 11:00,459.01,25.05,63.57,7.95,0.52,4,0,497.15,507.54
12-11-2020 12:00,473.43,23.84,85.37,8.74,0.78,4,0,494.84,506.84
13-11-2020 05:00,461.36,19.85,67.4,9.04,0.15,5,0,505.88,510.83
13-11-2020 06:00,565.23,20.56,73.37,11.51,0.03,5,0,506.62,510.6
13-11-2020 19:00,443.31,25.94,49.63,11.24,0.15,5,0,516.39,511.49
13-11-2020 20:00,511.35,22.02,61.54,13.4,0.11,5,0,514.12,511.38
13-11-2020 21:00,470.48,12.84,68.71,11.9,0,5,0,514.71,511.28
13-11-2020 23:00,460.11,30.96,85.19,1.59,0.29,5,0,511.3,510.93
14-11-2020 01:00,492.09,14.91,30.33,14.96,0.31,6,1,511.8,510.35
14-11-2020 10:00,566.36,23.63,42.54,11.08,0.17,6,1,482.07,507.37
15-11-2020 02:00,531.49,34.49,50.39,1.3,1.5,7,1,478.73,506.98
15-11-2020 04:00,505.26,32.63,86.22,14.66,0.03,7,1,482.66,506.38
15-11-2020 17:00,534.42,19.77,68.5,6.13,0.26,7,1,494.25,507.63
15-11-2020 18:00,420.83,34.58,49.6,7.65,0.06,7,1,490.34,507.05
15-11-2020 19:00,471.81,18.88,49.15,2.33,0.5,7,1,487.55,506.88
16-11-2020 00:00,484.48,12.79,68.02,5.51,0.28,1,0,488.99,506.95
16-11-2020 04:00,524.78,25.79,61.23,8.94,0.24,1,0,487.66,507.83
16-11-2020 09:00,514.86,29.15,54.51,4.46,0.01,1,0,483.22,507.42
16-11-2020 11:00,479.15,25.75,36.39,4.1,0.16,1,0,483.53,507.28
17-11-2020 01:00,505.87,20.78,79.66,4.35,0.39,2,0,495.39,506.76
17-11-2020 05:00,406.7,26.51,60.95,2.42,0,2,0,494.73,506.11
17-11-2020 07:00,499.04,20.88,62.72,13.64,0.12,2,0,498.55,506.84
17-11-2020 10:00,507.65,32.81,36.26,9.37,0.62,2,0,498.08,507.03
17-11-2020 15:00,580.97,24.5,42.81,3.26,0.48,2,0,504.56,507.69
17-11-2020 16:00,528.21,23.53,70.22,13.54,0.08,2,0,504.38,507.73
17-11-2020 20:00,505.65,25.97,53.8,11.97,0.37,2,0,516.42,508.37
17-11-2020 21:00,453.39,16.84,74.86,1.38,0.18,2,0,512.63,508.06
18-11-2020 12:00,426.81,20.19,51.7,12.87,0.44,3,0,511.06,507.34
18-11-2020 15:00,399.14,16.85,44.08,14.72,0.05,3,0,506.32,507.68
18-11-2020 17:00,530.88,25.7,49.21,8.26,0.43,3,0,506.7,507.39
18-11-2020 18:00,483.65,25.05,36.74,0.55,0.63,3,0,506.25,507.55
18-11-2020 19:00,475.5,19.46,59.87,8.62,0.17,3,0,503.2,507.57
18-11-2020 22:00,489.14,17.43,55.2,11.08,0.24,3,0,506.58,507.55
19-11-2020 01:00,526.9,12.33,33.52,5.69,0.24,4,0,514.19,509.2
19-11-2020 06:00,492.33,30.75,47.34,11.63,0.15,4,0,507.86,508.76
19-11-2020 16:00,542.09,36.27,62.78,2.32,0.26,4,0,509.53,510.01
20-11-2020 00:00,525.68,14.95,79.73,13.21,0.31,5,0,503.9,509.31
20-11-2020 01:00,513.2,26.39,49.4,10.28,0.01,5,0,503.33,509.07
20-11-2020 03:00,561.86,21.97,85.78,12.14,0.15,5,0,506.79,508.8
20-11-2020 04:00,458.75,36.92,42.66,10.78,0.26,5,0,507.17,508.71
20-11-2020 07:00,539.08,32.22,51.63,1.92,0.73,5,0,505.33,508.53
20-11-2020 10:00,504.67,21.86,40.59,8.94,0.02,5,0,503.1,507.29
21-11-2020 04:00,505.78,14,31.04,4.95,0.16,6,1,489.79,506.85
21-11-2020 06:00,454.71,29.5,52.1,1.96,0.78,6,1,485.43,506.42
21-11-2020 11:00,532.04,16.07,71.44,5.25,0.06,6,1,489.86,508.3
21-11-2020 12:00,483.73,31.65,54.74,9.88,0.08,6,1,489.56,508.37
21-11-2020 14:00,522.34,26.94,52.79,6.25,0.76,6,1,498.03,508.72
21-11-2020 15:00,511.63,31.55,87.57,5.34,0.03,6,1,497.48,508.71
22-11-2020 05:00,451.54,24.53,43.88,11.56,0.05,7,1,506.88,509.94
23-11-2020 01:00,438.63,26.51,65.88,0.85,0.59,1,0,470.2,508.4
23-11-2020 09:00,529.65,29.41,30.32,11.73,0.5,1,0,479.25,509.23
23-11-2020 11:00,457.61,19.61,56.37,0.9,0.02,1,0,482.91,509.32
23-11-2020 15:00,466.07,30.04,62.8,12.73,0.72,1,0,495.91,509.25
23-11-2020 16:00,530.58,25.77,40.49,8.24,0.35,1,0,494.83,509.24
23-11-2020 18:00,524.05,26.62,58.13,13.8,0.02,1,0,494.63,509.76
23-11-2020 20:00,430.78,31.32,85.48,12.05,0.07,1,0,494.45,510.02
23-11-2020 22:00,609.11,25.04,63.13,5.83,0.05,1,0,497.51,509.84
23-11-2020 23:00,510.14,17.07,71.62,12.79,0.2,1,0,499.51,509.28
24-11-2020 00:00,615.02,34.17,60.65,0.01,0.11,2,0,505.57,510.29
24-11-2020 07:00,460.04,21.15,84.23,1.2,0.05,2,0,504.61,509.56
24-11-2020 08:00,551.95,26.93,38.06,12.83,0.09,2,0,504.81,510.09
24-11-2020 22:00,448.85,26.34,44.6,5.27,0.03,2,0,503.34,509.22
24-11-2020 23:00,580.32,22.43,56.81,3.99,0.28,2,0,506.26,509.58
25-11-2020 06:00,611.78,19.49,46.89,6.49,0.48,3,0,508.59,509.59
25-11-2020 13:00,538.14,25.36,44.21,8.01,0.11,3,0,502.66,508.17
25-11-2020 14:00,492.1,17.22,39.2,6.21,0.1,3,0,502.23,507.63
25-11-2020 16:00,526.76,33.62,84.08,13.98,0.11,3,0,499.33,508.32
25-11-2020 22:00,348.97,25.94,42.5,7.44,0.32,3,0,494.25,507.43
26-11-2020 00:00,546.39,18.04,83.17,12.32,0.03,4,0,492.56,507.13
26-11-2020 07:00,624.56,17.86,73.66,10.37,0.05,4,0,500.95,507.91
26-11-2020 10:00,441.28,28.26,85.99,10,0.39,4,0,500.27,507.3
26-11-2020 15:00,513.29,27.33,46.67,8.29,0.04,4,0,495.15,506.31
26-11-2020 16:00,470.23,17.41,76.31,3.27,0.04,4,0,492.79,505.88
26-11-2020 20:00,574.37,24.47,75.61,1.27,0.05,4,0,492.72,507.06
27-11-2020 02:00,512.83,24.88,73.7,0.7,0.08,5,0,501,506.76
27-11-2020 14:00,448.86,28.12,89.93,12.04,0.37,5,0,503.68,507.5
27-11-2020 17:00,497.39,24.12,56.62,10.63,0.01,5,0,505.52,507.54
27-11-2020 21:00,556.7,27.28,33.3,8.21,0.11,5,0,503.71,508.04
28-11-2020 02:00,531.12,14.41,87.98,2.52,0.03,6,1,512.71,509.95
28-11-2020 07:00,449.85,23.88,68.76,4.7,0.02,6,1,514.45,509.83
28-11-2020 13:00,586.82,28.64,49.27,12.1,0.37,6,1,515.7,510.52
28-11-2020 15:00,546.13,23.44,65.37,3.7,0.15,6,1,521.07,510.78
28-11-2020 18:00,409.31,27.78,57.63,1.12,0.24,6,1,515,509.43
29-11-2020 00:00,533.84,23.61,47.99,1.78,0.43,7,1,509.37,509.43
29-11-2020 14:00,568.38,25.77,36.99,14.55,0.61,7,1,503.23,512.48
29-11-2020 15:00,425.74,18.12,32.84,5.88,0.11,7,1,498.21,512.59
29-11-2020 19:00,555.17,28.45,55.31,6.97,0.02,7,1,502.44,512.68
30-11-2020 03:00,522.93,19.33,85.08,12.97,0.45,1,0,498.05,514.13
30-11-2020 06:00,488.27,26.75,62.61,1.81,0.58,1,0,492.06,513.53
30-11-2020 07:00,598.37,17.73,37.12,2.4,0.1,1,0,498.43,514.06
30-11-2020 09:00,558.7,18.62,74.2,10.65,0.05,1,0,502.77,513.7
30-11-2020 10:00,579.24,10.16,61.54,13.42,0.18,1,0,508.06,513.89
30-11-2020 12:00,466.01,26.67,80.06,12.65,0,1,0,505.39,514.11
30-11-2020 14:00,509.75,22.86,62.19,1.04,0.06,1,0,503.37,513.93
30-11-2020 18:00,546.67,21.37,47.3,5.8,0.09,1,0,506.68,514.05
01-12-2020 16:00,476.18,19.46,47.23,1.82,0.18,2,0,510.55,514.31
01-12-2020 17:00,595.61,28.01,35.84,6.18,0.09,2,0,513.59,515.19
01-12-2020 18:00,525.32,19.65,70.02,14.77,0.14,2,0,512.7,514.97
01-12-2020 23:00,492.76,24.06,57.55,14.37,0.11,2,0,517.64,515.48
02-12-2020 05:00,515.68,28.43,44.67,1.03,0.4,3,0,516.92,516.76
02-12-2020 07:00,521.2,20.85,59.75,13.49,0.2,3,0,517.5,516.55
02-12-2020 09:00,487.64,27.36,52.11,14.62,0.09,3,0,522.36,517.76
02-12-2020 22:00,558.15,18.71,61,10.18,0.05,3,0,518.59,519.56
03-12-2020 00:00,444.71,24.31,64.98,11.49,0.2,4,0,520.97,519.27
03-12-2020 19:00,521.15,25.88,75.62,7.06,0.55,4,0,505.36,520.25
04-12-2020 00:00,455.83,17.08,64.85,4.4,0.17,5,0,499.45,518.69
04-12-2020 03:00,452.55,24.81,88.31,13.4,0.49,5,0,500.12,518.37
04-12-2020 06:00,454.39,16.53,68.82,0.46,0.12,5,0,492.76,518.27
04-12-2020 10:00,457.27,41.79,49.79,4.26,0.1,5,0,497.38,518.24
04-12-2020 16:00,516.6,36.51,43.87,10.66,0.05,5,0,506.28,519.77
04-12-2020 20:00,508.43,36.3,34.83,3.32,0.09,5,0,500.74,519.46
04-12-2020 23:00,496.59,11.44,47.8,1.16,0.33,5,0,498.83,518.34
05-12-2020 04:00,479.8,15.65,54.43,13.25,0.06,6,1,506.74,517.02
05-12-2020 05:00,539.17,23.43,38.13,11.71,0.19,6,1,509.76,517.51
05-12-2020 07:00,486,15.79,70.02,10.63,0.44,6,1,509.77,517.95
05-12-2020 09:00,512.17,32.81,74.95,12.91,0.03,6,1,503.89,517.31
05-12-2020 17:00,529.62,15.53,34.3,14.92,0.36,6,1,504.25,517.83
05-12-2020 23:00,537.83,26.95,88.24,5.62,0.06,6,1,510.79,518.15
06-12-2020 04:00,498.03,34.38,56.45,7.44,0.02,7,1,512.36,517.53
06-12-2020 07:00,512.23,26.19,49.92,9.33,0.02,7,1,509.63,517.83
06-12-2020 10:00,519.09,21.24,47.71,4.46,0.21,7,1,514.96,518.81
06-12-2020 11:00,588.18,19.47,62.15,3.25,0.02,7,1,518.76,519.07
06-12-2020 14:00,467.61,36.85,69.16,4.6,0.09,7,1,513.95,518.28
07-12-2020 00:00,432.02,31.94,38.81,14.71,0.18,1,0,501.61,518.06
07-12-2020 11:00,427.63,29.78,50.39,0.02,0.23,1,0,487.64,516.36
07-12-2020 20:00,454.68,28.57,71.24,11.19,0.07,1,0,491.11,516.13
08-12-2020 08:00,455.26,29.42,77.2,12.84,0.06,2,0,498.05,514.92
08-12-2020 14:00,526.1,34.52,79.18,3.7,0.19,2,0,502.29,516.23
09-12-2020 01:00,525.14,19.45,48.16,6.35,0.11,3,0,509.1,514.68
09-12-2020 02:00,489.61,28,83.37,14.02,0.05,3,0,508.05,514.13
09-12-2020 06:00,438.97,21.83,62.59,7.04,0.04,3,0,498.21,512.2
09-12-2020 07:00,513.97,32.53,49.72,9.97,0.01,3,0,496.47,512.15
09-12-2020 16:00,572.93,36.13,87.05,14.26,0.2,3,0,502.75,512.93
09-12-2020 17:00,554.41,29.48,72.62,3.13,0.01,3,0,504.06,513.16
09-12-2020 18:00,597.6,25.02,61.87,7.18,0.13,3,0,507.53,513.59
10-12-2020 02:00,623.19,25.99,53.08,13.34,0.02,4,0,502.06,511.96
10-12-2020 06:00,439.59,18.92,52.38,14.48,0.15,4,0,508.36,511.58
10-12-2020 10:00,585.29,21.49,60.29,7.19,0.28,4,0,506.29,512.2
10-12-2020 13:00,518.38,26.42,56.77,8.21,0.42,4,0,508.36,512.92
10-12-2020 14:00,529.96,20.68,58.27,7.58,0.04,4,0,510.09,512.74
10-12-2020 19:00,520.55,18.24,57.22,13.43,0.72,4,0,493.99,511.66
10-12-2020 20:00,557.91,19.99,57.82,7.65,0.02,4,0,498.23,512.06
10-12-2020 22:00,489.4,26.8,49.56,14.95,0.29,4,0,500.38,511.75
11-12-2020 00:00,500.36,20.62,52.82,10.1,0.14,5,0,497.65,511.71
11-12-2020 11:00,482,29.25,52.87,1.22,0.12,5,0,501.95,513.67
12-12-2020 05:00,455.71,28.06,57.31,5.66,0.2,6,1,494.43,510.42
12-12-2020 06:00,404.81,19.4,84.06,10.85,0.3,6,1,488.81,509.78
12-12-2020 10:00,511.09,21.88,88.62,2.22,0.16,6,1,488.55,510.86
12-12-2020 12:00,366.45,18.5,76.07,11.71,0.08,6,1,480.44,510.17
12-12-2020 22:00,575.5,32.37,30.73,8.13,0.11,6,1,491.5,509.49
12-12-2020 23:00,522.49,19.54,87.36,0.65,0.1,6,1,489.43,509.4
13-12-2020 18:00,509.89,19.37,50.03,14.95,0.06,7,1,503.68,508.9
13-12-2020 21:00,539.18,30.52,70.5,11.01,0.3,7,1,505.16,508.74
14-12-2020 00:00,513.49,24.55,50.35,13.27,0.12,1,0,498.61,508.98
14-12-2020 01:00,471.81,28.33,39.53,4.72,0.17,1,0,496.5,509.18
14-12-2020 05:00,512.48,34.9,44.75,8.25,0.01,1,0,499.85,508.8
14-12-2020 08:00,516.81,37.58,89.14,0.42,0.23,1,0,509.08,510.36
14-12-2020 12:00,524.35,30.08,34.42,14.79,0.01,1,0,509,510.27
14-12-2020 21:00,506.95,14.8,37.29,10.17,0.37,1,0,509.67,512.01
15-12-2020 01:00,506.81,31.21,55.59,5.52,0.24,2,0,515.03,512.77
15-12-2020 06:00,467.66,20.07,45.29,0.56,0.21,2,0,516.01,512.54
15-12-2020 11:00,469.66,27.9,67.96,5.99,0.04,2,0,501.03,510.64
15-12-2020 22:00,426.87,29.85,72.34,1.47,0.33,2,0,489.79,509.65
15-12-2020 23:00,496.45,19.07,72.29,12.38,0.08,2,0,489.12,509.67
16-12-2020 04:00,527.84,9.77,81.14,12.47,0.25,3,0,494.23,511.9
16-12-2020 06:00,457.74,18.05,81.5,4.56,0.06,3,0,489.75,511.31
16-12-2020 08:00,562.16,22.05,51.48,10.2,0.63,3,0,501.96,512.02
16-12-2020 15:00,567.6,16.34,80.42,12.7,0.19,3,0,511.75,511.71
16-12-2020 20:00,491.23,17.53,65.52,14.56,0.2,3,0,514.62,511.44
16-12-2020 21:00,496.66,23.68,46.31,4.71,0.61,3,0,514.43,511.55
17-12-2020 08:00,407.27,32.88,58.86,10.38,0.39,4,0,500.02,510.74
17-12-2020 12:00,591.1,27.65,30.73,7.62,0.26,4,0,501.46,510.37
17-12-2020 15:00,446.18,25.81,62.99,7.68,0.39,4,0,498.71,510.42
17-12-2020 18:00,446.73,19.61,89.21,13.22,0.41,4,0,488.19,510.42
18-12-2020 01:00,566.15,28.03,30.73,8.72,0.17,5,0,492.45,510.5
18-12-2020 02:00,435.09,21.8,47.96,3.82,0.02,5,0,489.06,509.86
18-12-2020 07:00,444.49,21.27,53.63,5.14,0.41,5,0,488.38,508.99
18-12-2020 10:00,425.84,33.15,47.29,3.86,0.26,5,0,489.04,508.2
18-12-2020 11:00,494.65,24.48,79.79,9.9,0.37,5,0,489.46,508.28
18-12-2020 15:00,577.85,22.23,83.66,1.2,0.3,5,0,486.6,508.02
18-12-2020 17:00,561.75,26.4,82.47,6.85,0.03,5,0,493.66,508.89
18-12-2020 19:00,504.06,36.9,37.29,13.56,0.19,5,0,498.6,510.3
19-12-2020 06:00,419.85,23.41,47.73,1.66,0.07,6,1,495.16,510.5
19-12-2020 11:00,507.4,30.1,58.46,8.88,0.02,6,1,498.6,509.89
19-12-2020 13:00,503.86,24.49,47.74,2.68,0.18,6,1,499.93,509.98
19-12-2020 18:00,550.24,17.73,86.19,11.08,0.28,6,1,497.81,511.71
19-12-2020 19:00,512.23,29.15,73.31,3.2,0.46,6,1,498.15,511.33
19-12-2020 20:00,564.32,26.07,39.38,7.16,0.06,6,1,502.94,511.49
20-12-2020 05:00,549.28,34.1,70.54,11.71,0.13,7,1,518.78,513.67
20-12-2020 14:00,480.53,29.22,75.86,5.25,0.02,7,1,538.61,515.47
21-12-2020 02:00,560.42,27.74,71.51,6.9,0.16,1,0,534.71,518.13
21-12-2020 08:00,561.12,27.55,88.43,1.29,0.03,1,0,532.37,518.31
21-12-2020 12:00,471.26,24.67,47.88,6.75,0.07,1,0,534.88,519.06
21-12-2020 13:00,458.27,15.77,58.43,9.24,0.37,1,0,531.24,518.83
21-12-2020 14:00,573.47,29,42.49,12.14,0.25,1,0,535.11,518.62
21-12-2020 21:00,489.62,19.57,42.47,13.37,0.32,1,0,520.07,517.64
21-12-2020 23:00,531.76,24.88,53.84,9.63,0,1,0,512.69,517.22
22-12-2020 03:00,495.47,33.53,65.59,4.6,0.01,2,0,501.61,516.24
22-12-2020 04:00,554.66,14.46,75.51,8.96,0.12,2,0,505.28,516.73
22-12-2020 09:00,510.93,20.96,88.94,11.46,0.34,2,0,495.69,517.76
22-12-2020 11:00,459.71,30.33,51.06,14.14,0.28,2,0,491.63,518.02
22-12-2020 21:00,528.8,31.1,49.24,3.76,0.15,2,0,490.8,517.13
23-12-2020 06:00,555.68,27.47,77.6,9.6,0.42,3,0,501.02,517.81
23-12-2020 14:00,553.13,21.3,32.01,12.88,0.46,3,0,498.54,516.85
23-12-2020 21:00,561.98,26.28,54.15,11.97,0.46,3,0,509.72,516.44
24-12-2020 14:00,445.66,25.42,58.86,11.89,0.94,4,0,498.03,516.02
24-12-2020 18:00,489.92,32.08,37.08,7.95,0.37,4,0,487.93,515.95
25-12-2020 14:00,477.27,11.19,86.55,14.09,0,5,0,481.83,516.12
25-12-2020 15:00,456.02,18.13,35.28,12.74,0.22,5,0,480.93,515.38
25-12-2020 17:00,504.07,15.23,79.03,0.56,0.05,5,0,487.72,514.82
25-12-2020 21:00,507.37,23.39,79.91,10.57,0.11,5,0,499.2,515.4
26-12-2020 04:00,507.96,20.74,89.83,0.48,0.17,6,1,498.42,515.24
26-12-2020 08:00,507.87,39.24,58.94,13.7,0.05,6,1,489.78,515.29
26-12-2020 20:00,454.89,38.73,88.77,12.73,0.13,6,1,497.57,514.54
26-12-2020 22:00,524.89,22.12,42.5,11.43,0.13,6,1,500.1,514.98
27-12-2020 00:00,509.67,34.2,44.78,4.92,0.02,7,1,506.73,514.94
27-12-2020 08:00,488.05,25.48,47.62,8.83,0.36,7,1,502.57,511.59
27-12-2020 13:00,487.67,25.93,54.22,11.59,0.13,7,1,499.75,510.32
27-12-2020 14:00,490.75,27.03,43.77,7.19,0.62,7,1,497.67,510.38
27-12-2020 23:00,500.6,25.76,81.4,5.5,0.6,7,1,489.41,508.03
28-12-2020 01:00,529.9,30.44,41,10.45,0.17,1,0,489.14,507.99
28-12-2020 02:00,460.83,23.79,75.38,5.21,0.12,1,0,488.58,507.39
28-12-2020 06:00,580.11,22.84,76.94,13.93,0.19,1,0,491.69,506.76
28-12-2020 08:00,477.32,36.86,74.94,6.8,0.45,1,0,498.22,506.61
28-12-2020 09:00,430.67,17.11,49.88,6.55,0.15,1,0,494.13,505.7
28-12-2020 14:00,527.23,30.98,34.31,12.9,0.26,1,0,497.67,504.92
28-12-2020 15:00,505.7,16.65,70.42,11.9,0.96,1,0,502.83,504.92
28-12-2020 18:00,543.93,25.56,86.41,13.05,0,1,0,503.46,505.49
28-12-2020 19:00,504.34,25.49,55.78,9.67,0.99,1,0,502.86,505.71
29-12-2020 00:00,479.47,23.06,87.15,8.02,0,2,0,503.64,507.11
29-12-2020 05:00,472.07,26.82,73.73,3.29,0.37,2,0,509.01,507.1
29-12-2020 09:00,461.93,33.89,43.9,2.42,0.29,2,0,510.36,507.84
29-12-2020 10:00,437.57,28.56,64.29,4.99,0.23,2,0,507.06,506.81
30-12-2020 01:00,485.66,25.06,62.05,4.55,0.66,3,0,502.5,507.8
30-12-2020 17:00,459.4,25.49,77.13,9.25,0.19,3,0,500.49,506.51
30-12-2020 20:00,555.15,32.11,82.03,13.03,0.5,3,0,496.55,506.23
31-12-2020 02:00,521.93,25.49,79.65,14.49,0.32,4,0,498.85,506.57
31-12-2020 05:00,515.11,27.62,39.5,0.78,0.38,4,0,503.97,507.65
31-12-2020 06:00,511.05,31.49,55.98,5.12,0.09,4,0,505.83,508.44
31-12-2020 14:00,494.79,24.95,44.24,1.43,0.68,4,0,507.97,508.31
31-12-2020 15:00,540.59,14.49,37.77,8.72,0.04,4,0,506.98,508.7
31-12-2020 20:00,530.1,29.09,44.93,2.62,0.01,4,0,511.51,510.46
01-01-2021 00:00,501.25,22.96,49.12,14.06,0.78,5,0,516.19,511.35
01-01-2021 01:00,541,18.46,87.19,9.16,0.68,5,0,516.28,511.55
01-01-2021 02:00,475.97,11.94,41.39,7.73,0.28,5,0,514.37,511.39
01-01-2021 04:00,544.76,29.1,48.46,6,0.14,5,0,516.45,512.55
01-01-2021 06:00,477.96,39.35,78.51,6.84,0.03,5,0,517.05,512.09
01-01-2021 10:00,583.36,28.08,51.25,13.98,0.42,5,0,515.63,511.58
01-01-2021 13:00,500.47,24.42,46.37,9.19,0.09,5,0,518.05,513.49
01-01-2021 19:00,556.17,30.61,59.82,9.47,0.08,5,0,530.94,514.63
01-01-2021 22:00,463.17,26.46,71.48,14.45,0.07,5,0,525.88,514.94
02-01-2021 10:00,523.79,23.98,54.97,0.08,0.13,6,1,516.13,515.73
02-01-2021 15:00,511.46,31.35,39.21,4.66,0.41,6,1,507.55,514.99
02-01-2021 16:00,507.59,40.37,45.63,14.07,0.08,6,1,503.3,514.52
03-01-2021 01:00,480.87,38.02,84.98,0.46,0.07,7,1,496.96,513.56
03-01-2021 05:00,522.19,25.27,67.62,11.14,0.2,7,1,499.6,514.66
03-01-2021 07:00,540.74,28.63,81.07,14.46,0.01,7,1,500.37,515.01
03-01-2021 08:00,483.24,23.63,60.77,1.65,0.17,7,1,496.34,514.98
03-01-2021 09:00,535.73,27.49,63.86,9.01,0.22,7,1,501.37,515.02
03-01-2021 10:00,481.56,27.76,83.17,5.58,0.18,7,1,499.61,514.7
03-01-2021 12:00,474.08,29.45,65.4,10.87,0.17,7,1,502.99,515
03-01-2021 14:00,421.69,26.74,62.5,3.49,0.43,7,1,497.74,514.51
03-01-2021 19:00,461.89,36.65,56.06,3.02,0.64,7,1,500.27,515.32
03-01-2021 21:00,549.64,19.82,58.99,11.2,0.05,7,1,504.08,515.44
04-01-2021 00:00,543.75,20.47,69.87,9.46,0.21,1,0,503.24,515.91
04-01-2021 01:00,476.5,16.32,80.32,8.87,0.1,1,0,503.05,515.59
04-01-2021 07:00,410.18,19.56,75.8,12.99,0.06,1,0,490.77,513.86
04-01-2021 18:00,454.06,27.19,54.09,6.72,0.43,1,0,485.79,513.09
04-01-2021 19:00,528.08,20.62,30.93,0.54,0.06,1,0,488.55,513.23
05-01-2021 02:00,576.75,36.4,66.12,14.75,0.7,2,0,494.12,513.9
05-01-2021 03:00,524.78,32.37,63.02,8.44,0.01,2,0,494.04,514.4
05-01-2021 06:00,541.34,30.83,62.62,1.77,0.03,2,0,504.53,514.28
05-01-2021 14:00,569.21,26.97,83.48,0.72,0.22,2,0,519.76,515.93
05-01-2021 16:00,506.67,20.38,52.17,1.32,0.06,2,0,518.57,516.76
05-01-2021 19:00,475.33,21.26,71.02,7.51,0.09,2,0,522.64,516.66
05-01-2021 22:00,521.95,21.02,35.37,14.96,0.53,2,0,519.38,515.67
06-01-2021 14:00,484.12,24.46,40.95,12.52,0.02,3,0,489.43,515.19
06-01-2021 16:00,491.49,19.33,78.36,4.95,0.26,3,0,488.4,514.58
06-01-2021 17:00,399.97,8.9,84.25,2.29,0.3,3,0,486.73,514.22
06-01-2021 19:00,544.77,6.6,54.96,2.69,0.57,3,0,487.23,515.16
07-01-2021 00:00,498.61,8.99,37.2,6.95,0.53,4,0,484.04,513.62
07-01-2021 02:00,480.61,31.1,74.6,4.9,0.02,4,0,481.5,512.8
07-01-2021 04:00,532.45,44.18,72.89,9.94,0.1,4,0,483.71,512.73
07-01-2021 05:00,562.24,9.29,53.45,3.96,0.01,4,0,487.14,513.02
07-01-2021 06:00,486.92,13.01,41.7,8.75,0.49,4,0,483.15,512.87
07-01-2021 08:00,490.8,23.02,54.63,10.02,0.11,4,0,488.55,513.16
07-01-2021 09:00,541.44,25.8,36.91,7.6,0.23,4,0,491.27,513.3
07-01-2021 10:00,596.58,31.5,50.03,4.05,0.15,4,0,496.39,514.15
08-01-2021 02:00,585.38,27.85,40.94,0.58,0.24,5,0,512.73,512.56
08-01-2021 05:00,559.97,19.53,36.31,7.16,0.1,5,0,513.48,512.3
08-01-2021 07:00,515.42,21.17,51.13,1.6,0.49,5,0,513.59,513.31
08-01-2021 08:00,558.56,16.16,58.39,8.56,0.22,5,0,516.41,513.85
08-01-2021 23:00,610.11,15.92,51.37,13.5,0.55,5,0,517.02,511.14
09-01-2021 10:00,546.91,17.17,39.56,14.24,0.08,6,1,502.89,510.99
09-01-2021 11:00,598.24,32.38,69.04,13.71,0.35,6,1,505.38,511.98
10-01-2021 05:00,496.85,35.62,35.15,9.7,0.24,7,1,519.79,513.93
10-01-2021 07:00,504.29,17.43,76.42,8.13,0.36,7,1,521.49,513.55
10-01-2021 10:00,440.66,27.82,58.86,6.6,0.1,7,1,512.9,512.93
10-01-2021 13:00,477.12,22.54,64.43,5.66,0.05,7,1,501.44,512.86
10-01-2021 22:00,551.81,29.13,48.8,2.53,0.21,7,1,492.36,512.61
11-01-2021 01:00,421.45,28.78,48.83,0.82,0.06,1,0,493.42,511.92
11-01-2021 08:00,425.14,40.42,44.27,12.02,0.12,1,0,486.55,512.64
11-01-2021 17:00,525.34,32.39,89.01,13.97,0.05,1,0,490.25,513.2
11-01-2021 22:00,481.09,26.18,51.36,9.85,0.2,1,0,492.19,513.17
12-01-2021 05:00,569.57,24.49,35.12,12.96,0.57,2,0,502.97,512.81
12-01-2021 06:00,464.05,27.71,62.37,6.18,0.75,2,0,501.51,512.34
12-01-2021 13:00,550.78,24.25,55.73,9.58,0.03,2,0,515.58,512.04
12-01-2021 16:00,526.26,27.4,72.69,6.81,0.24,2,0,514.04,511.58
12-01-2021 22:00,400.49,26.98,45.86,5.62,0.17,2,0,507.28,511.41
13-01-2021 01:00,463.68,26.88,49.56,13.39,0.09,3,0,503.16,510.59
13-01-2021 04:00,508.47,36.56,58,14.95,0.47,3,0,497.92,511.39
13-01-2021 07:00,499.06,17.53,72.87,1.74,0.11,3,0,495.06,511.53
13-01-2021 16:00,494.94,23.93,35.68,6.34,0.14,3,0,492.78,512.22
13-01-2021 18:00,526.18,30.54,69.26,12.53,0.08,3,0,491.65,513.1
13-01-2021 20:00,503.14,16.84,64.99,0.88,0.88,3,0,496.11,513.54
14-01-2021 09:00,529.33,15.08,65.7,10.76,0.11,4,0,504.85,513.72
14-01-2021 16:00,497.46,39.04,46.33,13.88,0.02,4,0,506.65,513.45
15-01-2021 02:00,606.11,17.42,86.29,11.93,0.48,5,0,512.68,514.53
15-01-2021 04:00,524.38,30.64,38.96,1.32,0,5,0,513.35,514.71
15-01-2021 07:00,523.94,30.5,55.03,4.87,0.13,5,0,513.83,513.66
15-01-2021 10:00,451.29,31.08,30.61,1.74,0.23,5,0,511.99,513.66
15-01-2021 16:00,554.4,25.17,84.57,2.44,0.2,5,0,504.59,514.03
16-01-2021 04:00,505.04,23.95,88.93,6.55,0.23,6,1,485.25,511.4
16-01-2021 06:00,464.55,32.37,81.02,1.86,0.03,6,1,491.21,512.62
16-01-2021 13:00,496.39,34.68,89.66,12.09,0.2,6,1,497.78,511.37
16-01-2021 15:00,557.15,18.35,30.5,1.09,0.03,6,1,504.69,511.23
16-01-2021 19:00,460.93,27.99,33.6,9.47,0.18,6,1,503.13,509.58
16-01-2021 23:00,442.22,39.34,52.26,2.18,0.08,6,1,490.5,508.63
17-01-2021 01:00,461.13,25.76,39.31,9.74,0.37,7,1,494.19,508.61
17-01-2021 02:00,523.92,17.81,70.37,0.64,0.05,7,1,497.9,508.03
17-01-2021 11:00,539.51,23.81,89.35,14.52,0.69,7,1,488.98,508.93
17-01-2021 12:00,552.27,28.61,50.72,0.46,0.05,7,1,487.52,509.23
17-01-2021 15:00,564.07,16.49,55.19,0.29,0.04,7,1,489.35,510.06
17-01-2021 16:00,505.57,20.59,81.52,10.69,0.13,7,1,489.63,509.93
17-01-2021 18:00,529.29,24.53,60.9,13.87,0.53,7,1,491.67,510.02
18-01-2021 04:00,475.75,19.25,62.61,9.49,0.01,1,0,510.74,511.25
18-01-2021 07:00,432.98,22.72,61.02,1.54,0.24,1,0,514.14,511.01
18-01-2021 13:00,511.25,28.49,51.92,3.43,0.05,1,0,504.96,512.05
18-01-2021 14:00,537.93,19.92,35.84,7.67,0.05,1,0,506.29,512.03
18-01-2021 17:00,449.91,23.32,67.4,8.56,0.23,1,0,503.08,511.54
19-01-2021 04:00,540.2,32.17,39.56,4,0.19,2,0,499.98,511.32
19-01-2021 06:00,549.26,19.7,57.2,13.8,0.03,2,0,496.96,510.85
19-01-2021 07:00,465.18,38.86,87.6,8.34,0.5,2,0,498.3,510.41
19-01-2021 13:00,458,32.68,62.42,14.8,0.02,2,0,492.36,508.67
20-01-2021 00:00,476.81,35.87,69.41,0.89,0.26,3,0,505.33,511.79
20-01-2021 04:00,510.84,23.14,88.94,9.08,0.04,3,0,500.25,511.66
20-01-2021 08:00,437.92,20.76,58.02,9.07,0.15,3,0,499.51,511.15
20-01-2021 09:00,551.58,16.37,81.92,11.98,0.34,3,0,505.68,511.18
20-01-2021 14:00,503.17,7.69,75.73,13.83,0.17,3,0,509.91,511.6
20-01-2021 15:00,492.59,22.78,69.29,14.08,0.19,3,0,505,511.41
20-01-2021 21:00,559.56,32.33,54.42,0.54,0.12,3,0,512.71,511.79
20-01-2021 22:00,492.44,27.09,69.53,2.44,0.64,3,0,508.38,511.54
21-01-2021 07:00,557.18,34.83,51.62,7.68,0.74,4,0,515.82,513.14
21-01-2021 10:00,508.86,24.55,44.23,13.49,0,4,0,519.41,513.65
21-01-2021 12:00,496.98,15.78,65.52,15,0.1,4,0,519.2,513.21
21-01-2021 14:00,414.44,27.56,87.32,6.64,0.03,4,0,516.26,513.09
21-01-2021 16:00,431.13,19.6,65.5,7.2,0.76,4,0,513.77,512.54
21-01-2021 17:00,451.87,19.51,54.86,11.65,0.01,4,0,509.15,512.57
21-01-2021 21:00,488.96,33.53,53.07,7.84,0.06,4,0,506.94,512.36
22-01-2021 00:00,402.25,34.74,85.9,2.08,0.04,5,0,502.9,511.81
22-01-2021 04:00,455.85,22.76,45.43,5.19,0.25,5,0,496.02,509.32
22-01-2021 10:00,466.09,25.22,83.95,14.4,0.06,5,0,478.05,508.7
22-01-2021 20:00,526.84,34.98,79.52,14.86,0.05,5,0,474.83,508.45
22-01-2021 22:00,444.25,32.06,71.73,9.86,0.09,5,0,465.55,507.6
22-01-2021 23:00,502.37,23.8,68.7,7.3,0.08,5,0,466.14,507.75
23-01-2021 05:00,501.36,30.18,83.62,14.05,0.17,6,1,479.3,507.39
23-01-2021 10:00,443.98,19.75,78.34,4.83,0.03,6,1,482.72,506.81
23-01-2021 13:00,509.39,31.07,64.05,14.5,0.32,6,1,488.51,506.36
23-01-2021 19:00,534.54,21.28,39.08,4.94,0.23,6,1,496.08,507.78
24-01-2021 01:00,470.8,22.2,85.52,7.46,0.01,7,1,516.08,511.37
24-01-2021 04:00,457.18,13.11,58.78,0.69,0.18,7,1,515.3,511.09
24-01-2021 08:00,501.29,19.04,85.42,1.06,0.2,7,1,513.63,512.05
24-01-2021 17:00,460.05,25.34,77.22,8.55,0.54,7,1,514.8,510.65
24-01-2021 20:00,508.01,18.63,50.12,6.47,0.22,7,1,506.99,510.7
24-01-2021 23:00,518.94,18.79,81.35,11.29,0.29,7,1,502.07,509.86
25-01-2021 02:00,459.01,16.8,48.08,7.4,0.06,1,0,497.75,509.64
25-01-2021 09:00,546.44,25.11,41.17,12.86,0.45,1,0,493.83,509.75
25-01-2021 11:00,563.28,27.79,34.69,9.1,0.25,1,0,496,510.29
25-01-2021 13:00,593.86,29.43,36.51,6.2,0.21,1,0,494.08,509.85
25-01-2021 14:00,534.62,27.44,44.17,6.04,0.05,1,0,496.21,509.83
25-01-2021 16:00,455.43,16.75,35.18,6.05,0.01,1,0,496.02,509.55
26-01-2021 00:00,538.49,17.05,72.15,14.61,0.04,2,0,498.05,510.2
26-01-2021 19:00,558.12,28.06,64.91,6.59,0.19,2,0,511.48,511.74
26-01-2021 23:00,459.45,29.1,43.69,14.88,0.04,2,0,506.08,509.93
27-01-2021 01:00,523.37,27.62,30.33,4.69,0.11,3,0,505.45,510.5
27-01-2021 08:00,524,18.84,86.59,12.06,0.27,3,0,510.75,511.82
27-01-2021 11:00,532.66,28.1,73.92,4.74,0.05,3,0,507.85,511.48
27-01-2021 14:00,565.83,25.35,77.11,14.64,0.17,3,0,507.54,511.92
27-01-2021 19:00,512.75,23.87,45.93,10.14,0.1,3,0,511.42,512.29
27-01-2021 21:00,493.51,24.01,88.07,3.19,0.67,3,0,514.12,511.65
28-01-2021 00:00,529.83,22.04,80.5,1.27,0.45,4,0,518.98,511.45
28-01-2021 01:00,412.08,26.88,59.04,3.74,0.08,4,0,514.34,511.17
28-01-2021 07:00,587,21.64,76.53,10.23,0.23,4,0,503.54,509.51
28-01-2021 08:00,410.41,17.73,58.21,10.45,0.15,4,0,498.81,508.36
28-01-2021 09:00,452.21,41.36,81.64,14.4,0.13,4,0,495.99,508.1
28-01-2021 13:00,475.96,31.44,69,13.77,0.01,4,0,488.8,507
28-01-2021 19:00,524.33,20.45,78.87,11.18,0.15,4,0,481.9,508.13
29-01-2021 02:00,491.16,20.56,70.67,2.35,0.14,5,0,489.87,509.21
29-01-2021 12:00,491.57,25.67,64.02,1.06,0.05,5,0,505.31,512.15
29-01-2021 15:00,466.64,28.87,73.08,2.44,0.26,5,0,502.42,512.18
29-01-2021 19:00,536.88,28.81,89.91,11.43,0.12,5,0,499.55,511.68
30-01-2021 04:00,507.22,27.44,69.53,0.42,0.16,6,1,496.45,512.92
30-01-2021 12:00,542.06,29.3,75.62,10.65,0.09,6,1,496.41,513.7
30-01-2021 16:00,538.46,17.42,72.22,13.55,0.07,6,1,498.11,513.24
30-01-2021 19:00,553.53,20.76,66.48,5.24,0.58,6,1,499.51,512.18
31-01-2021 07:00,568.35,27.38,39.24,13.1,0.21,7,1,509.99,512.08
31-01-2021 15:00,562.67,31.06,38.63,1.39,0.08,7,1,515.3,512.17
31-01-2021 16:00,471.47,23.17,83.99,5.87,0.04,7,1,512.51,512.32
01-02-2021 09:00,523.47,23.86,88.57,8.73,0.16,1,0,476.21,509.64
01-02-2021 11:00,481.78,28.21,38.61,3.89,0.05,1,0,480.76,509.53
01-02-2021 12:00,470.19,30.84,38.78,8.66,0.36,1,0,479.99,509.96
01-02-2021 15:00,435.56,23,34.96,8.64,0,1,0,469.06,508.29
01-02-2021 16:00,417.72,33.41,57.73,11.36,0.7,1,0,466.82,508.06
02-02-2021 06:00,550.95,31.27,82.26,0.78,0.45,2,0,475.03,504.86
02-02-2021 13:00,534.63,26.57,82.91,8.62,0.01,2,0,485.91,505.78
02-02-2021 15:00,516.49,25.15,86.95,1.73,0.04,2,0,489.88,505.28
02-02-2021 17:00,435.46,9.61,39.6,10.18,0.5,2,0,495.41,505.2
02-02-2021 18:00,473.74,22.95,83.24,8.89,0.11,2,0,490.92,505.27
02-02-2021 19:00,547.74,17.28,72,4.76,0.49,2,0,494.34,505.21
02-02-2021 20:00,530.81,21.44,76.11,1.14,1.59,2,0,501.76,505.39
03-02-2021 00:00,609.96,28.23,72.11,4.09,0.01,3,0,514.07,507.56
03-02-2021 04:00,476.54,24.91,81.67,3.46,0.02,3,0,510.2,506.42
03-02-2021 08:00,527.9,35.84,49.72,11.28,0.04,3,0,509.12,505.85
03-02-2021 12:00,509.24,36.63,63.42,9.63,0.02,3,0,502.64,504.82
03-02-2021 15:00,486.38,34.54,52.51,7.98,0.31,3,0,500.18,504.2
03-02-2021 17:00,602.55,24.51,51.92,5.82,0.15,3,0,504.81,504.15
04-02-2021 10:00,544.86,20.57,49.38,7.33,0.12,4,0,493.77,505.5
04-02-2021 11:00,505.74,37.31,78.74,2.05,0.68,4,0,495.62,505.62
04-02-2021 12:00,507.67,23.79,44.18,9.2,0.13,4,0,495.56,505.8
04-02-2021 21:00,442.57,11.76,40.44,4.11,0.58,4,0,476.44,503.24
05-02-2021 15:00,482.75,23.82,30.49,9.09,0.01,5,0,483.35,502.14
05-02-2021 17:00,466.76,26.09,63.32,2.32,0.31,5,0,481.93,502.25
05-02-2021 19:00,530.46,25.72,61.39,5.54,0.17,5,0,484,502.2
06-02-2021 03:00,478.47,27.39,69.25,0.57,0.11,6,1,486.55,501.74
06-02-2021 11:00,497.3,22.2,75.55,12.48,0.13,6,1,489.56,501.6
06-02-2021 15:00,419.15,15.17,84.1,5.71,0.01,6,1,487.13,500.8
06-02-2021 18:00,493.59,18.99,81.28,10.87,0.93,6,1,493.03,501.4
07-02-2021 06:00,521.15,20.29,86.58,7.23,0.39,7,1,486.93,499.16
07-02-2021 12:00,538.72,26.28,78.99,6.02,0.47,7,1,485.28,498.02
07-02-2021 19:00,454.81,25.12,84.9,7.4,0.14,7,1,491.96,497.29
08-02-2021 08:00,450.54,15.03,70.93,1.59,0.39,1,0,501.64,502.31
08-02-2021 11:00,581.97,21.94,51.66,0.76,0.06,1,0,515.23,502.74
08-02-2021 16:00,550.47,32.51,41.6,9.13,0.34,1,0,510.41,504.28
09-02-2021 05:00,439.89,31.75,58.53,14.1,0.08,2,0,497.78,505.86
09-02-2021 12:00,543.47,26.54,48.83,10.45,0.11,2,0,498.32,504.52
09-02-2021 15:00,439.21,23.6,40.24,12.12,1.06,2,0,490.1,503.51
09-02-2021 19:00,482.21,5.84,86.59,12.13,0.09,2,0,486.41,502.84
10-02-2021 05:00,429.31,22.86,61.56,10.78,0.03,3,0,488.35,502.41
10-02-2021 15:00,569.5,10.17,60.21,6.34,0.12,3,0,507.78,504.62
11-02-2021 03:00,501.46,27.48,68.48,7.15,0.16,4,0,503.51,503.72
11-02-2021 15:00,543.17,15.02,57.16,13.26,0.09,4,0,499.6,505.74
11-02-2021 17:00,484.65,20.93,88.62,9.48,0.03,4,0,497.63,505.1
11-02-2021 21:00,525.97,25.69,44.06,1.19,0.08,4,0,502.57,506.9
11-02-2021 22:00,522.14,23.15,70.34,11.48,0.29,4,0,501.24,506.5
12-02-2021 05:00,427.51,27.2,56.1,9.67,0.19,5,0,496.57,506.65
12-02-2021 07:00,526.69,23.45,59.21,11.73,0.08,5,0,503.08,506.94
12-02-2021 21:00,559.51,33.1,32.4,10.38,0.07,5,0,502.79,508.32
12-02-2021 23:00,465.8,26.57,63.11,0.62,0.48,5,0,500.33,508.75
13-02-2021 01:00,463.18,23.48,52.54,0.27,0.14,6,1,496.31,508.5
13-02-2021 02:00,601.11,25.5,85.26,8.02,0.14,6,1,503.57,508.89
13-02-2021 06:00,439.23,20.96,45.55,2.14,0.14,6,1,501.37,508.61
13-02-2021 07:00,554.83,26.14,30.51,3.02,0.18,6,1,502.54,509.23
13-02-2021 08:00,469.61,24,55.37,13.74,0.05,6,1,504.15,508.82
13-02-2021 10:00,484.37,12.67,36.47,12.92,0.78,6,1,510.19,509.57
13-02-2021 12:00,375.16,18.95,32.67,2.03,0.28,6,1,507.72,509.2
13-02-2021 16:00,530.04,29.59,73.04,0.95,0.83,6,1,497.89,508.75
13-02-2021 21:00,394.85,29.11,52.47,11.97,0.37,6,1,491.31,507.46
14-02-2021 01:00,497.07,18.46,55.79,2.2,0.38,7,1,491.05,507.74
14-02-2021 02:00,544.46,13.83,73.71,14.35,0.26,7,1,488.69,508.55
14-02-2021 06:00,507.24,25.55,82.36,2.53,0.3,7,1,489.23,508.95
14-02-2021 17:00,510.16,22.91,38.41,7,0.14,7,1,497.66,509.75
15-02-2021 07:00,509.34,24.49,41.29,7.01,0.35,1,0,503.9,508.62
15-02-2021 11:00,490.19,26.86,50.35,9.03,0.08,1,0,498.15,507.82
15-02-2021 16:00,463.73,25.37,77.25,4.99,0.24,1,0,487.25,506.3
15-02-2021 17:00,544.83,23.69,80.51,3.69,0.03,1,0,488.69,506.38
15-02-2021 20:00,483.99,35,86.19,9.46,0.08,1,0,485.72,506.63
16-02-2021 07:00,526.88,19.29,75.87,10.3,0.1,2,0,487.32,507.19
16-02-2021 09:00,478.43,31.94,88.77,1.68,0.27,2,0,483.63,506.78
16-02-2021 10:00,479.66,-5,89.75,2.28,0.62,2,0,487.49,507.1
16-02-2021 11:00,489.91,20.67,54.63,5.43,0.08,2,0,487.48,507.04
16-02-2021 14:00,544.61,24.34,68.52,10.78,0.35,2,0,495.52,507.25
17-02-2021 06:00,474.06,15.9,32.43,1.76,0.03,3,0,501.57,508.96
17-02-2021 09:00,533.56,23.21,87.39,12.35,0.15,3,0,501.58,508.31
17-02-2021 10:00,535.57,26.47,82.78,1.32,0.1,3,0,503.9,508.7
17-02-2021 11:00,500.25,31.68,74.85,10.64,0.04,3,0,504.34,508.22
17-02-2021 16:00,532.63,18.64,58.56,9.33,0.06,3,0,510.42,508.33
18-02-2021 00:00,494.73,23.76,75.03,3.73,0.25,4,0,511.3,509.35
18-02-2021 02:00,605.3,8.59,59.75,0.28,0.09,4,0,512.02,509.78
18-02-2021 05:00,508.52,26.93,38.76,9,0.02,4,0,517.77,509.99
18-02-2021 06:00,522.57,30.7,65.32,8.98,0.42,4,0,519.79,510.36
18-02-2021 12:00,485.77,31.44,66.29,11.24,0.05,4,0,522.4,510.88
18-02-2021 15:00,484.2,40.52,67.36,3.64,0.03,4,0,511.82,509.73
18-02-2021 21:00,451.52,24.45,74.76,12.33,0.21,4,0,500.83,509.48
18-02-2021 23:00,485.26,19,44,7.65,0.15,4,0,506,509.27
19-02-2021 01:00,488.46,31.68,30.7,2.99,0.44,5,0,505.63,509.21
19-02-2021 03:00,594.91,36.02,62.6,4.75,0.08,5,0,510.16,510.91
19-02-2021 08:00,497.25,35.42,67.12,9.49,0.07,5,0,503.74,511.48
19-02-2021 15:00,427.2,29.99,84.61,8.12,0.31,5,0,503.27,510.95
19-02-2021 16:00,502.97,25.31,79.05,4.42,0.52,5,0,501.03,510.78
20-02-2021 00:00,481.01,42.11,67.57,13.76,0.14,6,1,499.87,509.58
20-02-2021 01:00,530.3,33.3,61.84,14.17,0,6,1,501.62,509.98
20-02-2021 06:00,513.1,30.43,35.98,2.76,0.19,6,1,481.26,508.64
20-02-2021 09:00,601.31,17.3,78.39,10.33,0.02,6,1,489.87,508.85
20-02-2021 10:00,508.8,23.5,76.06,9.68,0.05,6,1,490.24,509
20-02-2021 18:00,460.35,26.8,31.64,3.35,0.44,6,1,505.5,510.76
21-02-2021 02:00,542.6,34.17,77.76,10.73,0.05,7,1,512.68,512.64
21-02-2021 07:00,399.3,26.9,79.47,1.32,0.23,7,1,510.41,512.05
21-02-2021 09:00,453.41,43.73,52.51,6.81,0.06,7,1,503.06,511.16
21-02-2021 10:00,533.74,19.91,78.31,12.51,0.28,7,1,504.1,511.57
21-02-2021 11:00,596.2,19.18,83.46,7.93,0.06,7,1,506.04,511.9
21-02-2021 16:00,455.34,23,51.94,2.94,0.28,7,1,505.65,511.82
21-02-2021 18:00,448.65,21.03,79.59,10.77,0.73,7,1,504.68,511.27
22-02-2021 01:00,550.5,27.17,45.64,2.1,0.03,1,0,493.28,510.97
22-02-2021 02:00,454.97,22.47,75.74,10.99,0.08,1,0,489.63,510.8
22-02-2021 03:00,463.99,31.06,31.32,5.21,0.38,1,0,489.87,510.9
22-02-2021 04:00,529.08,28.05,73.26,3.36,0.06,1,0,490.63,510.68
22-02-2021 06:00,571.44,31.2,56.73,14.31,0,1,0,494.65,511.37
22-02-2021 08:00,506.52,22.62,48.57,10.45,0,1,0,500.83,511.49
22-02-2021 13:00,544.67,17.7,58.77,7.6,0.06,1,0,488.06,512.45
23-02-2021 02:00,471.08,21.99,45.37,3.31,0.32,2,0,499.63,512.82
23-02-2021 04:00,573.5,26.54,54.94,2.02,0.62,2,0,507.7,513.73
23-02-2021 06:00,425.48,30.59,75.87,2.34,0.23,2,0,502.17,513.64
23-02-2021 09:00,561.17,21.26,81.69,10.7,0.12,2,0,504.46,514.25
23-02-2021 11:00,499.66,32.64,79.52,9.11,0.16,2,0,506.25,514.53
23-02-2021 13:00,409.72,32.64,73.4,5.74,0.04,2,0,504.81,514.43
23-02-2021 16:00,556.97,35.64,64.35,10.53,0.01,2,0,510.17,514.24
24-02-2021 02:00,454.34,29.23,39.63,1.41,0.92,3,0,513.22,514.16
24-02-2021 15:00,571.72,22.8,84.6,9.62,0.77,3,0,508.11,513.75
24-02-2021 18:00,585.54,27.23,59.21,13.45,0.06,3,0,508.86,513.76
24-02-2021 19:00,490.26,23.28,39.26,3.73,0.13,3,0,511.79,514.31
24-02-2021 22:00,482.32,31.1,50.86,0.62,0.2,3,0,507.73,514.24
25-02-2021 01:00,464.41,22.41,41.53,9.27,0.11,4,0,504.18,513.93
25-02-2021 04:00,509.27,26.34,67.1,12.17,0.28,4,0,499.13,512.14
25-02-2021 05:00,503.4,30.85,81.09,0.3,0.09,4,0,501.76,512.11
25-02-2021 12:00,444.38,36.94,52.97,2.49,0.3,4,0,505.43,512.51
25-02-2021 15:00,533.71,29.76,59.82,5.06,0.15,4,0,503.98,512.61
25-02-2021 22:00,420.85,21.43,81.55,11.85,0.05,4,0,494.94,512.63
25-02-2021 23:00,461.65,30.64,88.8,4.14,0.05,4,0,494.71,512.49
26-02-2021 02:00,466.98,21.22,64.32,11.02,0.09,5,0,491.51,510.99
26-02-2021 08:00,479.09,24.62,60.87,6.97,0.01,5,0,478.14,508.49
26-02-2021 10:00,597.12,10.98,80.2,13.57,0.5,5,0,478.23,508.59
26-02-2021 18:00,444.06,29.31,41.35,0.89,0.06,5,0,472.23,509.46
26-02-2021 21:00,519.32,30.12,54.36,3.57,0.02,5,0,467.48,508.5
26-02-2021 23:00,537.61,28.66,66.92,5.73,0.18,5,0,473.69,508.31
27-02-2021 01:00,468.19,24.39,84.39,6.77,0.42,6,1,475.32,508.2
27-02-2021 05:00,534.54,35.89,83.93,5.64,0.12,6,1,485.01,509.63
27-02-2021 10:00,510.08,22.32,46.65,9.52,0.13,6,1,493.98,509.14
27-02-2021 15:00,563.04,29.4,72.48,8.02,0.12,6,1,498.43,508.67
27-02-2021 20:00,528.11,13.6,46.33,13.42,0.48,6,1,504.18,508.1
27-02-2021 23:00,491.95,39.64,69.83,2.01,0.05,6,1,505.68,508.17
28-02-2021 04:00,489.53,27.72,66,5.28,0.08,7,1,499.71,507.02
28-02-2021 10:00,541.53,35.17,53.63,0.39,0.14,7,1,488.54,506.87
28-02-2021 12:00,548.13,19.2,62.4,8.31,0.02,7,1,494.56,506.92
28-02-2021 13:00,463.99,28.85,60.63,5.5,0.35,7,1,493.49,505.8
28-02-2021 23:00,494.68,38,44.49,10.49,0.28,7,1,504.08,509.49
01-03-2021 00:00,464.03,12.2,43.95,3.98,0.12,1,0,503.44,509.36
01-03-2021 10:00,517.12,30.61,74.53,4.52,0.22,1,0,510.43,508.1
01-03-2021 11:00,457.35,17.95,73.6,0.61,0.04,1,0,504.96,507.92
01-03-2021 19:00,530.46,11.78,60.97,9.76,0.14,1,0,508.98,509.63
01-03-2021 23:00,491.82,25.82,71.09,9.47,0,1,0,497.98,508.82
02-03-2021 12:00,467.36,17.29,77.34,13.45,0.03,2,0,497.21,506.6
02-03-2021 23:00,512.07,27.53,74.8,5.06,0.25,2,0,502.23,507.65
03-03-2021 02:00,538.46,19.73,67,2.77,0.08,3,0,511.46,508.22
03-03-2021 03:00,508.32,32.7,31.75,9.83,0.05,3,0,509.48,507.95
03-03-2021 15:00,525.41,25.39,61.19,3.05,0.21,3,0,501.36,507
03-03-2021 23:00,523.15,15.41,85.31,9.67,0.03,3,0,513.62,508.83
04-03-2021 00:00,526.78,29.23,59.91,6.66,0.18,4,0,513.89,508.75
04-03-2021 05:00,517.72,12.29,74.46,14.96,0.1,4,0,518.48,510.33
04-03-2021 10:00,463.11,17.67,76.07,1.04,0.1,4,0,518.8,509.01
04-03-2021 17:00,480.46,27.55,40.2,2.45,0.11,4,0,513.62,508.8
04-03-2021 22:00,525.35,26.22,66.65,7.47,0.04,4,0,504.89,509.94
05-03-2021 04:00,435.09,17.32,88.72,2.19,0.01,5,0,497.83,511.3
05-03-2021 06:00,479.69,24.83,66.51,9.59,0.34,5,0,498.6,511.97
05-03-2021 07:00,484.17,15.02,58.31,11.57,0.2,5,0,501.11,512.27
05-03-2021 11:00,583.12,24.4,48,11.92,1.08,5,0,507.12,513.6
05-03-2021 12:00,589.75,35.43,44.65,7.62,0.41,5,0,509.48,514.28
06-03-2021 01:00,561.65,39.09,74.18,13.71,0.34,6,1,513.53,516.48
06-03-2021 05:00,523.86,29.82,37.82,8.83,0.11,6,1,508.97,515.25
06-03-2021 12:00,497.82,24.06,42.93,5.35,0.15,6,1,502.01,514.64
06-03-2021 13:00,483.22,29.76,67.29,2.26,0.25,6,1,499.04,514.6
06-03-2021 19:00,554.19,29.91,62.41,8.69,0.54,6,1,496.28,515.63
07-03-2021 08:00,504.72,31.03,79.32,8.31,0.03,7,1,498.35,516.27
07-03-2021 20:00,540.13,21.2,76.12,14.91,0.04,7,1,500.65,515.26
08-03-2021 03:00,474.3,16.14,41.91,0.48,0.2,1,0,497.58,514.51
08-03-2021 05:00,511.02,30.96,79.42,8.91,0.22,1,0,498.49,515.1
08-03-2021 11:00,476.12,32,37.88,11.46,0.33,1,0,498.24,514.64
08-03-2021 13:00,500.38,38.46,77.56,10.33,0.04,1,0,501.94,514.57
08-03-2021 14:00,532.74,25.54,33.07,13.44,0.22,1,0,500.63,514.95
08-03-2021 15:00,449.28,21.81,59.46,1.19,0.1,1,0,494.81,514.61
08-03-2021 16:00,507.17,14.62,46.03,6.74,0.07,1,0,498.65,514.69
08-03-2021 19:00,456.94,24.76,40.44,4.8,0.02,1,0,495.37,512.9
08-03-2021 22:00,471.45,16.58,54.53,3.54,0.09,1,0,493.32,513.46
09-03-2021 09:00,552.56,19.71,64.18,3.14,0.22,2,0,502.14,514.9
09-03-2021 13:00,474.94,10.15,30.8,1.95,0.02,2,0,500.32,515.28
09-03-2021 22:00,479.66,35.95,71.18,6.92,0.09,2,0,504.61,513.93
10-03-2021 00:00,541.07,24.19,65.65,1.57,0.07,3,0,509.3,514.07
10-03-2021 06:00,505.3,28.42,35.83,9.99,0.22,3,0,506.19,513.73
10-03-2021 12:00,362.93,21.48,41.49,6.3,0.24,3,0,498.51,514.38
10-03-2021 22:00,452.06,24.75,72.79,6.51,0.32,3,0,507.03,513.03
11-03-2021 08:00,535.66,24.13,49.06,5.98,0.07,4,0,499.15,511.66
11-03-2021 10:00,435.74,12.32,79.84,4.58,0.23,4,0,497.73,511.42
11-03-2021 11:00,548.23,13.73,82.06,0.36,0.33,4,0,496.54,512.06
11-03-2021 15:00,447.34,30.1,47.47,13.17,0.01,4,0,498,511.88
11-03-2021 23:00,557.23,34.52,41.1,4.93,0.14,4,0,494.52,511.27
12-03-2021 01:00,611.02,20.14,43.43,8.05,0.31,5,0,499.11,511.95
12-03-2021 04:00,432.08,30.86,84.44,1.28,0.1,5,0,497.16,512.09
12-03-2021 10:00,506.1,30.11,88.41,1.12,0.08,5,0,503.65,511.76
12-03-2021 11:00,505.93,27.05,83.2,6.1,0.46,5,0,501.89,511.29
12-03-2021 14:00,415,30.57,77.91,13.52,0.21,5,0,495.79,509.6
12-03-2021 18:00,533.71,28.69,36.47,10.51,0.13,5,0,504.36,510.57
13-03-2021 00:00,562.73,34.1,67.64,1.79,0.06,6,1,509.13,511.01
13-03-2021 01:00,589.81,25.99,73.33,0.07,0.15,6,1,508.24,511.18
13-03-2021 04:00,492.81,27.14,76.7,9.29,0.29,6,1,504.31,511.31
13-03-2021 15:00,538.56,27.45,30.24,5.35,0.06,6,1,509.57,511.38
13-03-2021 19:00,516.15,17.76,33.82,7.74,0.1,6,1,504.2,510.99
14-03-2021 00:00,532.18,28.14,60.06,9.51,0.32,7,1,500.97,511.38
14-03-2021 03:00,487.57,40.06,86.15,1.91,0.3,7,1,500.24,511.02
14-03-2021 13:00,458.53,7.53,63.95,11.3,0.1,7,1,494.52,510.79
14-03-2021 16:00,506.66,25.39,32.9,0.11,0.27,7,1,493.19,510.31
14-03-2021 23:00,504.58,16.79,87.06,5.85,0.29,7,1,502.2,512.01
15-03-2021 02:00,430.13,14.4,36.65,0.52,0.34,1,0,502.06,511.59
15-03-2021 03:00,400.07,30.67,55.25,10.67,0.07,1,0,498.42,511.14
15-03-2021 06:00,527.21,36.63,79.98,12.34,0.37,1,0,502.05,512.01
15-03-2021 12:00,465.37,38.59,76.95,12.98,0.02,1,0,507.4,511.84
15-03-2021 14:00,439.48,28.59,39.94,3.61,0.34,1,0,503.21,510.9
15-03-2021 17:00,472.4,31.37,46.93,7.07,0.19,1,0,505.03,511.34
15-03-2021 19:00,465.05,22.63,39.64,7.16,0.14,1,0,499.27,511.95
15-03-2021 20:00,414.75,30.57,47.29,9.17,0.03,1,0,492.91,511.6
16-03-2021 12:00,526.3,13.96,42.97,1.02,0.75,2,0,494.17,510.79
16-03-2021 13:00,491.62,28.28,64.59,4.61,0.15,2,0,496.32,510.89
16-03-2021 15:00,515.12,24.26,39.16,6.87,0.03,2,0,498.73,511.79
16-03-2021 17:00,462.85,20.66,58.18,0.81,0.32,2,0,499.97,511.82
16-03-2021 21:00,504.45,24.74,37.81,6.09,0.58,2,0,504.57,510.78
17-03-2021 00:00,441.21,15.79,80.96,10.63,0.55,3,0,496.14,509.41
17-03-2021 01:00,524.93,39.02,55.9,3.83,0.08,3,0,496.28,509.56
17-03-2021 04:00,527.45,23.59,37.23,6.74,0.54,3,0,499.74,509.79
17-03-2021 06:00,488.51,19.43,40.65,3.67,0.27,3,0,496.33,509.87
17-03-2021 09:00,573.57,38.09,69.31,3.47,0.14,3,0,502.95,509.95
17-03-2021 12:00,482.42,26.96,72.11,0.76,0.03,3,0,495.32,510.32
17-03-2021 13:00,445.03,30.17,57.97,1.95,0.19,3,0,493.38,509.33
17-03-2021 17:00,453.21,26.99,65.3,11.97,0.18,3,0,491.79,509.27
17-03-2021 21:00,470.5,28.43,80.61,3.57,0.01,3,0,495.31,508.91
18-03-2021 02:00,472.95,31.81,38.28,2.48,0.22,4,0,495.73,507.99
18-03-2021 07:00,475.46,26.05,49.73,7,0.21,4,0,489.93,508.84
18-03-2021 09:00,485.6,23.33,87.27,8.41,0.31,4,0,486.72,508.39
18-03-2021 11:00,459.3,21.36,49.55,10.27,0.13,4,0,485.01,507.92
18-03-2021 14:00,492.38,33.77,78.18,0.43,0.26,4,0,488.07,507.95
18-03-2021 18:00,525.86,22.35,51.54,7.82,0.16,4,0,489.27,508.28
19-03-2021 02:00,494.16,30.79,44.21,10.34,0.03,5,0,490.68,506.92
19-03-2021 05:00,535.48,32.88,72.82,10.81,0.35,5,0,488.74,507.21
19-03-2021 07:00,574.33,22.66,78.29,12.59,0.29,5,0,496.88,507.88
19-03-2021 10:00,573.97,26.63,75.1,6.62,0.12,5,0,503.15,508.38
19-03-2021 13:00,481.83,19.24,73.57,5.8,0.14,5,0,498.63,507.89
19-03-2021 14:00,542.77,23.37,49.46,8.69,0.05,5,0,500.73,508.67
19-03-2021 23:00,542.39,25.27,81.4,3.64,0.35,5,0,502.12,507.02
20-03-2021 01:00,418.16,32.97,45.55,7.68,0.05,6,1,498.98,505.68
20-03-2021 05:00,423.97,18.46,37.71,4.19,0.06,6,1,493.49,506.11
20-03-2021 10:00,538.37,18.83,49.55,4.2,0.24,6,1,492.16,507.27
20-03-2021 11:00,541.66,44.58,61.99,11.51,0.1,6,1,497.01,507.03
20-03-2021 15:00,473.63,23.57,87.36,11.21,0.25,6,1,494.85,505.74
20-03-2021 21:00,564.98,18.88,43.99,6.05,0.02,6,1,496.59,506.67
21-03-2021 00:00,414.74,34.3,77.72,12.67,0.22,7,1,489.83,505.1
21-03-2021 09:00,514.47,18.64,87.62,6.98,0.22,7,1,497.89,505.5
21-03-2021 10:00,481.34,31.56,35.74,4.13,0.1,7,1,495.52,505.82
21-03-2021 15:00,478.11,26.25,42.38,5.13,0.18,7,1,495.37,506.02
21-03-2021 17:00,454.97,25.72,67.88,14.3,0.08,7,1,488.15,505.52
21-03-2021 19:00,544.08,41.01,82.11,0.93,0.19,7,1,492.34,505.16
22-03-2021 00:00,501.55,19.82,42.76,12.78,0.2,1,0,495.12,503.82
22-03-2021 09:00,443.28,23.24,44.79,10.76,0.52,1,0,486.13,503.34
22-03-2021 13:00,532.9,34.15,88.04,4.6,0.65,1,0,491.45,503.87
22-03-2021 20:00,504.73,25.84,56.64,12.41,0.44,1,0,504.69,506.36
22-03-2021 21:00,534.97,33.63,50.82,6.9,0.27,1,0,507.05,507.06
23-03-2021 14:00,566.32,27.21,57.38,9.69,0.04,2,0,505.45,504.8
23-03-2021 15:00,449.65,33.7,75.05,8.99,0.06,2,0,501.1,504.4
23-03-2021 18:00,484.74,31.57,52.44,6.56,0.05,2,0,493.92,504.64
24-03-2021 07:00,548.22,25.57,57.45,7.66,0.26,3,0,499.25,505.93
24-03-2021 10:00,374.61,18.58,74.32,2.57,0.17,3,0,493.15,504.71
24-03-2021 11:00,486.42,30.14,46.29,8.28,0.72,3,0,490.99,504.88
24-03-2021 12:00,553.64,21.32,69.73,1.58,0.09,3,0,496.2,505.31
25-03-2021 04:00,555.65,22.23,57.5,0.35,0.13,4,0,489.61,505.19
25-03-2021 17:00,438.47,13.98,33.23,11.71,0.11,4,0,489.52,505.4
26-03-2021 00:00,467.37,32.19,60.21,13.73,0.01,5,0,501.48,506.93
26-03-2021 05:00,501.54,22.95,53.6,10.18,0.44,5,0,507.12,507.9
26-03-2021 09:00,457.04,20.19,49.15,0.06,0.09,5,0,500.15,506.71
26-03-2021 12:00,436.67,26.86,38.11,9.79,0.04,5,0,499.7,506.38
26-03-2021 19:00,534.31,30.31,38.31,12.56,0.21,5,0,505.72,506.75
26-03-2021 20:00,453.87,32.04,56.24,3.22,0.38,5,0,504.23,506.32
27-03-2021 00:00,469.5,27.57,81.08,14.9,0.11,6,1,495.63,506.13
27-03-2021 01:00,426.44,22.06,51.37,0.57,0.14,6,1,493.02,506.18
27-03-2021 02:00,398.17,18.88,33.66,3.79,0.08,6,1,489.49,505.54
27-03-2021 03:00,502.59,25.47,69.86,2.09,0.18,6,1,489.44,505.81
27-03-2021 08:00,608.96,18.83,42.28,12.8,0.16,6,1,492.61,506.38
27-03-2021 10:00,453.32,25.97,31.88,6.82,0.18,6,1,492.64,506.54
27-03-2021 11:00,501.41,21.84,86.89,14.53,0.14,6,1,494.12,506.29
27-03-2021 14:00,537.96,22.15,53.02,14.1,0.15,6,1,496.88,507.09
27-03-2021 15:00,459.11,22.74,67.35,10.14,0.43,6,1,494.29,507
28-03-2021 17:00,475.08,22.74,42.91,4.93,0.05,7,1,496.55,507.31
28-03-2021 20:00,459.25,19.44,75.81,6.57,0.36,7,1,496.72,506.73
29-03-2021 14:00,546.21,33.46,74.38,8.27,0.05,1,0,493.64,506.4
29-03-2021 15:00,483.28,23.02,63.67,3.3,0.38,1,0,488.68,505.97
30-03-2021 04:00,501.03,12.79,61.43,2.55,0.01,2,0,496.33,505.34
30-03-2021 05:00,509.93,31.02,66.36,2.62,0.01,2,0,496.54,505.27
30-03-2021 09:00,430.84,31.96,65.31,13.62,0.15,2,0,494.22,504.25
30-03-2021 13:00,516.77,23.49,38.15,10.88,0.41,2,0,504.35,506.36
30-03-2021 15:00,458.9,22.05,85.32,8.07,0.41,2,0,497.2,505.4
30-03-2021 21:00,525.78,16.05,42.54,12.05,0.13,2,0,495.03,506.13
30-03-2021 22:00,505.03,15.92,34.84,0.44,0.19,2,0,495.43,506.23
31-03-2021 03:00,473.38,32.69,73.03,10.88,0.08,3,0,491.98,504.66
31-03-2021 05:00,551.86,29.47,64,12.62,0.36,3,0,493.21,505.08
31-03-2021 08:00,507.08,9.9,81.65,4.04,0.15,3,0,497.59,505.26
31-03-2021 10:00,500.86,29.91,70.13,13.97,0.21,3,0,497.91,505.66
31-03-2021 12:00,538,39.05,54.38,5.86,0.02,3,0,496.38,505.69
31-03-2021 15:00,508.81,23.64,63.84,14.14,0.03,3,0,495.49,505.12
31-03-2021 16:00,517.69,19.12,35.88,3.53,0.06,3,0,491.95,505.49
31-03-2021 18:00,501.4,29.58,61.75,3.54,0.14,3,0,490.25,505.47
01-04-2021 04:00,510,23.91,61.79,4.77,0.34,4,0,498.2,505.96
01-04-2021 12:00,539.78,20.57,43.95,3.81,0.31,4,0,505.56,507.26
02-04-2021 04:00,408.13,23.09,36.01,3.54,0.16,5,0,511.79,506.61
02-04-2021 05:00,436.06,15.66,64.01,12.68,0.13,5,0,507.21,506.21
02-04-2021 08:00,417.31,32.67,80.1,13.12,0.14,5,0,494.92,505.35
02-04-2021 11:00,547.7,19.57,31.75,14.1,0.19,5,0,496.14,506.12
02-04-2021 22:00,517.88,22.31,72.92,14.05,0.07,5,0,494.53,506.65
03-04-2021 03:00,650.69,23.85,40.16,10.17,0.07,6,1,491.56,508.24
03-04-2021 04:00,468.44,11.36,66.8,11.36,0.17,6,1,494.07,507.55
03-04-2021 06:00,526.16,36.4,53.91,2.58,0.08,6,1,501.15,508.11
03-04-2021 20:00,452.28,28.33,74.94,5.62,0.37,6,1,510.6,509.45
04-04-2021 00:00,503.07,18.66,62.9,12.11,0.07,7,1,517.26,509.74
04-04-2021 01:00,471.17,13.96,42.6,3.38,0.01,7,1,515.85,510.16
04-04-2021 04:00,503.7,22.65,81.75,9.06,0.18,7,1,507.41,510.12
04-04-2021 06:00,478.8,35.19,34.58,8.06,0.55,7,1,500.66,509.94
04-04-2021 14:00,483.1,19.68,45.23,10.63,0.27,7,1,491.16,509.17
05-04-2021 05:00,436.87,35.37,63.08,6.66,1.31,1,0,484.46,507.15
05-04-2021 06:00,541.4,17.21,66.23,10.33,0.05,1,0,487.07,507.52
05-04-2021 09:00,429.49,25.62,32.93,4.09,0.15,1,0,480.11,507.19
05-04-2021 13:00,584.5,24.09,35.46,7.35,0.01,1,0,488.22,508.76
05-04-2021 20:00,473.8,25.51,42.2,10.49,0.32,1,0,501.44,509.21
06-04-2021 01:00,487.72,20.16,39.55,0.03,0.06,2,0,500.16,508.06
06-04-2021 02:00,563.17,32.7,88.42,4.26,0.63,2,0,508,509.2
06-04-2021 04:00,529.16,12.58,69.78,2.77,0.33,2,0,508.98,509.41
06-04-2021 05:00,503.86,32.96,75.84,8.52,0.09,2,0,511.77,509.37
06-04-2021 08:00,451.77,32.92,60.39,0.13,0.16,2,0,510.29,509.54
06-04-2021 09:00,458.86,27.26,61.17,7.15,0.03,2,0,511.51,509.71
06-04-2021 12:00,422.19,22.69,41.46,2.53,0.29,2,0,505.11,508.46
06-04-2021 16:00,509.51,28.44,84.99,0.7,0.15,2,0,493.79,508.28
06-04-2021 23:00,497.52,28.67,49.98,6.12,0.13,2,0,498.93,509.05
07-04-2021 00:00,534.24,19.71,63.67,4.46,0.82,3,0,499.69,509.5
07-04-2021 03:00,505.54,18.97,52.44,9.19,0.17,3,0,499.58,510.34
07-04-2021 05:00,512.15,19.51,31.18,3.56,0.18,3,0,502.04,510.66
07-04-2021 06:00,450.7,24.92,72.27,1.87,0.1,3,0,499.03,510.33
07-04-2021 08:00,394.29,26.47,86.7,11.96,0.06,3,0,496.67,509.4
07-04-2021 09:00,506.87,18.84,89.64,5.77,0.34,3,0,498.67,509.78
07-04-2021 12:00,507.49,27.28,40.79,7.79,0.65,3,0,503.8,509.54
07-04-2021 16:00,406.59,13.84,85.1,5.82,0.27,3,0,509.09,510.78
07-04-2021 19:00,450.08,24.61,84.65,11.56,0.14,3,0,499.51,509.95
08-04-2021 05:00,484.19,22.01,87.13,14.39,0.21,4,0,499.85,510.93
08-04-2021 06:00,469.44,25.96,40.91,4.81,0.01,4,0,500.63,511
08-04-2021 12:00,530.25,27.14,59.62,12.68,0.36,4,0,515.25,510.96
08-04-2021 16:00,505.64,30.18,58.74,11.19,0.13,4,0,510.74,509.99
08-04-2021 18:00,471.2,27.49,76.6,12.13,0.58,4,0,511.83,509.6
08-04-2021 19:00,484.53,26,77.97,11.46,0.18,4,0,513.26,509.49
08-04-2021 20:00,380.94,22.16,49.92,2.69,0.44,4,0,506.59,509.19
08-04-2021 22:00,546.09,27.17,58.09,10.35,0,4,0,504.38,509.84
09-04-2021 03:00,473.99,33.24,38.4,11,0.03,5,0,505.44,509.47
09-04-2021 04:00,533.81,30.09,52.55,14.7,0,5,0,504.41,510.23
09-04-2021 05:00,498.31,21.92,57.1,8.03,0.46,5,0,505,510.61
09-04-2021 16:00,480.59,43.61,72.62,1.09,0.39,5,0,490.33,510.05
10-04-2021 01:00,465.27,20.34,67.2,13.93,0.01,6,1,493.88,510.59
10-04-2021 05:00,490.28,21.16,71.86,0.55,0.36,6,1,488.79,509.2
10-04-2021 06:00,480.14,29.99,54.92,11.55,0.33,6,1,485.48,508.93
10-04-2021 11:00,511.93,34.32,34.02,13.14,0.2,6,1,481.88,506.92
10-04-2021 17:00,482.96,15.98,57.97,4.13,0.44,6,1,480.02,505.48
10-04-2021 18:00,486.07,29.03,67.51,11.88,0.22,6,1,476.8,505.19
11-04-2021 05:00,585.36,17.58,43.2,12.08,0.08,7,1,484.88,506.62
11-04-2021 15:00,484.76,38.15,86.96,7.37,0.08,7,1,504.01,508.27
11-04-2021 16:00,590.5,31.08,71.14,10.85,0.03,7,1,507.65,507.7
11-04-2021 19:00,475.55,26.98,55.53,2.71,0.81,7,1,505.27,507.45
11-04-2021 20:00,548.03,17.06,69.26,2.33,0.25,7,1,509.3,508.19
12-04-2021 00:00,524.27,30.71,62.18,11.66,0.51,1,0,511.04,507.94
12-04-2021 01:00,448.23,37.2,83.71,7.28,0.07,1,0,510.7,507.98
12-04-2021 11:00,501.55,13.32,70.44,1.57,0.12,1,0,488.71,507.75
12-04-2021 20:00,600.55,19.84,48.2,2.76,0.42,1,0,488.73,506.34
12-04-2021 21:00,505.96,21.96,74.47,12.82,0.54,1,0,488.25,506.89
12-04-2021 23:00,496.01,17.73,49.07,4.72,0.27,1,0,487.36,506.31
13-04-2021 07:00,419.92,12.07,39.91,7.46,0.03,2,0,485.91,504.77
13-04-2021 19:00,517.4,26.01,66.28,6.66,0.18,2,0,493.33,505.33
13-04-2021 20:00,475.55,15.46,54.89,5.24,0.03,2,0,488.12,505.3
13-04-2021 21:00,504.65,9.63,31.15,4.38,0.03,2,0,488.06,505.3
14-04-2021 00:00,521.5,17.87,77.1,5.92,0.04,3,0,488.42,504.45
14-04-2021 01:00,530.58,10,79.75,1,0.12,3,0,492.14,504.52
14-04-2021 11:00,580.95,21.56,43.88,14.46,0.06,3,0,511.75,506.26
14-04-2021 15:00,519.23,32.64,49.84,14.54,0.17,3,0,503.23,503.87
14-04-2021 20:00,461.74,20.52,64.33,12.87,0.32,3,0,491.2,503.72
15-04-2021 00:00,439.6,21.43,36.24,2.79,0.19,4,0,492.24,503.13
15-04-2021 02:00,518.96,19.97,82.14,1.96,0.34,4,0,490.37,502.44
15-04-2021 08:00,489.86,26.03,78.98,7.55,0.01,4,0,484.46,502.36
15-04-2021 13:00,532.35,34.72,50.22,2.69,0.31,4,0,489.03,501.87
15-04-2021 16:00,539.52,14.19,56.39,5.02,0.12,4,0,496.98,502.14
15-04-2021 19:00,545.52,27.29,52.24,14.39,1.01,4,0,499.89,502.26
15-04-2021 22:00,412.26,43.12,44.25,2.97,0.06,4,0,495.19,502.15
16-04-2021 01:00,525.68,33.95,86.19,12.63,0.08,5,0,496.8,501.57
16-04-2021 03:00,506.28,33.03,74.82,7.02,0,5,0,492.62,501.22
16-04-2021 12:00,442.69,17.72,80.69,13.76,0.08,5,0,483.93,500.11
16-04-2021 13:00,463.07,30.18,80.51,6.8,0.04,5,0,481.04,500.17
16-04-2021 15:00,530.18,18.94,70.53,11.41,0.26,5,0,484.14,500.88
16-04-2021 23:00,561.37,20.02,77.46,14.1,0.02,5,0,491.48,500.64
17-04-2021 04:00,579.54,28.52,30.03,4.47,0.11,6,1,493.29,501.41
17-04-2021 09:00,471.14,20.62,40.17,3.31,0.15,6,1,495.6,502.54
17-04-2021 10:00,471.7,23.13,61.05,8.42,0.08,6,1,495.62,503.08
17-04-2021 14:00,518.83,29.97,35.35,8.33,0.49,6,1,506.17,504.11
17-04-2021 19:00,514.63,28.66,34.5,10.1,0.16,6,1,499.04,504.01
17-04-2021 20:00,494.41,26.62,34.32,10.19,0.21,6,1,497.46,504.27
18-04-2021 00:00,464.53,19.87,49.43,11.51,0.53,7,1,500.9,504.38
18-04-2021 10:00,507.78,21.78,89.64,13.19,0.21,7,1,488.47,502.41
18-04-2021 14:00,446.57,20.69,34.36,9.18,0.09,7,1,479.85,501.01
18-04-2021 17:00,494.22,27.81,60.56,6.76,0.03,7,1,480.59,500.74
19-04-2021 02:00,454.95,24.38,76.9,7.88,0.02,1,0,471.01,498.99
19-04-2021 11:00,562.16,26.64,86.78,5.75,0.47,1,0,484.93,501.36
20-04-2021 08:00,519.08,31.63,35.35,12.39,0.06,2,0,511.12,504.2
20-04-2021 09:00,536.17,18.81,41.18,1.39,0.49,2,0,514.93,504.81
20-04-2021 14:00,519.28,19.64,43.22,3.33,0.53,2,0,509.41,504.93
20-04-2021 21:00,423.2,20.13,33.75,1.84,0.27,2,0,500.79,503.97
20-04-2021 23:00,399.4,31.53,73.46,9.91,0.18,2,0,492.77,503.81
21-04-2021 00:00,474.19,12.13,42.79,10.65,0.03,3,0,493.65,503.53
21-04-2021 13:00,449.97,25.02,36.01,7.48,0.12,3,0,493.49,502.36
21-04-2021 17:00,596.66,29.39,36.88,1.48,0.02,3,0,493.11,503.68
22-04-2021 02:00,540.06,38.58,63.21,8.69,0.51,4,0,499.02,504.98
22-04-2021 05:00,481.79,9.36,55.85,4.82,0.2,4,0,497.8,504.73
22-04-2021 06:00,483.98,23.99,51.75,2.84,0.29,4,0,498.47,504.33
22-04-2021 08:00,466.31,37.7,80.65,7.39,0.04,4,0,496.46,504.25
22-04-2021 09:00,538.66,38.02,36.14,5.92,0.14,4,0,500.56,504.34
22-04-2021 17:00,542.33,30.9,61.6,10.47,0.01,4,0,493.12,503.43
22-04-2021 19:00,489.19,23.99,50.81,9.5,0.65,4,0,492.56,502.85
22-04-2021 21:00,409.26,12.12,36.93,14.95,0.09,4,0,484.3,502.66
22-04-2021 22:00,430.15,26.92,84.34,0.08,0.22,4,0,479.34,502.77
23-04-2021 01:00,562.91,21.63,75.86,11.72,0.1,5,0,487.58,503.5
23-04-2021 06:00,592.8,27.04,84.93,6.29,0.06,5,0,487.46,503.88
23-04-2021 07:00,437.29,28.92,57.7,4.03,0.08,5,0,488.08,503.85
23-04-2021 08:00,529.74,24.04,84,2.25,0.02,5,0,490.72,503.8
23-04-2021 13:00,540.8,26.94,51.98,3.48,0.2,5,0,500.06,505.83
23-04-2021 18:00,455.41,37.08,73.09,7.45,0.04,5,0,500.58,505.62
24-04-2021 00:00,536.25,26.01,72.77,9.61,0.15,6,1,507.67,505.88
24-04-2021 01:00,481.99,26.83,43.29,1.98,0.15,6,1,504.3,505.75
24-04-2021 02:00,461.51,21.59,84.07,4.58,0.33,6,1,505.5,505.57
24-04-2021 04:00,519.61,28.18,88.93,12.89,0.31,6,1,502.91,504.99
24-04-2021 05:00,474.57,19.04,85.07,0.63,0.01,6,1,502.21,504.82
24-04-2021 09:00,489.72,29.89,86.42,5.25,0.35,6,1,490.95,503.29
24-04-2021 11:00,480.86,26.49,41.27,2.11,0.2,6,1,484.9,503.15
24-04-2021 12:00,426.21,30.64,40.19,9.74,0.07,6,1,483.13,502.57
24-04-2021 13:00,456.27,14.49,74.85,10.02,0.08,6,1,479.61,502.12
24-04-2021 15:00,551.81,27.63,37.97,3.45,0.79,6,1,485.61,503.09
24-04-2021 20:00,501.65,34.77,37.95,6.62,0.09,6,1,485.58,503.88
25-04-2021 03:00,510.59,15.3,48.34,8.61,0.29,7,1,493.99,504.82
25-04-2021 04:00,461.16,27.09,64.98,9.78,0.39,7,1,491.55,504.54
25-04-2021 06:00,550.91,33.3,54.12,13.93,0.14,7,1,496.66,504.73
25-04-2021 11:00,474.41,28.5,50.41,6.5,0.05,7,1,496.97,504.48
25-04-2021 13:00,496.87,17.64,74.23,10.18,1.04,7,1,498.83,504.45
26-04-2021 01:00,482.15,28.34,56.05,11.25,0.96,1,0,497.29,507.12
26-04-2021 16:00,510.18,35.1,48.83,6.3,0.18,1,0,497.15,506.43
26-04-2021 17:00,522.95,24.42,31.96,5.58,0.04,1,0,499.59,505.96
26-04-2021 21:00,476.41,25.16,65.89,8.97,0.21,1,0,499.06,505.85
27-04-2021 07:00,480.81,31.05,58.41,5.61,0.21,2,0,495.4,504.66
27-04-2021 08:00,458.31,23.96,61.93,9.67,0.75,2,0,490.35,504.29
27-04-2021 13:00,552.76,30.65,73.4,8.29,0.41,2,0,490.91,504.15
27-04-2021 15:00,449.85,23.63,88.2,5.94,0.25,2,0,487.86,503.61
27-04-2021 18:00,421.8,36.32,31.09,12.39,0.08,2,0,484.03,502.96
27-04-2021 19:00,499.85,19.91,53.14,9.29,0.04,2,0,482.93,502.97
27-04-2021 22:00,433.45,25.6,46.37,13.91,0.01,2,0,481.78,503.03
27-04-2021 23:00,537.63,14.33,42.84,7.61,0.27,2,0,483.56,503.87
28-04-2021 00:00,467.88,15.45,57.74,1.31,0.29,3,0,485.23,503.83
28-04-2021 03:00,507.1,17.65,58.44,10.49,0.16,3,0,489.06,503.86
28-04-2021 05:00,440.27,19.17,37.3,8.45,0.36,3,0,486.53,503.46
28-04-2021 08:00,425.54,24.94,36.53,0.6,0.06,3,0,491.86,504.1
28-04-2021 18:00,564.54,26.57,86.11,7.48,0.15,3,0,502.22,504.73
28-04-2021 19:00,442.24,29.18,76.69,2.91,0.07,3,0,499.82,504.5
28-04-2021 20:00,538.08,27.18,82.92,6.85,0.13,3,0,497.43,504.24
28-04-2021 21:00,503.97,15.75,74.49,7.07,0.83,3,0,501.41,504.09
29-04-2021 05:00,509.07,17,39.93,5.99,1.13,4,0,500.65,503.88
29-04-2021 08:00,405.41,11.4,86.29,8.11,0.85,4,0,496.29,504.08
29-04-2021 09:00,583.76,16.66,50.15,0.17,0.03,4,0,498.62,504.35
29-04-2021 17:00,547.11,18.6,67.79,12.7,0.59,4,0,506.65,506.15
29-04-2021 18:00,400.44,33.86,45.24,2.88,0.28,4,0,499.81,505.84
29-04-2021 21:00,550.47,13.74,79.27,11.88,0.08,4,0,501.74,506.63
30-04-2021 00:00,495.02,21.9,64.83,2.66,0.04,5,0,505.68,507.04
30-04-2021 01:00,487.36,34.39,38.1,5.27,0.09,5,0,502.93,506.59
30-04-2021 17:00,438.41,27.52,57.87,3.15,0.26,5,0,505.51,506.89
30-04-2021 20:00,525.66,31.77,53.31,14.21,0.07,5,0,512.98,507.19
01-05-2021 00:00,520.33,32.1,70.54,3,0,6,1,518.53,508.63
01-05-2021 09:00,459.14,24.63,39.99,3.19,0.12,6,1,520.18,511.22
01-05-2021 12:00,507,30.22,63.32,13.41,0.04,6,1,516.58,511.43
01-05-2021 22:00,465.34,29.99,50,0.18,0.25,6,1,498.65,510.2
01-05-2021 23:00,456.44,33.67,71.85,12.3,0.09,6,1,492.57,509.82
02-05-2021 04:00,382.51,25.84,50.87,7.48,0.05,7,1,491.61,510
02-05-2021 08:00,462.93,16.14,56.99,13.58,0.08,7,1,490.42,509.82
02-05-2021 17:00,538.87,31.59,71.41,15,0.23,7,1,499.4,510.5
02-05-2021 20:00,454.43,28.04,71.49,8.44,0.26,7,1,499.72,510.36
02-05-2021 21:00,541.15,26.48,83.29,1.12,0.02,7,1,502.73,510.42
03-05-2021 00:00,496.11,31.61,85.54,5.73,0.01,1,0,500.65,510.4
03-05-2021 15:00,520.69,37.17,50.12,6.7,0.02,1,0,500.04,510.34
03-05-2021 16:00,510.09,35.05,42.28,3.05,0.07,1,0,499.11,510.34
04-05-2021 02:00,505.19,10.09,86.03,2.63,0.05,2,0,518.41,513.11
04-05-2021 10:00,643.1,26.57,89.99,14.55,0.12,2,0,516.87,515.01
04-05-2021 18:00,529.32,22.28,64.96,6.97,0.33,2,0,516.26,515.25
04-05-2021 23:00,454.11,29.16,70.78,11.85,0.28,2,0,506.48,515.14
05-05-2021 05:00,539.95,30.29,80.59,5.76,0.12,3,0,502.31,515.02
05-05-2021 16:00,418.65,28,46.82,13.67,0.01,3,0,497.54,514.52
05-05-2021 22:00,446.88,20.57,42.7,8.55,0.04,3,0,492,514.26
05-05-2021 23:00,520.83,34.85,80.91,9.2,0.12,3,0,494.78,514.23
06-05-2021 06:00,547.59,13.13,41.89,4.32,0.01,4,0,509.29,515.84
06-05-2021 07:00,496.34,27.97,62.76,3.27,0.12,4,0,507.23,516.08
06-05-2021 09:00,501.53,22.33,32.78,7.8,0.45,4,0,510.53,516.36
06-05-2021 15:00,425.35,37.56,39.45,10.46,0.02,4,0,502.55,515.16
06-05-2021 21:00,426.04,20.54,83.18,9.74,0.44,4,0,510.26,515.44
07-05-2021 01:00,481.31,34.56,75.81,12.53,0.35,5,0,504.4,515.51
07-05-2021 07:00,529.34,18.07,34.67,10.2,0.12,5,0,503.24,515.41
07-05-2021 13:00,469.43,26.39,37.88,12.1,0.09,5,0,504.82,516.47
08-05-2021 07:00,483.21,33.78,39.94,11.91,0.54,6,1,496.88,511.82
08-05-2021 11:00,515.75,28.56,79.32,9.48,0.67,6,1,492.79,512.94
08-05-2021 15:00,458.23,32.99,62.24,12.28,0.11,6,1,499.74,513.61
08-05-2021 16:00,507.2,22.04,75.51,1.41,0.02,6,1,501.58,513.95
09-05-2021 06:00,475.77,19.45,88.39,0.17,0.12,7,1,506.09,514.28
09-05-2021 09:00,471.4,26.96,71.38,12.24,0.29,7,1,505.38,514.83
09-05-2021 15:00,507.19,22.21,45.71,3.64,0.3,7,1,505.73,514.94
10-05-2021 00:00,561.71,17.44,33.19,0.9,0.32,1,0,506.8,514.63
10-05-2021 08:00,506.11,17.76,73.02,9.93,0.19,1,0,489.03,512.47
11-05-2021 11:00,432.5,18.57,72.31,4.01,0.16,2,0,498.4,508.9
11-05-2021 15:00,537.05,34.03,68.88,11.84,0.6,2,0,503.46,509.73
11-05-2021 21:00,519.43,37.4,78.17,10.67,0.31,2,0,499.69,509.74
11-05-2021 22:00,527.4,13.42,64.89,3.53,0.25,2,0,500.22,509.87
12-05-2021 03:00,479.61,34.03,73.64,8.14,0.04,3,0,498.39,510.47
12-05-2021 08:00,516.39,22.42,35.16,10.36,0.55,3,0,509.09,511.87
12-05-2021 10:00,444.48,17.49,85.57,13.73,0.02,3,0,508.51,511.54
12-05-2021 13:00,583.5,34.22,60.61,13.83,0.04,3,0,513.88,512
12-05-2021 16:00,486.94,14.39,83.83,7.33,0.11,3,0,506.79,511.73
12-05-2021 17:00,482.32,29.54,38.23,7.07,0.57,3,0,507.48,512
12-05-2021 20:00,530.68,20.03,30.53,1.45,1.03,3,0,513.18,511.77
12-05-2021 21:00,442.88,31.23,74.12,1.74,0.16,3,0,509.99,512
13-05-2021 02:00,485.5,18.93,84.58,2.32,0.05,4,0,509.82,511.18
13-05-2021 06:00,515.56,28.16,43.71,8,0.22,4,0,503.35,510.52
13-05-2021 18:00,534.16,25.2,50.11,2.68,0.15,4,0,498.24,509.19
14-05-2021 01:00,457.24,23.5,52.27,13.82,0.03,5,0,484.98,508.91
14-05-2021 05:00,495,28.85,32.88,11.99,0.09,5,0,495.85,509.43
14-05-2021 18:00,527.87,37.14,68.65,1.49,0.03,5,0,500.96,509.11
14-05-2021 23:00,480.78,33.9,30.04,6.58,0.16,5,0,505.55,509.82
15-05-2021 02:00,445.03,13.73,52.75,10.34,0.3,6,1,492.01,507.85
15-05-2021 19:00,392.36,12.5,75.71,3.22,0.08,6,1,476.54,506.31
15-05-2021 20:00,536.52,17.41,80.54,13.4,0.23,6,1,477.9,506.62
15-05-2021 22:00,485.95,12.93,36.93,5.53,0.01,6,1,485.18,507.53
15-05-2021 23:00,482.96,15.45,43.52,3.77,0.33,6,1,485.27,507.32
16-05-2021 05:00,552.51,23.26,62.66,6.7,0.23,7,1,495.92,505.62
16-05-2021 08:00,542.74,31.51,57.5,1.97,0.05,7,1,493.68,505.32
16-05-2021 10:00,511.65,15.73,85.79,0.45,0.09,7,1,500.7,506.29
16-05-2021 11:00,509.16,15.34,86.07,5.16,0.11,7,1,501.08,506.66
16-05-2021 12:00,530.99,30.54,87.85,4.16,0.07,7,1,500.95,506.5
16-05-2021 16:00,394.55,26.09,46.71,3.78,0.05,7,1,490.49,504.39
16-05-2021 19:00,541.01,14.69,38.15,14.66,0.38,7,1,500.96,504.31
16-05-2021 20:00,520.19,32.5,30.27,14.17,0.04,7,1,500.28,504.39
17-05-2021 04:00,498.65,26.2,65.23,6.01,0.38,1,0,506.43,507.13
17-05-2021 10:00,559.41,9.19,39.42,8.35,0.1,1,0,511,509.72
17-05-2021 11:00,540.66,26.22,88.87,6.06,0.07,1,0,512.31,510.36
17-05-2021 20:00,504.42,19.31,59.22,0.48,0.13,1,0,524.31,510.85
17-05-2021 21:00,467,20.89,73,11.44,0.15,1,0,525.02,510.99
18-05-2021 02:00,328.62,19.78,64.63,11.93,0.01,2,0,511.28,509.62
18-05-2021 04:00,518.79,25.73,42.26,14.53,0.29,2,0,510.62,509.65
18-05-2021 10:00,492.56,29.53,82.18,5.15,0.19,2,0,493.92,509.05
18-05-2021 14:00,412.95,39.22,35.1,10.89,0.17,2,0,486.61,508.64
18-05-2021 15:00,469.17,24.17,43.79,11.14,0.3,2,0,486.23,508.23
18-05-2021 19:00,505.64,45,87.57,8.49,1.24,2,0,485.32,509.01
19-05-2021 04:00,484.23,26.53,79.98,14.2,0.56,3,0,487.21,507.38
19-05-2021 07:00,475.45,21.48,42.34,14.48,0.23,3,0,494.11,506.44
19-05-2021 08:00,492.83,21.66,59.76,7.57,0.08,3,0,495.36,506.29
19-05-2021 10:00,580.61,19.86,37.73,11.98,0.03,3,0,496.3,507.28
19-05-2021 20:00,584.04,20.7,78.72,9.52,0.02,3,0,495.45,506.37
20-05-2021 00:00,493.04,22.16,66.25,1.74,0.05,4,0,501.3,507.11
20-05-2021 02:00,479.9,23.08,53.33,3.15,0.1,4,0,501.28,506.53
20-05-2021 04:00,588.81,25.38,45.63,2.73,0.2,4,0,506.56,507.64
20-05-2021 07:00,454.35,34.89,89.85,4.47,0.26,4,0,501.27,506.31
20-05-2021 09:00,592.69,39.43,79.73,9.33,0.13,4,0,507.83,507.86
20-05-2021 10:00,515.44,29.22,51.26,14.22,0.11,4,0,505.11,508.23
20-05-2021 20:00,515.26,16.15,83.08,12.49,0.09,4,0,510.78,509.02
20-05-2021 23:00,508.04,17.33,53.63,12.95,0.45,4,0,506.45,510.32
21-05-2021 02:00,549.16,30.94,62.89,4.2,0.2,5,0,505.87,509.15
21-05-2021 15:00,502.32,13.77,86.4,1.26,0.43,5,0,499.9,508.5
22-05-2021 10:00,535.34,35.08,80.08,5.54,0.29,6,1,513.08,513.8
22-05-2021 16:00,511.28,20.68,38.59,9.9,0.02,6,1,509.86,513.24
22-05-2021 17:00,435.18,26.73,64.81,3.74,0.04,6,1,506.83,512.78
22-05-2021 18:00,540.59,21.82,75.85,13.83,0.07,6,1,508.29,513.6
22-05-2021 19:00,456.11,21.55,31.64,7.66,0.55,6,1,506.42,513.99
23-05-2021 00:00,480.85,12.73,61.61,4.97,0.14,7,1,504.2,512.1
23-05-2021 17:00,495.67,19.66,31.95,7.45,0.56,7,1,484.12,511.69
24-05-2021 01:00,564.14,15.45,85.17,4.3,0.19,1,0,500.28,512.75
24-05-2021 05:00,532.98,32.59,72.49,1.38,0.94,1,0,499.29,511.45
24-05-2021 11:00,504.68,24.5,63.54,3.75,0.05,1,0,508.1,510.49
24-05-2021 16:00,451.52,14.12,64.07,5.87,0.02,1,0,508.33,509.6
24-05-2021 22:00,472.04,24.07,77.69,14.6,0.01,1,0,512.5,510.05
25-05-2021 02:00,534.52,29.61,84.16,12.41,0.2,2,0,508.14,511.39
25-05-2021 10:00,476.76,37.22,67.78,1.33,0.14,2,0,518.08,514.23
25-05-2021 16:00,426.45,33.74,61.57,6.84,0.13,2,0,516.79,514.11
25-05-2021 19:00,478.2,15.88,85.3,2.07,0.33,2,0,513.13,513.58
25-05-2021 20:00,412.14,32.69,52.89,8.31,0.18,2,0,508.08,513.27
26-05-2021 03:00,517.06,21.1,40.61,5.93,0.33,3,0,500.91,513.25
26-05-2021 16:00,542.72,13.83,84.17,3.11,0.14,3,0,489.6,513.04
26-05-2021 19:00,495.8,36.49,86.73,4.7,0.06,3,0,487.46,513.15
26-05-2021 20:00,563.17,20.45,53.25,3.28,0.08,3,0,493.75,513.03
28-05-2021 00:00,434.23,13.52,77.79,0.16,0.15,5,0,481.17,507.3
28-05-2021 04:00,533.88,16.8,87.03,14.62,0.14,5,0,489.37,507.73
28-05-2021 10:00,387.59,19.77,68.78,2.88,0.11,5,0,486.79,506.51
28-05-2021 20:00,494.83,34.79,45.23,0.22,0.07,5,0,494.15,506.63
28-05-2021 22:00,455.21,36.16,84.72,14.56,0.22,5,0,496.7,506.19
29-05-2021 04:00,616.15,37.51,39.26,2.62,0.04,6,1,503.95,507.26
29-05-2021 12:00,533.14,15.58,63.55,12.79,0.11,6,1,507.71,505.69
29-05-2021 18:00,411.21,28.43,69.39,1.12,0.03,6,1,500.97,505.21
30-05-2021 04:00,519.72,21.48,61.82,4.66,0.06,7,1,511.99,508.74
30-05-2021 09:00,488.82,31.3,84.2,3.46,0.02,7,1,503.63,508.92
30-05-2021 21:00,482.13,31.03,56.13,7.74,0.09,7,1,515.18,511.57
31-05-2021 01:00,468.35,15.87,74.91,14.49,0.27,1,0,508.68,509.78
31-05-2021 03:00,488.58,24.46,36.04,6.29,0.14,1,0,502.32,509.28
31-05-2021 10:00,540.36,17.86,63.19,9.35,0.03,1,0,504.24,508.98
31-05-2021 14:00,420.62,43.2,68.15,0.52,0.19,1,0,503.84,508.81
31-05-2021 15:00,481.04,17.77,82.17,3.7,0.16,1,0,501.04,509.22
31-05-2021 19:00,494.63,28.1,70.74,10.63,0.48,1,0,493.32,508.56
01-06-2021 01:00,468.04,25.73,60.97,8.84,0.22,2,0,507.66,510.06
01-06-2021 03:00,478.26,29.09,35.6,3.55,0.12,2,0,510.6,509.53
01-06-2021 11:00,543.04,16.73,82.75,0.97,0.45,2,0,504.57,507.44
01-06-2021 13:00,569.58,37.48,35.13,3.92,0.53,2,0,505.15,507.85
01-06-2021 14:00,407.62,24.14,78.68,2.5,0.28,2,0,504.61,507.59
01-06-2021 16:00,524.42,27.92,68.5,6.77,0.04,2,0,508.34,508.2
01-06-2021 21:00,412.53,15.82,53.26,4.82,0.09,2,0,504.52,509.01
01-06-2021 22:00,531.41,29.19,78.74,12.05,0.11,2,0,504.76,509.43
01-06-2021 23:00,477.12,21.96,39.1,10.05,0.16,2,0,499.64,509.13
02-06-2021 00:00,556.26,22.87,82.86,2.69,0.07,3,0,498.88,509.38
02-06-2021 03:00,455.69,18.77,85.28,10.6,0.17,3,0,500.45,509.47
02-06-2021 05:00,496.54,27.4,42.66,7.88,0.35,3,0,505.66,511.15
03-06-2021 05:00,480.92,29.13,69.89,13.04,0.14,4,0,491.76,511.9
03-06-2021 06:00,452.59,26.55,47.04,0.63,0.04,4,0,491.49,511.69
03-06-2021 09:00,482.82,15.32,68.74,8.96,0.7,4,0,491.41,511.25
03-06-2021 17:00,438.4,32.19,59.6,4.37,0.41,4,0,497.31,513.52
03-06-2021 19:00,471.14,28.37,34.83,12.68,0.01,4,0,491.21,512.54
03-06-2021 20:00,572.23,26.49,84.82,2.01,0.06,4,0,492.25,512.9
04-06-2021 01:00,447.25,22.76,69.75,8.83,0.59,5,0,485.53,512.32
04-06-2021 02:00,470.65,25.8,32.12,13.41,0.01,5,0,486.57,511.76
04-06-2021 04:00,551.21,13.24,46.17,10.33,0.34,5,0,493.06,512.47
04-06-2021 10:00,486.54,27.33,47.64,8.19,0.02,5,0,494.54,512.27
04-06-2021 12:00,442.36,26.3,44.46,10.64,0.02,5,0,485.84,511.5
04-06-2021 18:00,529.95,39.98,48.82,2.08,0.07,5,0,476.39,510.29
05-06-2021 02:00,552.23,27.87,43.3,6.05,0.29,6,1,493.51,511.21
05-06-2021 09:00,453.09,18.95,78.05,5.97,0.09,6,1,488.29,509.04
05-06-2021 12:00,451.27,16.34,44.79,1.27,0.09,6,1,491.51,509.14
05-06-2021 15:00,506.1,33.13,84.05,11.55,0.96,6,1,499.61,510.05
05-06-2021 18:00,459.12,28.56,74.57,4.7,0.07,6,1,499.23,510.04
05-06-2021 22:00,549.85,26.04,85.76,4.56,0.19,6,1,497.76,509.22
05-06-2021 23:00,441.25,22.1,54.36,8.82,0.16,6,1,496.19,508.62
06-06-2021 03:00,501.59,27.73,35.88,3.37,0.18,7,1,491.6,507.01
06-06-2021 04:00,516.02,23.63,73.55,12.87,0.03,7,1,492.06,506.99
06-06-2021 05:00,392.82,30.55,74.51,4.93,0.08,7,1,490.88,506.53
06-06-2021 18:00,555.36,25.13,52.4,8.06,0.24,7,1,497.34,506.22
06-06-2021 21:00,548.03,19.52,78.12,9.76,0.14,7,1,506.12,507.44
06-06-2021 22:00,443.02,27.38,42.55,9.17,0.42,7,1,501.67,506.69
07-06-2021 04:00,432.02,30.09,85.91,13.42,0.08,1,0,508.88,507.86
07-06-2021 12:00,478.8,29.16,44.27,3.36,0.01,1,0,510.73,506.81
07-06-2021 16:00,486.54,23.95,67.9,7.54,0.01,1,0,497.73,506.01
07-06-2021 17:00,533.21,17.5,74.63,13.11,0.04,1,0,498.59,506.52
07-06-2021 20:00,551.7,26.83,46.96,7.25,0.03,1,0,497.12,507.73
08-06-2021 05:00,523.18,27.34,32.85,6.54,0.01,2,0,487.19,505.39
08-06-2021 19:00,519.67,29.45,63.2,3.11,0.04,2,0,500.73,505.82
08-06-2021 21:00,456.54,27.99,88.24,9.74,0.02,2,0,498.31,505.88
09-06-2021 03:00,571.32,36.14,79.78,1.68,0.54,3,0,507.73,505.81
09-06-2021 08:00,468.49,13.92,61.4,10.1,0.04,3,0,507.62,505.21
09-06-2021 22:00,489.56,19.53,31.29,13.97,0.13,3,0,511.53,505.89
10-06-2021 00:00,445.42,28.34,84.79,2.93,0.27,4,0,504.83,505.4
10-06-2021 01:00,420.45,13.69,30.84,8.35,0.01,4,0,502.18,505.33
10-06-2021 02:00,538.38,28.26,32.11,11.2,0.11,4,0,502.95,505.89
10-06-2021 04:00,391.91,29.92,88.24,1.71,0.09,4,0,495.06,506.19
10-06-2021 08:00,426.38,20.03,74.71,5.93,0.09,4,0,499.63,506.77
10-06-2021 09:00,566.04,15.41,32.94,11.94,0.4,4,0,502.97,507.28
10-06-2021 22:00,567.54,22.22,69.87,1.04,0.21,4,0,507.12,508.64
10-06-2021 23:00,547.54,32.02,40.22,2.74,0.11,4,0,511.47,509
11-06-2021 00:00,481.54,26.27,78.94,10.6,0.24,5,0,512.97,509.49
11-06-2021 10:00,465.72,24.16,31.27,4.62,0.08,5,0,517.99,510.88
11-06-2021 12:00,466.59,26.17,57.4,8.3,0.49,5,0,511.17,511.47
11-06-2021 13:00,471.84,16.23,60.27,8.18,0.03,5,0,507.21,511.42
11-06-2021 16:00,499.71,37.62,80.31,7.6,0.2,5,0,513.45,513.05
11-06-2021 18:00,539.67,20.96,34.68,10.05,0.07,5,0,514.68,513.21
11-06-2021 21:00,541.49,26.91,45.82,13.4,0.39,5,0,511.93,512.58
12-06-2021 07:00,512.77,30.79,32.11,0.93,0.09,6,1,509.36,513.44
12-06-2021 16:00,448.89,25.6,45.54,6.76,0.06,6,1,501.26,512.68
12-06-2021 18:00,503.74,29.01,75.81,5.27,0.19,6,1,496.68,512.84
12-06-2021 22:00,564.92,18.51,70.66,9.51,0.33,6,1,499.97,513.05
13-06-2021 01:00,601.46,32.84,68.3,11.54,0.05,7,1,506.07,514.84
13-06-2021 05:00,550.66,34.7,38.38,4.51,0.05,7,1,509.63,516.12
13-06-2021 11:00,566.52,28.96,60.62,8.64,0.11,7,1,507.64,515.01
13-06-2021 13:00,550.15,27.84,47.83,9.56,0.07,7,1,506.74,514.96
13-06-2021 15:00,483.14,38.59,43.24,3.39,0.3,7,1,502.02,514.48
13-06-2021 19:00,480,15.59,72.33,3.8,0.16,7,1,502.49,513.35
13-06-2021 22:00,525.83,15.72,30.9,4.74,0.12,7,1,502.17,513.12
14-06-2021 00:00,425.37,16.82,69.62,6.63,0,1,0,498.48,512.88
14-06-2021 01:00,493.03,25.98,58.37,6.06,0.24,1,0,493.96,512.83
14-06-2021 04:00,533.75,28.16,55.47,9.8,0.04,1,0,495.08,513.15
14-06-2021 06:00,447.63,31.45,76.84,11.3,0.42,1,0,490.67,512.52
14-06-2021 07:00,551.91,23.8,31.43,3.06,0.69,1,0,495.51,513.02
14-06-2021 13:00,592.98,31.46,33.59,7.02,0.06,1,0,493.33,513.24
14-06-2021 18:00,388.01,11.46,36.52,7.82,0.94,1,0,490.09,512.45
14-06-2021 20:00,462.34,24.64,74.59,3.11,0.87,1,0,486.91,511.58
15-06-2021 00:00,578.09,21.39,53.47,12.87,0.13,2,0,491.92,512.95
15-06-2021 03:00,416.71,27.85,70.23,0.76,0.22,2,0,485.55,512.61
15-06-2021 07:00,520.82,23.65,61.41,4.48,1.22,2,0,484.96,512.74
15-06-2021 08:00,491.12,36.33,41.26,13.06,0.09,2,0,484.73,512.63
15-06-2021 10:00,515.6,13.32,54.56,3.02,0.12,2,0,489.23,511.82
15-06-2021 11:00,489.71,26.76,80.38,12.47,0.52,2,0,487.89,511.8
15-06-2021 13:00,471.65,7.58,63.53,8.24,0.02,2,0,485.75,511.56
15-06-2021 17:00,586.21,22.98,54.81,1.37,0.33,2,0,490.96,512.05
15-06-2021 18:00,539.94,16.92,50.1,0.51,0.29,2,0,497.29,511.69
15-06-2021 19:00,527.25,12.61,84.09,3,0.28,2,0,498.03,511.73
16-06-2021 00:00,486.25,28.25,48.43,2.05,0.14,3,0,487.61,510.95
16-06-2021 08:00,512.29,19.96,56.65,13.02,0,3,0,498.66,511.33
16-06-2021 17:00,521.92,23.84,36.55,0.02,0.07,3,0,503.99,510.6
17-06-2021 05:00,593.67,22.67,53.14,1.28,0.48,4,0,507.13,511.8
17-06-2021 09:00,575.42,14.45,77.5,11.36,0.95,4,0,509.87,512.81
17-06-2021 11:00,537.65,21.83,72.6,10.38,0.52,4,0,510.21,512.29
17-06-2021 22:00,485.62,24.19,54.74,9.69,0.12,4,0,503.66,510.53
17-06-2021 23:00,565.47,26.6,67.62,10.14,0.1,4,0,507.1,510.64
18-06-2021 02:00,549.43,26.73,56.63,9.99,0.43,5,0,505.13,510.65
18-06-2021 07:00,507.42,28.7,37.56,4.52,0.21,5,0,501.02,510.48
18-06-2021 16:00,541.46,16.02,82.28,9.49,0.09,5,0,513.92,511.87
18-06-2021 20:00,634.74,17.44,87.04,14.29,0.13,5,0,519.61,511.83
18-06-2021 21:00,531.77,26.66,70.65,0.41,0.08,5,0,517.07,511.77
19-06-2021 00:00,540.26,32,76.48,14.96,0.42,6,1,517.73,511.71
19-06-2021 04:00,515.29,21.86,57.92,12.74,0.07,6,1,517.92,512.31
19-06-2021 05:00,505.55,23.75,70.08,3.17,0.21,6,1,519.61,512.02
19-06-2021 07:00,453.68,16.31,71.52,9.44,0.5,6,1,514.22,511.19
19-06-2021 09:00,509.82,24.06,50.98,6.22,0.26,6,1,515.63,512.19
19-06-2021 10:00,527.67,26.36,43.63,2.12,0.02,6,1,513.55,512.43
19-06-2021 14:00,531.51,27.94,67.51,4.75,0.16,6,1,511.31,512.69
19-06-2021 16:00,484.39,22.64,80.57,7.31,0.44,6,1,507.81,512.82
20-06-2021 00:00,434.9,13.25,67.74,5.94,0,7,1,508.4,512.44
20-06-2021 05:00,509,26.92,88.24,5.88,0.07,7,1,506.63,511.58
20-06-2021 06:00,475.12,27.63,80.23,12.99,0.05,7,1,507.54,511.48
20-06-2021 11:00,554.74,28.04,87.44,14.2,0.03,7,1,505.54,512.56
20-06-2021 13:00,483.32,27.97,65.18,12.91,0.69,7,1,503.02,512.09
21-06-2021 01:00,458.04,37.62,36.6,3.37,0.2,1,0,490.69,511.68
21-06-2021 02:00,473.89,40.12,70.04,0.21,0.12,1,0,488,511.66
21-06-2021 07:00,544.15,34.86,69.74,8.57,0.42,1,0,499.31,512.36
21-06-2021 12:00,435.68,22.52,78.73,8.36,0,1,0,493.97,512.85
21-06-2021 19:00,523.24,7.47,33.79,9.47,0.04,1,0,500.41,513.57
21-06-2021 22:00,511.38,27.83,63.75,13.93,0.05,1,0,498.99,513.81
22-06-2021 05:00,450.14,25.22,56.5,3.27,0.21,2,0,491.78,513.07
22-06-2021 06:00,630.5,36.69,32,8.73,0.47,2,0,497.27,514.01
22-06-2021 08:00,436.5,27.25,86.58,1.6,0.86,2,0,495.57,513.78
22-06-2021 18:00,480.06,11.02,66.23,0.15,0.32,2,0,487.67,512.09
22-06-2021 19:00,566.55,25.47,59.39,11.98,0.05,2,0,489.47,512.33
22-06-2021 20:00,461.44,27.11,61.13,4.04,0.69,2,0,488.43,512.15
23-06-2021 00:00,457.83,29.49,70.15,2.26,0.04,3,0,489.08,513.12
23-06-2021 03:00,497.13,32.71,54.71,13.74,0.24,3,0,491.93,512.87
23-06-2021 11:00,493.04,22.06,45.88,7.56,0.05,3,0,499.75,512.95
23-06-2021 13:00,508.07,20.78,38.58,2.56,0.2,3,0,494.95,512.41
23-06-2021 14:00,488.19,23,38.42,8.56,0.03,3,0,495.71,511.68
23-06-2021 18:00,479.69,19.95,45.47,7.6,0.15,3,0,503.75,512.14
23-06-2021 22:00,565.83,17.25,32.72,6.34,1.16,3,0,501.99,512.54
24-06-2021 01:00,484.63,16.15,32.67,4.01,0.27,4,0,500.47,511.99
24-06-2021 08:00,518.26,32.97,52.66,6.6,0,4,0,509.71,513.59
24-06-2021 09:00,427.46,24.81,68.87,8.72,0.08,4,0,504.57,512.69
24-06-2021 14:00,538.16,17.32,40.93,14.91,0.21,4,0,516.72,513.24
24-06-2021 15:00,547,15.42,56.68,1.77,0.05,4,0,515.84,513.56
24-06-2021 23:00,475.72,27.08,46.46,3.43,0.06,4,0,507.03,512.38
25-06-2021 02:00,475.1,27.9,39.6,7.84,0.54,5,0,502.28,512.44
25-06-2021 07:00,637.55,24.91,89.61,1.31,0.11,5,0,507.2,514.38
25-06-2021 10:00,507.28,24.3,53.93,0.76,0.03,5,0,505.92,513.52
25-06-2021 11:00,575.75,9.62,53.21,3.17,0.62,5,0,509.3,513.19
25-06-2021 17:00,455.87,10.06,34.76,13.51,0.02,5,0,508.7,512.24
25-06-2021 21:00,394.27,18.8,43.47,2.1,0.22,5,0,508.84,511.57
25-06-2021 22:00,509.01,10.13,43.49,4.39,0.14,5,0,508.78,511.81
26-06-2021 00:00,505.37,16.13,73.81,6.16,0.5,6,1,507.82,511.77
26-06-2021 02:00,435.48,19.84,44.3,0.12,0.1,6,1,506.18,510.76
26-06-2021 08:00,370.72,16.57,45.06,13.97,0.22,6,1,492.57,510.88
26-06-2021 10:00,539.02,28.35,64.81,11.52,0.42,6,1,496.2,510.99
26-06-2021 14:00,457.34,24.25,58.19,6.62,0.06,6,1,492.96,510.14
26-06-2021 17:00,534.83,19.95,39.1,9.93,0.04,6,1,494.75,509.98
26-06-2021 18:00,568.94,29.93,69.92,2.75,0.05,6,1,498.92,510.48
26-06-2021 19:00,488.54,30.05,36.24,0.34,0.22,6,1,496.78,509.78
26-06-2021 20:00,447.76,21.2,40.05,7.94,0.07,6,1,491.6,509.43
27-06-2021 07:00,603.69,22.2,33.32,8.65,0.41,7,1,508.26,511.68
27-06-2021 17:00,667.41,25.04,40.78,0.89,0.02,7,1,517.75,512.35
28-06-2021 00:00,380.72,24.26,35.27,5.73,0.02,1,0,506.08,512.16
28-06-2021 01:00,580.5,30.57,74.3,13.13,0.03,1,0,506.65,512.91
28-06-2021 02:00,520.8,18.61,65.61,10.94,0.29,1,0,508.27,513.19
28-06-2021 07:00,520.07,25.48,45.88,14.79,0.18,1,0,503.92,512.35
28-06-2021 08:00,553.4,24.48,52.86,8.11,0.25,1,0,505.8,512.85
28-06-2021 09:00,564.76,24.8,73.94,10.17,0.31,1,0,510.98,513.32
28-06-2021 12:00,471.33,32.31,52.81,13.2,0.01,1,0,508.94,513.98
28-06-2021 14:00,461.05,28.27,84.44,14.44,0.48,1,0,509.33,513.49
28-06-2021 16:00,523.76,24.53,74.02,0.52,0.46,1,0,510.75,514.18
28-06-2021 18:00,563.8,23.41,40.93,3.05,0.04,1,0,508.77,514.41
28-06-2021 23:00,459.2,18.31,48.47,2.08,0.04,1,0,510.08,514.37
29-06-2021 03:00,411.15,15.66,88.82,8.47,0.03,2,0,504.67,514.04
29-06-2021 04:00,498.41,31.28,86.26,1.73,0.71,2,0,505.48,513.92
29-06-2021 06:00,360.26,28.21,74.83,1.83,0.15,2,0,500.9,513.02
29-06-2021 12:00,449.64,26.66,47.33,12.57,0.02,2,0,485.99,512.63
29-06-2021 16:00,497.04,14.86,39.56,0.17,0.12,2,0,481.35,512.4
30-06-2021 02:00,526,24.92,84.92,3.51,0.18,3,0,494.4,514.92
30-06-2021 03:00,623.14,18.35,50.44,13.42,0.15,3,0,503.23,515.68
30-06-2021 09:00,580.19,34.98,39.21,13.06,0.01,3,0,516.05,515.21
30-06-2021 10:00,504.16,26.14,32.82,6.75,0.52,3,0,516.67,515.86
30-06-2021 14:00,545.32,14.25,88.36,11.44,0.14,3,0,531.17,517.55
30-06-2021 20:00,584.66,32.21,58.5,10.55,0.25,3,0,528.49,517.95
30-06-2021 21:00,570.76,20.86,41.25,2.47,0.18,3,0,532.89,518.38
30-06-2021 22:00,610.93,27.67,87.37,11.76,0.34,3,0,536.86,518.66
30-06-2021 23:00,528.87,20.52,83.69,4.22,0.06,3,0,535.78,519.09
01-07-2021 13:00,410.72,38.92,47.89,3.27,0.26,4,0,500.65,515.17
01-07-2021 14:00,412.22,35.92,40.47,6.7,0.16,4,0,495.11,514.4
01-07-2021 16:00,478.31,26.76,33.9,4.76,0.46,4,0,492.74,515.03
02-07-2021 00:00,550.54,28.91,42.72,1.19,0.17,5,0,474.57,514.23
02-07-2021 08:00,449.47,36.44,65.03,8.55,0.29,5,0,490.98,513.26
02-07-2021 15:00,479.53,21.39,74.06,3.23,0.12,5,0,498.92,513.66
02-07-2021 21:00,479.12,19.9,71.85,3.8,0.01,5,0,497.27,513.1
03-07-2021 08:00,531.73,24.55,53.88,0.32,0.24,6,1,518.29,517.01
03-07-2021 14:00,572.54,18.59,48.73,1.21,0.19,6,1,521.37,517.89
03-07-2021 15:00,473.74,17.14,47.6,13.84,0.04,6,1,521.13,517.88
03-07-2021 23:00,465.82,33.16,78.93,6.03,0.07,6,1,513.14,515.67
04-07-2021 17:00,465.88,18.81,81.36,7.65,0,7,1,491.15,513.06
04-07-2021 23:00,481.07,38.73,51.62,13.25,0.06,7,1,496.44,513.28
05-07-2021 01:00,515.37,32.35,47.43,2.11,0.02,1,0,496.88,513.94
05-07-2021 04:00,459.13,26.37,86.72,10.64,0.33,1,0,490.48,512.68
05-07-2021 07:00,504.75,28.52,52.01,11.67,0.14,1,0,490.63,512.05
05-07-2021 14:00,569.97,27.5,57.96,3.26,0.06,1,0,486.54,510.67
05-07-2021 18:00,511.81,32.81,48.51,10.09,0.41,1,0,491.86,510.36
06-07-2021 01:00,583.46,19.91,65.36,13.24,0.06,2,0,490.92,510.99
06-07-2021 05:00,474.94,19.78,80.17,7.97,0.65,2,0,504.96,511.7
06-07-2021 09:00,381.74,24.37,49.78,9.95,0,2,0,504.34,512.88
06-07-2021 12:00,493.81,19.46,50.61,6.05,0.05,2,0,507.09,513.03
07-07-2021 07:00,510.53,25.84,38.78,7.78,0.09,3,0,485.73,510
07-07-2021 17:00,497.14,22.95,30.25,8.24,0.36,3,0,498.42,509.29
07-07-2021 20:00,587.99,18.19,76.6,1.36,0.03,3,0,496.01,508.36
07-07-2021 21:00,507.42,15.93,56.94,1.25,0.09,3,0,497.28,507.98
08-07-2021 05:00,458.11,19.29,43.36,7.01,0.13,4,0,505.68,508.42
08-07-2021 18:00,475.27,25.41,69.89,13.18,0.01,4,0,494.17,508.69
08-07-2021 22:00,473.16,31.42,46.24,11.59,0.09,4,0,488.78,509.15
09-07-2021 09:00,484.98,21.46,75.94,6.89,0.07,5,0,501.2,509.9
09-07-2021 14:00,436.8,21.47,64.67,7.22,0.39,5,0,500.18,509.23
09-07-2021 20:00,496.91,29.11,38.68,5.58,0.53,5,0,514.11,511.02
09-07-2021 22:00,407.91,30.53,66.02,11.27,0.02,5,0,510.19,510.69
10-07-2021 00:00,483.52,15.54,72.95,0.29,0.96,6,1,507.27,510.56
10-07-2021 01:00,480,21.27,61.52,9.46,0.06,6,1,506.03,509.64
10-07-2021 06:00,497.37,18.12,78.3,6.68,0.09,6,1,500.29,507.45
10-07-2021 08:00,516.76,25.45,38.66,3.7,0.06,6,1,496.41,506.82
10-07-2021 11:00,534.67,28.75,78.03,8.89,0.25,6,1,501.95,507.09
10-07-2021 14:00,620.28,37.5,31.92,12.8,0.9,6,1,506.6,507.08
10-07-2021 15:00,478.05,16.82,57.09,1.94,0.06,6,1,505.45,507.1
10-07-2021 16:00,464.31,31.01,37.24,5.32,0.09,6,1,502.33,507.6
10-07-2021 23:00,620.06,14.89,52.9,3.43,0.68,6,1,511.27,510.28
11-07-2021 07:00,479.47,31.33,52.36,9.05,0.01,7,1,526.31,511.59
11-07-2021 16:00,499.74,16.72,39.39,10.39,0.45,7,1,519.58,511.6
11-07-2021 18:00,507.7,26.74,49.61,5.01,0.19,7,1,516.63,511.95
12-07-2021 00:00,501.86,19.45,86.58,14.56,0.44,1,0,499.51,510.64
12-07-2021 01:00,590.75,22.48,30.16,13.05,0.08,1,0,503.31,511.1
12-07-2021 03:00,476.79,13.8,53.7,10.9,0.05,1,0,501.66,512.75
12-07-2021 07:00,556.79,10.48,87.41,13.34,0.11,1,0,505.62,513.77
12-07-2021 11:00,521.64,35.11,63.73,14.87,0.1,1,0,505.89,514.89
12-07-2021 15:00,560.71,13.62,80.86,11.38,0.02,1,0,508.19,514.98
12-07-2021 17:00,507.26,27.28,42.3,8.5,0.26,1,0,505.99,514.03
13-07-2021 04:00,455.55,24,66.43,9.19,0.06,2,0,490.73,510.98
13-07-2021 06:00,469.81,36.62,73.91,3.9,0.17,2,0,484.08,510.62
13-07-2021 09:00,514.37,29.08,69.87,2.73,0.29,2,0,480.32,510.57
13-07-2021 11:00,460.96,33.05,30.56,12.06,0.2,2,0,476.18,510.57
13-07-2021 16:00,484.36,18.14,42.89,4.66,0.19,2,0,482.48,510.99
13-07-2021 20:00,442.29,18.82,49.59,0.51,0.04,2,0,487.4,510.14
13-07-2021 23:00,537.5,15.88,44.98,4.61,0.48,2,0,496.69,511.25
14-07-2021 03:00,579.06,25.97,89.57,1.11,0.04,3,0,498.32,511.8
14-07-2021 04:00,511.44,37.6,88.17,4.92,0.03,3,0,500.64,512.5
14-07-2021 09:00,461.25,19.16,82.85,14.43,0.63,3,0,504.4,512.48
14-07-2021 12:00,571.05,32.05,71.85,12.42,0.11,3,0,513.57,512.71
14-07-2021 13:00,467.19,27.49,75.09,9.57,0.28,3,0,507.67,512.3
15-07-2021 02:00,396.98,14.69,59.69,4.77,0.54,4,0,504.76,511.69
15-07-2021 10:00,455.52,27.57,54.36,10.32,0.64,4,0,501.74,511.91
15-07-2021 14:00,425.4,21.61,73.91,11.97,0.43,4,0,488.14,511.63
15-07-2021 16:00,434.03,19.49,64.04,0.24,0.01,4,0,485.08,512.07
15-07-2021 19:00,550.73,21.59,86.59,11.61,0.29,4,0,489.55,512.81
15-07-2021 20:00,500.51,29.23,87.98,0.76,0.43,4,0,493.66,512.92
15-07-2021 21:00,472.06,30.09,61.22,1.95,0.15,4,0,493.51,512.57
16-07-2021 04:00,557.9,26.6,69.1,1.5,0.02,5,0,492.5,511.02
16-07-2021 05:00,458.18,25.13,63.64,8.22,0.13,5,0,490.49,511.12
16-07-2021 06:00,543.23,38.84,75.48,3.8,0.32,5,0,491.44,511.6
16-07-2021 11:00,446.13,25.27,80.22,10.43,0.44,5,0,489.43,510.81
17-07-2021 01:00,509.05,18.27,87.32,9.29,0.39,6,1,488.58,510.06
17-07-2021 02:00,507.6,22.59,57.68,8.95,0.04,6,1,491.98,510.28
17-07-2021 20:00,559.78,18.43,42.82,2.8,0.12,6,1,518.25,511.04
18-07-2021 02:00,387.24,22.9,74.57,10.23,0.53,7,1,508.36,508.53
18-07-2021 03:00,483.76,18.89,51.39,12.11,0.14,7,1,503.84,508.23
18-07-2021 06:00,554.53,40.39,76.75,11.22,0.39,7,1,501.12,507.86
18-07-2021 08:00,506.49,16.09,30.15,2.76,0.13,7,1,498.5,507.06
18-07-2021 11:00,506.54,22.65,60.81,4.05,1.05,7,1,496.81,507.45
18-07-2021 15:00,440.16,31.19,53.22,10.63,0.09,7,1,493.06,506.69
19-07-2021 00:00,497.28,26.39,89.62,3.4,0.11,1,0,479.24,507.26
19-07-2021 01:00,563.71,21.09,86.78,4.99,0.14,1,0,484.04,507.1
19-07-2021 04:00,486.22,20.56,84.76,1.02,0.02,1,0,490.59,506.5
19-07-2021 09:00,544.51,22.94,69.47,5.28,0.23,1,0,493.16,505.65
19-07-2021 13:00,579.97,15.64,35.13,5.68,0.14,1,0,503.83,505.92
19-07-2021 23:00,419.55,20.94,83.11,14.19,0.28,1,0,508.67,508.6
20-07-2021 13:00,473.87,24.82,52.69,4.2,0.05,2,0,488.97,507.31
20-07-2021 18:00,523.06,29.44,67.71,0.52,0.35,2,0,490.3,508.39
20-07-2021 21:00,577.7,25.44,66.68,3.06,0.6,2,0,498.16,509.63
21-07-2021 06:00,482.21,21.18,44.94,11.62,0.19,3,0,514.56,509.53
21-07-2021 08:00,563.57,25.62,53.69,8.22,0.16,3,0,517.37,509.95
21-07-2021 12:00,506.28,25.94,67.14,0.92,0.05,3,0,518.59,508.86
21-07-2021 15:00,497.79,19.99,60.81,12.93,0.05,3,0,518,508.3
22-07-2021 02:00,491.56,13.69,86.89,13.2,0.65,4,0,495.31,509.44
22-07-2021 05:00,483.64,23.2,76.75,12.16,0.17,4,0,502.24,510.02
22-07-2021 10:00,420.48,26.88,73.47,3.73,0.02,4,0,508.58,511.04
22-07-2021 11:00,516.23,22.2,30.24,5.79,0.19,4,0,508.81,510.84
22-07-2021 12:00,533.43,33.75,50.9,2.92,0.11,4,0,509.94,511.22
22-07-2021 13:00,461.52,26.64,64.21,3.95,0.43,4,0,509.31,511.02
22-07-2021 14:00,501.13,27.47,65.67,6.09,0.09,4,0,508.8,511.48
23-07-2021 00:00,463.1,35.31,64.84,7.36,0.18,5,0,524.13,513.39
23-07-2021 02:00,541.98,12.84,69.59,13.97,0.03,5,0,527.2,514
23-07-2021 03:00,485.63,22.09,40.19,1.71,0.05,5,0,523.44,514.68
23-07-2021 04:00,527.96,34.83,55.1,2.26,0.33,5,0,522.3,514.5
23-07-2021 07:00,523.62,18.15,75.34,0.88,0.35,5,0,521.51,514.98
23-07-2021 12:00,501.03,20.88,78.39,2.82,0.03,5,0,521.54,516.04
23-07-2021 13:00,559.18,40.79,63.48,13.71,0.1,5,0,525.61,516.93
23-07-2021 16:00,613.79,28.54,40.21,9.96,0.12,5,0,522.05,516.98
24-07-2021 00:00,505.07,29.26,86.56,3.19,0.05,6,1,504.3,515.46
24-07-2021 01:00,516.47,31.24,62.76,13.24,0.07,6,1,503.73,515.51
24-07-2021 03:00,414.55,19.56,37.29,14.78,0.83,6,1,499.31,514.43
24-07-2021 08:00,446.55,14.98,58.48,6.81,0.3,6,1,487.14,513.36
24-07-2021 11:00,541.49,34.45,39.74,5.17,0.3,6,1,485.72,512.93
24-07-2021 15:00,460.18,34.53,76.39,2.4,0.24,6,1,484.29,512.55
24-07-2021 19:00,557.09,30.84,50.61,10.64,0.07,6,1,482.64,512.39
24-07-2021 20:00,534.29,36.77,46.41,0.91,0.69,6,1,485.71,512.24
25-07-2021 03:00,512.08,28.85,49.37,4.22,0.04,7,1,497.92,513.56
25-07-2021 06:00,607.89,37.67,33.77,10.28,0.04,7,1,504.62,514.54
25-07-2021 10:00,427.52,20.25,41.82,1.83,0.21,7,1,510.56,514.72
25-07-2021 13:00,517.37,19.69,63.77,5.84,0,7,1,505.27,515.13
25-07-2021 15:00,421.45,11.78,74.12,9.67,0.38,7,1,508.57,514.81
25-07-2021 16:00,532.63,18.23,50.47,10.19,0.82,7,1,508.3,514.5
25-07-2021 23:00,490.65,23.07,85.05,5.86,0.28,7,1,508.83,515.68
26-07-2021 01:00,544.25,28.84,87.9,6.5,0.02,1,0,508.27,515.83
26-07-2021 09:00,476.62,32.67,70.62,13.93,0.03,1,0,497.36,515.75
26-07-2021 15:00,503.25,15.7,49.73,3.03,0.66,1,0,501.18,513.6
26-07-2021 16:00,568.05,24.9,46.42,13.9,0.31,1,0,502.66,513.85
26-07-2021 17:00,460.9,38.51,48.5,3,0.11,1,0,501.27,513.66
27-07-2021 02:00,615.57,25.98,83.23,0.75,0.18,2,0,493.52,514.52
27-07-2021 05:00,564.56,17.06,68.42,14.73,0.02,2,0,493.27,514.76
27-07-2021 12:00,476.3,20.22,57.14,1.6,0.08,2,0,486.86,514.48
27-07-2021 16:00,522.55,26.24,59.64,3.07,0.11,2,0,490.07,514.37
27-07-2021 19:00,523.51,28.95,65.14,12.01,0.4,2,0,491.71,513.58
27-07-2021 22:00,519.89,29.14,65.39,11.38,0.26,2,0,497.54,512.93
28-07-2021 01:00,487.53,34.23,63.84,10.12,0.21,3,0,497.57,512.39
28-07-2021 02:00,506.21,31.13,56.89,13.33,0.01,3,0,493.01,511.76
28-07-2021 03:00,497.77,34.05,38.81,2.22,0.27,3,0,494.99,511.65
28-07-2021 06:00,497.5,16.39,41.57,0.26,0.19,3,0,499.34,512.45
28-07-2021 17:00,550.36,20.53,54.27,8.98,0.1,3,0,505.56,512.72
28-07-2021 20:00,482.34,11.66,70.48,11.06,0.24,3,0,504.71,512.21
28-07-2021 23:00,470.99,26.89,67.2,4.84,0.34,3,0,506.17,513.06
29-07-2021 01:00,432.92,23.74,87.37,0.37,0.91,4,0,500.84,512.47
29-07-2021 05:00,512.45,27.9,58.39,4.09,0.03,4,0,501.4,512.23
29-07-2021 07:00,567.61,22.52,35.3,4.39,0.02,4,0,498.32,511.49
29-07-2021 09:00,505.63,16.59,42.94,9.49,0.15,4,0,505.63,511.67
29-07-2021 13:00,513.93,36.95,73.65,6.12,0.83,4,0,500.88,511.72
29-07-2021 16:00,551.15,30.56,88.38,5.7,0.38,4,0,501.24,511.27
29-07-2021 19:00,514.57,27.26,76.88,5.27,0.04,4,0,498.37,510.22
29-07-2021 22:00,559.75,15.49,79.69,8.52,0.42,4,0,499.24,509.9
29-07-2021 23:00,506.74,24.24,32.92,0.24,0.58,4,0,500.73,509.3
30-07-2021 03:00,496.39,33.18,69.6,11.93,0.04,5,0,503.29,509.2
30-07-2021 10:00,543.82,42.81,71.71,5.19,0.07,5,0,504.44,509.04
30-07-2021 19:00,466.06,13.41,58.21,5.58,0.15,5,0,506.67,508.68
31-07-2021 04:00,484.41,28.51,33.24,9.01,0.12,6,1,505.44,510.06
31-07-2021 15:00,488.9,33.37,58.37,10.08,0.04,6,1,484.08,510.22
01-08-2021 02:00,583.7,12.03,54.72,11.12,0.17,7,1,484.3,508.54
01-08-2021 15:00,571.96,20.37,57.85,10.66,0.14,7,1,501.48,509.18
01-08-2021 19:00,405.65,23.76,32.44,1.03,0.22,7,1,497.37,508.52
02-08-2021 05:00,475.34,35.79,39.88,12.45,0.07,1,0,498.77,508.34
02-08-2021 08:00,462.25,33.63,47.05,11.16,0.41,1,0,492.49,507.94
02-08-2021 11:00,537.9,22.95,79.39,2.04,0.07,1,0,491.55,507.52
02-08-2021 16:00,525.54,38.53,61.24,2.42,0.16,1,0,497.87,508.36
02-08-2021 19:00,413.41,29.67,41.46,0.8,0.2,1,0,494.18,507.69
03-08-2021 06:00,476.56,27.89,31.55,5.56,0.12,2,0,490.33,507.95
03-08-2021 07:00,482.07,29.26,56.17,5.65,0.17,2,0,489.16,507.8
03-08-2021 13:00,460.75,36.55,74.94,4.67,0.01,2,0,488.87,508.35
03-08-2021 18:00,552.23,19.95,52.84,8.27,0.47,2,0,490.88,508.24
03-08-2021 22:00,469.98,34.17,66.21,12.7,0.4,2,0,498.89,508.72
04-08-2021 00:00,529.1,16.03,54.8,7.22,0.34,3,0,506.55,509.4
04-08-2021 02:00,502.87,20.26,52.85,2.56,0.03,3,0,505.88,509.41
04-08-2021 05:00,431.21,23.64,31.78,1.9,0.02,3,0,503.52,508.69
04-08-2021 13:00,516.05,11.6,51.08,0.34,0.38,3,0,514.92,509.56
04-08-2021 19:00,574.37,38.16,72.72,5.52,0.27,3,0,521.93,510.76
05-08-2021 01:00,538.88,32.6,81.49,3.44,0.14,4,0,510.49,510.84
05-08-2021 03:00,465.15,33.44,69.32,3.19,0.86,4,0,504.27,509.94
05-08-2021 05:00,564.99,16.86,73.98,11.3,0.17,4,0,510.24,509.98
05-08-2021 06:00,472.74,7.16,61.38,2.52,0.05,4,0,505.72,510.25
05-08-2021 17:00,515.86,20.75,58.17,3.32,0.07,4,0,501.13,510.05
05-08-2021 18:00,562.1,32.98,57.59,4.26,0.03,4,0,500.77,510.75
05-08-2021 19:00,539.33,16.29,87.04,1.45,0.6,4,0,499.31,510.9
06-08-2021 05:00,456.25,18.52,79.85,4.39,0.72,5,0,503.62,510.07
06-08-2021 06:00,506.33,25.43,41.14,1.3,0.22,5,0,505.02,510.53
06-08-2021 10:00,478.32,22.56,88.18,7.42,0.01,5,0,498.27,509.2
06-08-2021 14:00,558.42,26.15,38.09,4.64,0.14,5,0,500.21,508.99
06-08-2021 23:00,476.63,19.11,56.2,2.58,0.24,5,0,493.4,507.98
07-08-2021 02:00,413.91,26.21,85.26,12.27,0.01,6,1,483.94,507.19
07-08-2021 06:00,460.9,11.65,56.49,6.54,0.09,6,1,489.24,508.57
07-08-2021 08:00,473.33,24.56,62.84,14.93,0.02,6,1,493.96,508.79
07-08-2021 09:00,360.69,15.21,44.94,9.02,0.15,6,1,486.56,508.21
07-08-2021 11:00,485.93,33.45,57.34,7.4,0.29,6,1,483.79,507.65
07-08-2021 12:00,491.5,26.51,58.26,0.37,0.18,6,1,483.75,507.75
07-08-2021 18:00,402.12,36.06,53.32,11.66,0.1,6,1,475.06,507.25
07-08-2021 22:00,487.22,25.74,84.87,4.79,0.18,6,1,479.93,507.75
08-08-2021 07:00,457.56,22.38,53.72,14.96,0.25,7,1,470.76,504.64
08-08-2021 12:00,509.15,24.58,51.82,7.55,0.18,7,1,483.81,505.85
08-08-2021 16:00,383.88,19.64,74.2,4.21,0.21,7,1,481.39,505.15
08-08-2021 19:00,500.83,18.59,58.48,2.99,0.04,7,1,488.65,505.53
08-08-2021 20:00,443.7,21.12,62.75,6.15,0.17,7,1,486.06,505.23
09-08-2021 10:00,552.22,25.05,73.62,0.05,0.49,1,0,486.31,505.27
09-08-2021 12:00,425.78,17.75,38.34,14.24,0.08,1,0,481.73,504.47
09-08-2021 19:00,532.28,24.75,48.86,5.89,0.27,1,0,495.14,505.67
09-08-2021 21:00,404.13,15.34,85.26,2.33,0.08,1,0,490.63,504.35
09-08-2021 23:00,555.05,25.17,85,11.91,0.17,1,0,495.39,505.47
10-08-2021 05:00,485.42,28.53,75.15,0.44,0.05,2,0,501.34,506.21
10-08-2021 06:00,482.47,17.78,50.55,13.3,0.26,2,0,501.32,506.24
10-08-2021 09:00,464.51,23.83,50.11,5.73,0.29,2,0,501.67,505.73
10-08-2021 15:00,558.8,33.38,76.58,14.9,0.01,2,0,501.76,506.16
10-08-2021 19:00,542.71,19.3,61.67,6.01,0.86,2,0,506.82,507.24
11-08-2021 04:00,525.14,34.49,34.01,7.01,0.05,3,0,502.24,505.69
12-08-2021 06:00,486.58,30.05,36.09,6.01,0.27,4,0,497.07,504.07
12-08-2021 08:00,504.51,25.83,50.96,0.27,0.11,4,0,495.34,504.29
12-08-2021 13:00,487.39,28.79,30.48,10.1,0.04,4,0,496.22,503.12
12-08-2021 15:00,537.66,20.49,53.63,2.33,0.26,4,0,493.75,503
12-08-2021 21:00,437.72,20.72,72.5,11.17,0.16,4,0,492.87,502.48
13-08-2021 10:00,538.86,13.4,72.48,6.94,0.86,5,0,486.96,501.9
13-08-2021 16:00,506.83,28.79,87.93,4.65,0.03,5,0,489.29,501.83
13-08-2021 21:00,502.09,30.46,89.5,14.03,0.01,5,0,494.72,502.43
14-08-2021 12:00,533.36,23.86,34.3,10.23,0.14,6,1,503.34,504.63
14-08-2021 16:00,444.08,3.01,76.33,2.66,0.05,6,1,504.12,504.73
14-08-2021 19:00,506.83,28.33,52.82,13.79,0.08,6,1,498.67,505.67
14-08-2021 21:00,489.28,28.92,49.13,0.85,0.38,6,1,498.29,505.09
14-08-2021 23:00,503.92,19.16,64.08,5.15,0.08,6,1,498.47,505.55
15-08-2021 01:00,491.29,30.97,89.5,1.16,0.09,7,1,498.46,506.44
15-08-2021 03:00,504.1,27.52,37.77,13.54,0.16,7,1,493.55,505.66
15-08-2021 06:00,557.54,24.82,68.22,5.03,0.29,7,1,503.68,506.89
15-08-2021 14:00,488.18,30.51,35.59,0.12,0.21,7,1,495.68,507.02
16-08-2021 02:00,511.93,19.3,61.85,13.2,0.23,1,0,502.92,507.74
16-08-2021 03:00,511.81,34.02,57.47,3.77,0.08,1,0,503.24,507.72
16-08-2021 04:00,458.01,24.95,40.91,13.4,0.57,1,0,501.87,507.03
16-08-2021 08:00,513.57,26.68,41.52,2.49,0.04,1,0,497.19,508.08
16-08-2021 09:00,469.29,28.35,88.55,7.36,0.02,1,0,494.21,508.05
16-08-2021 11:00,578.13,23.42,59.36,9.91,0.02,1,0,501.14,508.73
16-08-2021 12:00,485.13,21.16,75.34,9.27,0.02,1,0,498.66,509.09
16-08-2021 16:00,478.71,40.55,50.19,2.28,0.24,1,0,498.19,508.46
16-08-2021 19:00,531.28,24.4,47.97,1.46,0.15,1,0,499.82,507.54
16-08-2021 20:00,504.3,32.34,66.57,8.09,0.13,1,0,497.24,507.77
16-08-2021 21:00,550.03,25.81,83.59,10.79,0.65,1,0,498.18,508.66
17-08-2021 00:00,482.21,26.72,40.8,5.2,0.15,2,0,500.64,508.32
17-08-2021 06:00,470.62,30.36,87.59,1.65,0.04,2,0,508.39,508.78
17-08-2021 15:00,354.13,29.18,35.42,7.36,0.04,2,0,506.35,509.23
17-08-2021 22:00,440.66,39.02,37.04,0.66,0.03,2,0,499.02,506.72
17-08-2021 23:00,603.22,35.83,31.12,3.58,0.02,2,0,503.07,507.56
18-08-2021 00:00,490.68,23.12,60.04,10.38,0.15,3,0,503.42,507.75
18-08-2021 03:00,519.7,11.34,31.42,13.24,0,3,0,501.64,508.73
18-08-2021 04:00,550.86,23.39,34.01,7.43,0.17,3,0,501.58,508.88
18-08-2021 08:00,412.7,17.12,38.19,11.63,0.26,3,0,488.72,506.42
18-08-2021 18:00,498.16,36.58,84,11.21,0.12,3,0,487.31,506.51
19-08-2021 05:00,484.34,21.72,40.47,13.11,0.07,4,0,487.4,507.03
19-08-2021 09:00,500.38,22.93,88.41,8.12,0.23,4,0,502.33,507.87
19-08-2021 17:00,463.81,12.32,34.87,12.89,0.45,4,0,506.21,508.76
19-08-2021 18:00,407.06,28.43,81.05,10.29,0.32,4,0,502.42,507.95
20-08-2021 02:00,426.67,13.7,43.87,14.25,0.07,5,0,499.1,509.14
20-08-2021 05:00,539.57,40.51,52.67,11.45,0.38,5,0,498.75,508.62
20-08-2021 08:00,507.28,22.01,64.02,13.3,0.33,5,0,495.66,509.01
20-08-2021 11:00,437.75,21.06,36.73,12.09,0.04,5,0,489.76,508.57
20-08-2021 15:00,553.13,29.27,87.97,7.39,0.51,5,0,496.55,509.66
21-08-2021 00:00,469.81,24.45,69.85,1.96,0.16,6,1,499.61,509.6
21-08-2021 01:00,631.23,30.74,67.73,11.4,0.12,6,1,505.82,510.36
21-08-2021 07:00,519.3,40.01,58.13,9.19,0.11,6,1,518.78,511.84
21-08-2021 23:00,531.81,17.3,81.3,8.4,0.06,6,1,511.46,511.67
22-08-2021 09:00,491.32,29.22,86.51,0.17,0.76,7,1,500.75,511.29
22-08-2021 12:00,590.2,26.29,58.28,1.58,0.23,7,1,504.46,511.99
22-08-2021 18:00,537.04,13.25,36.47,10.13,0.04,7,1,501.61,512.09
22-08-2021 20:00,607.93,29.55,67.09,3.08,0.18,7,1,512.87,513.13
22-08-2021 23:00,490.94,18.96,35.16,9.93,0.12,7,1,511.28,512.88
23-08-2021 08:00,530.68,20.24,83.9,8.3,0.02,1,0,511.67,513.7
23-08-2021 10:00,480.67,17.56,51.97,11.87,0.15,1,0,510.98,513.5
23-08-2021 11:00,578.24,37.35,40.78,10.5,0.44,1,0,513.35,513.5
23-08-2021 18:00,488.16,16.76,51.93,7.15,0.31,1,0,498.78,512.74
23-08-2021 21:00,394.7,21.83,33.14,2.78,0.17,1,0,489.59,511.75
23-08-2021 23:00,476.23,32.76,50.8,5.46,0.54,1,0,492.04,511.84
24-08-2021 03:00,537.53,26.4,67.08,10,0.05,2,0,495.16,511.55
24-08-2021 04:00,545.02,16.73,72.7,4.73,0.04,2,0,497.31,511.51
24-08-2021 16:00,459.62,25.01,59.96,11.51,0.2,2,0,483.57,509.36
24-08-2021 23:00,500.54,15.64,50.4,11.02,0.17,2,0,486.9,509.49
25-08-2021 02:00,372.47,13.33,81.61,2.51,0.03,3,0,476.19,507.74
25-08-2021 04:00,421.83,8.2,51.6,3.77,0.1,3,0,468.4,506.67
25-08-2021 15:00,494.47,25.75,83,4.93,0.02,3,0,485.55,509.35
26-08-2021 00:00,428.19,29.44,65.71,6.38,0.22,4,0,484.33,509.16
26-08-2021 05:00,539.5,25.33,67.39,13.35,0.23,4,0,501.46,509.42
26-08-2021 06:00,523.27,16.41,34.25,12.44,0.04,4,0,502.06,509.1
26-08-2021 08:00,536.6,37.56,74.2,6.17,0.53,4,0,508.11,509.51
26-08-2021 18:00,437.12,23.58,69.21,4.43,0.04,4,0,481.2,506.92
26-08-2021 22:00,426.85,17.74,36.12,3.84,0.21,4,0,476.14,505.61
27-08-2021 04:00,463.82,27.33,47.5,3.62,0.55,5,0,474.66,505.91
27-08-2021 06:00,471.97,29.02,39.43,6.48,0,5,0,470.81,505.24
27-08-2021 07:00,495.38,27.45,63.55,2.38,0.19,5,0,469.23,505.48
27-08-2021 09:00,483.45,24.41,80.84,14.24,0.09,5,0,471.92,505.52
27-08-2021 11:00,511.82,31.64,89.51,4.02,0.22,5,0,477.13,505.77
27-08-2021 23:00,510.89,23.46,88.66,13.7,0.71,5,0,498.69,504.98
28-08-2021 11:00,507.79,19.4,54.69,7.88,0.03,6,1,501.94,503.73
28-08-2021 12:00,464.59,26.04,85.87,14.37,0.05,6,1,501.15,503.07
28-08-2021 16:00,520.29,25.36,72.6,4.03,0.1,6,1,500.7,502.69
28-08-2021 19:00,463.97,20.69,78.25,0.37,0.11,6,1,500.03,502.52
28-08-2021 21:00,594.24,26.93,35.25,9.32,0.01,6,1,499.36,502.65
29-08-2021 22:00,507.04,33.26,82.39,6.41,0.65,7,1,490.35,499.56
30-08-2021 12:00,611.91,27.91,79.33,3.34,0.12,1,0,494.75,498.71
30-08-2021 14:00,440.59,27.16,83.11,5.58,0.05,1,0,500.79,499.14
30-08-2021 18:00,579.33,13.31,50.33,8.75,0.22,1,0,494.49,500.67
31-08-2021 02:00,417.46,33.68,88.91,8.23,0.08,2,0,494.48,498.75
31-08-2021 10:00,503.32,36.45,45.8,3.42,0.8,2,0,503.26,500.32
31-08-2021 12:00,492.62,20.96,79.81,0.22,0.46,2,0,495.79,500.54
31-08-2021 17:00,571.39,23.41,47.49,12.02,0.01,2,0,495.22,501.35
31-08-2021 21:00,511.01,26.79,88.43,4.29,0.04,2,0,495.53,501.46
31-08-2021 22:00,566.77,22.53,62.73,9.99,0.11,2,0,498.4,502.13
01-09-2021 01:00,461.11,29.7,31.75,14.47,0.68,3,0,505.12,502.69
01-09-2021 02:00,565.88,19.55,32.55,9.95,0.22,3,0,511.3,503.87
01-09-2021 23:00,497.45,24.98,76.42,10.6,0.39,3,0,490.25,502.45
02-09-2021 00:00,548.1,33.27,37.47,12.03,0.38,4,0,488.73,503.18
02-09-2021 04:00,530.03,25.68,64.08,13.88,0.05,4,0,497.73,503.13
02-09-2021 09:00,437.7,33.04,41.03,12.53,0.19,4,0,492.16,501.59
03-09-2021 02:00,610.42,19.54,38.2,8.5,0.12,5,0,468.01,501.54
03-09-2021 10:00,522.77,23.53,35.7,5.36,0.39,5,0,472.46,501.63
03-09-2021 16:00,403.08,25.61,45.87,0.79,0.06,5,0,486.61,501.76
03-09-2021 19:00,485,27.27,75.59,3.09,0.07,5,0,493.96,502.46
03-09-2021 23:00,565.64,24.67,53.53,10.2,0.2,5,0,503.33,502.36
04-09-2021 00:00,452.32,28.62,41.4,7.79,0.01,6,1,504.44,501.71
04-09-2021 01:00,464.59,31.89,55.53,11.7,0.58,6,1,507.31,501.81
04-09-2021 03:00,497.63,6.97,30.73,3.99,0.23,6,1,502.77,501.97
04-09-2021 21:00,451.91,31.62,36.11,6.86,0.4,6,1,498.21,502.34
05-09-2021 01:00,541.6,20.64,59.05,14.26,0.14,7,1,503.02,502.42
05-09-2021 04:00,380.12,14.15,45,12.17,0.09,7,1,494.96,501.92
05-09-2021 06:00,554.25,26.89,73.59,2.25,0.01,7,1,497.1,502.61
05-09-2021 07:00,478.58,28.72,75.64,2.24,0.03,7,1,494.12,502.78
05-09-2021 08:00,523,24.11,85.3,4.76,0.13,7,1,495.41,502.65
05-09-2021 17:00,552.35,9.48,85.77,0.7,0.18,7,1,495.67,502.57
05-09-2021 19:00,452.21,24.55,57.7,4.12,0.05,7,1,492.08,502.34
05-09-2021 21:00,501.01,19.61,83.9,1.39,0.21,7,1,495.07,502.89
06-09-2021 03:00,435.73,10.93,39.37,5.07,0.08,1,0,486.37,503.17
06-09-2021 10:00,463.39,29.56,64.76,11.24,0,1,0,496.82,504.06
06-09-2021 12:00,450.76,17.93,74.88,0.42,0.09,1,0,492.53,502.34
07-09-2021 00:00,554.04,17.84,44.15,14.36,0.14,2,0,502.99,503.78
07-09-2021 07:00,493.26,28.79,40.93,5.8,0.41,2,0,501,503.86
07-09-2021 15:00,424.03,18.29,33.64,14.23,0.07,2,0,501.46,503.51
07-09-2021 16:00,486.32,16.86,57.86,7.91,0.09,2,0,496.44,503.8
08-09-2021 17:00,507.52,38.39,75.87,8.63,0.2,3,0,510.36,504.33
09-09-2021 11:00,532.48,26.73,49.01,3.84,0.09,4,0,506.92,506.59
09-09-2021 14:00,534.65,33.37,64.72,10.11,0.3,4,0,509.77,508.79
09-09-2021 20:00,520.2,23.71,31.51,12.68,0.13,4,0,503.46,509.15
09-09-2021 23:00,522.1,33.72,50.5,13.16,0.01,4,0,515.27,510.43
10-09-2021 05:00,509.78,18.12,81.03,1.75,0.34,5,0,505.39,510.09
10-09-2021 06:00,509.13,23.34,32.55,14.38,0.3,5,0,504.88,510.29
10-09-2021 12:00,583.5,18.13,69.41,6.37,0.04,5,0,492.26,508.79
10-09-2021 13:00,516.39,21.78,78.42,14.82,0.2,5,0,493.69,508.52
10-09-2021 22:00,426.43,27.19,66.44,4.85,0.07,5,0,492.54,509.13
11-09-2021 12:00,451.07,32.64,69.32,1.99,0.06,6,1,485.92,506.84
11-09-2021 23:00,472.77,32.44,30.74,11.54,0.15,6,1,482.13,506.15
12-09-2021 12:00,537.97,28.15,85.39,8.62,0.69,7,1,503.12,508.28
12-09-2021 17:00,513.4,24.75,36.32,6.31,0.01,7,1,505.92,508.57
13-09-2021 00:00,467.94,30.58,58.49,0.31,0.08,1,0,506.68,508.89
13-09-2021 01:00,539.39,34.17,42.45,1.64,0.03,1,0,509.62,509
13-09-2021 02:00,527.8,26.01,34.09,6.24,0.2,1,0,510.56,509.4
13-09-2021 04:00,477.74,34.31,66.33,5.24,0.23,1,0,519.51,510.54
13-09-2021 07:00,494.45,20.18,59.57,12.41,0.34,1,0,518.18,510.09
13-09-2021 16:00,500.45,18.59,34.36,2.72,0.35,1,0,512.24,510.67
14-09-2021 03:00,404.96,34.94,58.85,14.09,0.53,2,0,499.56,510.51
14-09-2021 05:00,493.57,40.96,58.8,8.16,0.3,2,0,499.19,509.45
14-09-2021 06:00,463.11,34.16,69.5,14.13,0.3,2,0,497.97,509.65
14-09-2021 08:00,488.54,22.35,57.8,11.5,0.05,2,0,497.29,509.51
14-09-2021 09:00,593.68,15.3,79.23,2.29,0.06,2,0,501.77,510.05
14-09-2021 10:00,471.93,21.9,84.28,13.02,0.23,2,0,496.49,509.93
14-09-2021 12:00,485.56,25.28,38.34,14.41,0.11,2,0,495.98,509.83
15-09-2021 03:00,559.88,29.11,77.71,4.37,0.06,3,0,510.14,512.32
15-09-2021 13:00,441.29,26.7,37.78,4.64,0.22,3,0,501.74,510.12
15-09-2021 16:00,462.52,23.08,38.68,4.12,0.03,3,0,503.06,510.28
15-09-2021 17:00,547.83,25.79,62.34,3.77,0.06,3,0,504.01,510.53
15-09-2021 20:00,577.26,27.16,33.51,13.12,0.03,3,0,504.9,510.55
15-09-2021 23:00,521.29,39.46,72.8,4.59,0.29,3,0,505.58,511.3
16-09-2021 11:00,433.44,27.29,71.31,6.27,0.05,4,0,496.97,508.88
16-09-2021 15:00,555.82,29.41,86.06,0.98,0.23,4,0,494.5,508.81
16-09-2021 23:00,540.06,15.41,59.54,10.97,0.43,4,0,496.8,508.61
17-09-2021 03:00,516.33,28.55,75.24,4.88,0.44,5,0,490.03,508.46
17-09-2021 05:00,509.33,19.66,54,12.31,0.05,5,0,486.52,508.53
17-09-2021 06:00,553.59,26.94,74.78,10.27,0.36,5,0,491.53,508.8
17-09-2021 09:00,516.7,33.18,84.26,8.35,0.56,5,0,502.37,509.99
17-09-2021 11:00,474.93,20.7,73.11,1.13,0.02,5,0,501.67,510.74
18-09-2021 01:00,509.26,29.76,75.1,10.95,0.05,6,1,501.9,509.83
18-09-2021 06:00,475.27,28.71,84.78,6.69,0.29,6,1,506.46,511.23
18-09-2021 13:00,444.95,17.44,82.22,13.26,0.01,6,1,497.36,512.14
19-09-2021 01:00,447.69,28.14,34.86,6.39,0.64,7,1,497.12,511.81
19-09-2021 17:00,497.96,36.41,75.44,1.69,0.35,7,1,474.24,508.13
20-09-2021 11:00,517.16,16.06,52.05,11.87,0,1,0,502.2,506.91
20-09-2021 13:00,418.27,25.29,69.07,6.63,0.01,1,0,502.16,507.04
20-09-2021 16:00,517.82,27.86,85.47,6.82,0.24,1,0,500.7,506.54
20-09-2021 19:00,429.6,32.57,88.2,1.43,0.03,1,0,497.31,506.39
20-09-2021 21:00,565.58,33.66,62.49,5.99,0.06,1,0,507.8,507.14
21-09-2021 02:00,494.31,15,49.98,2.75,0.03,2,0,505.68,507.11
21-09-2021 06:00,512.48,21.15,81.96,11.64,0.01,2,0,496.62,507.33
21-09-2021 07:00,481.15,20.32,71.21,0.2,0.06,2,0,496.45,506.97
21-09-2021 11:00,632.97,10.06,65.86,7.85,0.05,2,0,501.5,507.78
21-09-2021 13:00,436.97,28.15,87.73,2.4,0.02,2,0,502.3,507.6
21-09-2021 21:00,548.51,25.47,72.77,7.01,0.13,2,0,495.02,507.7
22-09-2021 03:00,443.79,42.67,37.57,2.64,0.02,3,0,505.7,506.78
22-09-2021 13:00,546.83,15.76,82.42,7.96,0.06,3,0,512.86,509.22
22-09-2021 14:00,472.79,28.83,76.06,5.25,0.14,3,0,510.77,508.92
22-09-2021 17:00,463.91,35.59,44.33,5.11,0.29,3,0,516.98,508.73
22-09-2021 20:00,488.7,24.13,64.78,9.19,0.06,3,0,523.45,509.77
22-09-2021 21:00,465.14,36.53,69.8,10.5,0.02,3,0,519.98,509.83
22-09-2021 23:00,439.2,17.31,36.59,1.91,0.49,3,0,514.55,509.21
23-09-2021 16:00,483.77,29.62,40.41,8.6,0.45,4,0,492.71,508.64
24-09-2021 01:00,564.51,28.09,33.31,13.72,0.61,5,0,496.2,510.5
24-09-2021 03:00,515.17,23.23,49.23,11.16,0.07,5,0,495.2,510.48
24-09-2021 05:00,482.14,22.64,33.69,13.41,0.08,5,0,496.93,510.24
24-09-2021 09:00,548.1,22.39,46.95,10.4,0.17,5,0,503.64,509.73
24-09-2021 14:00,511.78,21.18,89.92,14.59,0.26,5,0,505.62,508.93
24-09-2021 16:00,499.69,25.56,64.56,2.63,0.48,5,0,504.44,508.18
24-09-2021 19:00,482.46,36.75,35.09,10.33,0.15,5,0,502.55,508.33
25-09-2021 00:00,470.55,15.76,73.25,10.14,0.55,6,1,500.36,509.94
25-09-2021 01:00,503.82,25.51,49.13,1.45,0.01,6,1,497.83,509.91
25-09-2021 05:00,431.64,36.92,51.24,3.45,0.11,6,1,499.75,508.78
25-09-2021 11:00,517.08,18.11,30.57,5.97,0.2,6,1,497.02,509.51
25-09-2021 15:00,427.56,26.56,66.48,11.43,0.14,6,1,507.99,509.91
25-09-2021 17:00,547.21,36.62,51.01,9.76,0.02,6,1,509.95,510.3
25-09-2021 22:00,469.9,9.33,55.71,1.13,0.29,6,1,510.18,511.05
26-09-2021 02:00,497.61,24.14,43.38,8.85,0.22,7,1,507.6,511.91
26-09-2021 06:00,509.1,33.51,75.14,5.94,0.41,7,1,503.35,511.91
26-09-2021 18:00,549.35,30.3,71.67,7.01,0.07,7,1,494.51,513.93
26-09-2021 23:00,497.51,15.91,84.19,5.93,0.03,7,1,505.56,514.99
27-09-2021 00:00,479.83,34.11,33.14,6.4,0.1,1,0,506.64,515.13
27-09-2021 15:00,451.95,28.8,76.53,2.29,0.22,1,0,510.88,514.77
28-09-2021 12:00,414.55,14,71.45,7.82,0.28,2,0,487.08,512.04
28-09-2021 15:00,522.07,34.95,48.72,3.97,0.41,2,0,487.81,512.26
28-09-2021 19:00,438.58,29.01,59.94,8.95,0.14,2,0,498.76,513.23
29-09-2021 01:00,473.61,27.85,87.81,8.14,0.15,3,0,502.79,513.15
29-09-2021 02:00,541.26,19.44,58.21,11.27,0.09,3,0,507.01,512.91
29-09-2021 06:00,565.34,15.62,66.27,11.47,0.2,3,0,511.77,513.47
29-09-2021 07:00,435.81,33.47,39.42,12.44,0.2,3,0,505.15,513.25
29-09-2021 09:00,488.45,27.02,43.88,14.37,0.1,3,0,509.81,512.47
29-09-2021 14:00,536.92,34.89,61.86,11.53,0.09,3,0,520.78,513.57
29-09-2021 21:00,493.24,18.99,86.46,11.17,0.09,3,0,515.16,512.71
29-09-2021 23:00,477.45,24.82,69.59,5.65,0.02,3,0,511.19,512.76
30-09-2021 02:00,487.65,23.95,64.76,12.77,0.21,4,0,507.2,511.97
30-09-2021 04:00,512.36,19.9,87.42,7.85,0.16,4,0,510.88,512.22
30-09-2021 05:00,447.52,24.62,77.12,0.52,0.02,4,0,505.54,512.25
30-09-2021 08:00,549.46,14.78,43.78,10.92,0.13,4,0,508,512.52
30-09-2021 09:00,462.23,25.16,84.79,14.81,0.03,4,0,506.9,512.73
30-09-2021 10:00,472.07,3.09,44.19,12.44,0.18,4,0,502.79,512.7
30-09-2021 11:00,465.24,22,35.02,4.58,0,4,0,504.28,513.43
30-09-2021 14:00,529.72,36.47,44.37,7.95,0.16,4,0,496.33,513.39
01-10-2021 04:00,551.35,27.68,64.82,9.96,0.11,5,0,490.6,511.54
01-10-2021 06:00,504.35,26.32,82.8,1.73,0.15,5,0,492.48,511.55
01-10-2021 09:00,473.42,35.83,84.01,6.54,0.33,5,0,485.01,510.02
01-10-2021 10:00,481.42,42.86,37.98,11.89,0.02,5,0,485.4,509.75
01-10-2021 11:00,514.64,25.51,40.63,3.07,0.09,5,0,487.46,510.14
01-10-2021 14:00,424.83,23.8,54.15,6.08,0.35,5,0,481.35,509.85
01-10-2021 18:00,507.51,30.23,34.17,4.84,0.16,5,0,482.39,510.05
01-10-2021 21:00,510.06,27.9,76.44,3.11,0.05,5,0,485.68,510.28
02-10-2021 02:00,402.71,31.08,55.47,0.94,0.11,6,1,482.4,509.47
02-10-2021 11:00,495.28,20.4,53.01,13.41,0.54,6,1,497.91,510.27
02-10-2021 12:00,436.87,25.53,71.69,12.55,0.04,6,1,496.02,509.22
02-10-2021 16:00,570.18,11.97,44.32,11.51,0.22,6,1,509.49,510.03
02-10-2021 17:00,476.58,27.98,74.63,0.07,0.26,6,1,505.77,509.6
02-10-2021 21:00,498.14,32.57,60.41,3.79,0.35,6,1,501.66,508.77
02-10-2021 23:00,523.8,23.97,82.38,2.26,0.15,6,1,503.6,509.14
03-10-2021 03:00,494.03,24.42,51.5,5.36,0.05,7,1,510.2,509.77
03-10-2021 05:00,520.28,23.03,88.59,7.63,0,7,1,508.26,510.97
03-10-2021 10:00,533.37,38.86,50.62,1.1,0.24,7,1,500.16,510.23
03-10-2021 19:00,409.36,25.36,58.97,4.75,0.08,7,1,491.32,508.35
03-10-2021 23:00,443.23,31.52,61.71,6.17,0.14,7,1,496.47,507.82
04-10-2021 00:00,418.77,31.63,70.67,11.64,0.18,1,0,488.43,507.44
04-10-2021 04:00,578.61,39.08,70.9,8.05,0.06,1,0,492.98,506.6
04-10-2021 08:00,509.76,31.47,46.2,10.93,0.84,1,0,488.65,507.04
04-10-2021 09:00,514.11,33.01,70.9,10.59,0.19,1,0,496.25,507.28
04-10-2021 16:00,488.34,38.26,86.99,0.13,0.04,1,0,503.65,508.89
04-10-2021 21:00,519.08,33.43,63.75,0.77,0.08,1,0,507.9,510.74
04-10-2021 22:00,572.03,31.77,59.78,1.88,0.03,1,0,509.5,511.11
04-10-2021 23:00,517.83,16.38,67.07,6.79,0.46,1,0,512.61,510.53
05-10-2021 10:00,470.41,18.86,61.78,8.91,0.16,2,0,512.05,510.95
05-10-2021 15:00,425.92,37.1,65.88,9.1,0.09,2,0,503.25,510.83
06-10-2021 10:00,475.5,40.9,68.42,8,0.03,3,0,504.92,510.07
06-10-2021 12:00,404.01,31.6,33.36,0.81,0,3,0,505.88,509.1
06-10-2021 23:00,452.3,26.51,33.35,4.02,0.01,3,0,493.24,507.53
07-10-2021 13:00,594.29,32.29,38.19,7.15,0.67,4,0,494.95,507.99
08-10-2021 01:00,429.6,30.98,67.46,4.71,0.02,5,0,507.72,509.56
08-10-2021 02:00,550.82,19.89,53.07,11.32,0.11,5,0,510.62,510.03
08-10-2021 05:00,427.36,29.51,53.5,10.74,0.17,5,0,515.15,510.37
08-10-2021 09:00,440.46,27.35,39.26,8.33,0.08,5,0,515.36,511.4
09-10-2021 01:00,475.75,18.94,63.53,5.92,0.02,6,1,501.46,511.9
09-10-2021 03:00,532.62,32.58,54.43,9.07,0.32,6,1,494.54,512.49
09-10-2021 04:00,516.4,25.61,88.37,14.51,0.08,6,1,495.16,512.03
09-10-2021 10:00,537.97,22.16,43.23,7.69,0.11,6,1,499.61,511.94
09-10-2021 22:00,563.37,23.15,35.18,1.49,0.06,6,1,512.3,513.58
10-10-2021 07:00,475.79,25.38,52.58,10.28,0.07,7,1,518.22,512.94
10-10-2021 15:00,470.73,30.93,70.38,12.28,0.47,7,1,502.4,514.02
11-10-2021 00:00,488.26,37.12,58.4,0.04,0.08,1,0,505.68,514.87
11-10-2021 02:00,491.04,29.64,31.5,2.5,0.2,1,0,509.2,515.07
11-10-2021 07:00,488.06,27.03,49.9,7.54,0.03,1,0,499.39,514.43
11-10-2021 13:00,473.94,23.12,52.67,4.07,0.06,1,0,495.82,512.52
11-10-2021 18:00,589.76,18.14,38.83,13.13,0.1,1,0,498.85,513.27
11-10-2021 23:00,556.67,25.33,58.56,2.5,0.03,1,0,501.54,512.84
12-10-2021 05:00,549.58,19.53,80.9,8.7,0.07,2,0,498.32,512.29
12-10-2021 07:00,514.12,16.25,84.61,8.99,0.02,2,0,501.93,512.29
12-10-2021 08:00,517.62,22.5,53.26,8.06,0.34,2,0,502.66,512.57
12-10-2021 09:00,523.38,26.08,77.21,11.04,0.09,2,0,506.4,512.65
12-10-2021 11:00,531.59,22.25,33.49,11.28,0.05,2,0,506.1,513.49
12-10-2021 14:00,542.85,30.34,65.69,4.34,0.15,2,0,510.82,513.37
12-10-2021 16:00,537.55,37.66,74.68,6.72,0.01,2,0,516.77,514.23
12-10-2021 18:00,558.67,37.12,61.13,2.17,0.09,2,0,514.18,515.75
13-10-2021 01:00,453.66,23.3,41.06,11.38,0.07,3,0,510,514.5
13-10-2021 04:00,460.05,38.99,77.8,1.29,0.09,3,0,510.67,513.34
13-10-2021 08:00,514.22,19.05,45.33,7.8,1.22,3,0,508.16,512.78
13-10-2021 12:00,436.78,35.27,57.43,1.43,0.18,3,0,509.64,513.78
13-10-2021 21:00,509.18,29.53,42.87,13.69,1.12,3,0,496.72,515.19
14-10-2021 20:00,493.33,9.31,41.4,13.89,0.52,4,0,501.38,514.3
15-10-2021 06:00,556.56,33.39,68.1,8.59,0.01,5,0,502.27,513.07
15-10-2021 09:00,492.5,27,53.54,8.58,0.07,5,0,507.41,513.66
15-10-2021 14:00,484.24,26.91,36.05,7.5,0.55,5,0,499.12,512.84
15-10-2021 19:00,556.6,29.01,48.66,13.94,0.35,5,0,492.53,512.3
15-10-2021 23:00,508.01,17.44,56.73,11.9,0.3,5,0,495.28,512.45
16-10-2021 11:00,408.79,17.6,69.99,11.3,0.17,6,1,487.24,511.63
16-10-2021 12:00,499.48,21.46,58.41,14.65,0.04,6,1,490.01,511.61
16-10-2021 13:00,438.66,12.23,63.63,12.05,0.05,6,1,488.3,510.76
16-10-2021 15:00,409.82,27.4,88.03,9.32,0.12,6,1,487.09,509.41
16-10-2021 21:00,544.52,22.55,34.22,14.24,0.65,6,1,496.47,510.48
17-10-2021 04:00,508.4,24.07,60.87,9.91,0.35,7,1,491.99,510.02
17-10-2021 06:00,595.62,9.85,34.46,9.55,0.01,7,1,497.01,510.26
17-10-2021 08:00,546.1,25.16,44.98,0.8,0.15,7,1,505.29,510.91
17-10-2021 13:00,563.06,21.65,33.05,8.77,0.48,7,1,516.38,512.1
17-10-2021 16:00,446.51,30.59,69.49,8.07,0.13,7,1,513.13,511.82
17-10-2021 19:00,513.88,18.18,40.19,8.08,0.03,7,1,516.63,511.7
17-10-2021 20:00,512.19,15.29,39.39,2.46,0.02,7,1,515.98,512.01
18-10-2021 00:00,457.64,25.38,60.61,3.8,0.78,1,0,522.12,512
18-10-2021 05:00,526.79,26.89,68.09,4.37,0.06,1,0,521.43,512.69
18-10-2021 14:00,546.09,22.13,70.97,9.59,0.07,1,0,523.97,516.14
18-10-2021 16:00,615.08,40.01,35.06,10.78,0.07,1,0,532.86,517.51
18-10-2021 23:00,601.6,33.92,88.22,3.54,0.12,1,0,539.85,517.77
19-10-2021 04:00,480.15,23.06,51.96,7.02,0.19,2,0,529.81,517.42
19-10-2021 11:00,500.17,27.13,71.68,11.8,0.43,2,0,529.24,517.98
19-10-2021 18:00,502.45,23.51,41.68,8.53,0.21,2,0,508.92,515.93
19-10-2021 20:00,458.04,33.25,58.83,10.88,0.15,2,0,512.61,516.9
20-10-2021 07:00,506.07,29.07,69.48,10.6,0.05,3,0,509.84,517.31
20-10-2021 14:00,547.73,13.06,38.02,14.81,0.13,3,0,517.22,518.65
20-10-2021 18:00,484.02,11.58,78.94,3.99,0.12,3,0,516.61,518.7
20-10-2021 22:00,438.16,34.3,55.02,9.26,0.36,3,0,505.97,517.08
20-10-2021 23:00,442.95,4.33,67.49,12.14,0.02,3,0,504.93,516.81
21-10-2021 00:00,547.67,35.58,75.16,2.03,0.31,4,0,505.1,517.32
21-10-2021 07:00,531.79,28.48,84.6,3.16,0.07,4,0,504.19,518.12
21-10-2021 08:00,441.71,30.81,53.14,2.26,0.07,4,0,494,518.23
21-10-2021 09:00,409.38,45,89.18,9.44,0.01,4,0,488.61,517.79
21-10-2021 14:00,495.06,19.41,85.28,9.26,0.22,4,0,486.65,517.39
21-10-2021 16:00,499.14,16.25,87.55,10.06,0.16,4,0,486.69,516.9
21-10-2021 22:00,509.53,18.4,71.79,3.7,0.3,4,0,497.99,517.84
22-10-2021 03:00,473.28,26.29,41.62,4.71,0.03,5,0,495.39,517.47
22-10-2021 13:00,499.63,16.01,76.28,10.61,0.08,5,0,502.84,517.87
22-10-2021 14:00,462.76,8.37,41.51,6.38,0.16,5,0,501.5,517.74
23-10-2021 02:00,510.06,32.52,67.63,9.04,0.05,6,1,496.61,517.45
23-10-2021 05:00,466.86,31.99,67.68,7.15,0.2,6,1,501.25,517.52
23-10-2021 22:00,510.73,18.62,73.48,1.92,0.55,6,1,493.37,518.55
24-10-2021 01:00,473.26,24.26,54.98,3.54,0.02,7,1,498.82,519.09
24-10-2021 12:00,493.31,22.22,77.44,12.47,0.16,7,1,502.74,518.12
24-10-2021 18:00,479.56,29.11,72.32,2.19,0.05,7,1,505.11,517.34
24-10-2021 20:00,485.1,31.45,86.12,0.44,0.01,7,1,508.51,517.64
24-10-2021 22:00,417.09,24.41,84.68,3.21,0.02,7,1,505.86,516.71
25-10-2021 01:00,583.4,16.92,61.53,3.89,0.17,1,0,510.21,517.33
25-10-2021 10:00,468.58,26.13,68.82,7.66,0.05,1,0,487.26,513.65
25-10-2021 11:00,497.95,24.45,44.81,13.07,0.17,1,0,488.28,513.57
25-10-2021 17:00,547.02,22.73,49.93,5.95,0.14,1,0,491.74,511.12
25-10-2021 19:00,514.62,17.84,65.19,0.73,0.89,1,0,489.96,511.47
26-10-2021 03:00,544.04,39.17,86.58,1.8,0.06,2,0,478.11,508.96
26-10-2021 06:00,455.12,31.72,43.03,8.72,0.06,2,0,484.13,509.23
26-10-2021 09:00,420.76,32.12,57.6,11.88,0.01,2,0,489.3,508.63
26-10-2021 14:00,509.5,18.18,61.12,1.53,0.18,2,0,493.78,508.91
26-10-2021 18:00,517.82,18.48,69.51,1.96,0.79,2,0,494.64,509.38
26-10-2021 20:00,527.74,19.63,44.37,2.14,0.91,2,0,496.69,508.96
27-10-2021 06:00,519.61,24.59,68.47,11.27,0.17,3,0,510.05,509.3
27-10-2021 10:00,561.7,22.59,71.51,2.19,0.06,3,0,514.24,508.9
27-10-2021 18:00,480.13,16.07,38.63,8.17,0.26,3,0,516.45,509.35
28-10-2021 00:00,434.42,10.16,81.84,1.07,0.22,4,0,509.51,510.33
28-10-2021 03:00,527,31.49,51.49,9.42,0.34,4,0,507.73,509.83
28-10-2021 13:00,495.29,38.08,79.01,14.24,0.05,4,0,512.16,512.45
29-10-2021 02:00,505.69,30.38,70.69,5.42,0.04,5,0,517.17,512.68
29-10-2021 03:00,421.36,19.93,64.24,13.1,0.25,5,0,512.77,512.36
29-10-2021 05:00,475.24,35.23,67.18,13.48,0.23,5,0,506.71,512.73
29-10-2021 06:00,551.7,19.32,42.69,2.82,0.36,5,0,508.95,512.67
30-10-2021 00:00,506.14,31.53,78.88,3.12,0.16,6,1,507.28,514.43
30-10-2021 03:00,525.1,28.31,80.57,10.22,0.33,6,1,511.97,514.17
30-10-2021 04:00,529.27,29.93,52.41,7.54,0.12,6,1,513.27,514.43
30-10-2021 07:00,483.39,32.9,71.45,3.33,0.29,6,1,511.49,514.02
30-10-2021 11:00,487.97,14.88,55.34,12.21,0.02,6,1,509.31,512.94
30-10-2021 14:00,552.48,33.17,84.74,10.73,0.06,6,1,510.91,513.93
30-10-2021 22:00,474.17,10.1,46.88,11.51,0.22,6,1,483.21,512.15
31-10-2021 01:00,490.07,24.64,82.67,1.13,0.08,7,1,482.08,512.29
31-10-2021 13:00,499.99,17.91,78.09,5.22,0.23,7,1,477.55,508.99
31-10-2021 14:00,503.32,20.47,39.16,9.23,0.37,7,1,475.5,509.44
01-11-2021 00:00,546.91,17.58,56.07,5.58,1,1,0,497.11,510.95
01-11-2021 02:00,627.1,21.7,65.22,3.98,0.2,1,0,502.01,510.91
01-11-2021 03:00,423.35,25.82,39,7.37,0.21,1,0,500.03,510.54
01-11-2021 04:00,457.42,26.35,89.91,6.84,0.84,1,0,499.49,510.13
01-11-2021 10:00,487.57,12.96,86.87,1.4,0,1,0,511.24,512.13
01-11-2021 11:00,533.26,26.61,89.85,8.81,0.06,1,0,511.03,512.35
02-11-2021 00:00,442.58,15.51,65.25,9.49,0.24,2,0,497.49,513.34
02-11-2021 03:00,458.7,32.88,32.57,0.56,0.14,2,0,493.77,512.82
02-11-2021 08:00,508.6,20.32,52.41,3.11,0.04,2,0,491.8,511.73
02-11-2021 09:00,547.71,19.31,33.3,12.84,0.01,2,0,492.64,512.5
02-11-2021 16:00,528.69,13.52,89.4,9.31,0.31,2,0,496.9,512.37
02-11-2021 17:00,455.54,16.07,37.78,14.64,0.2,2,0,493.11,512.6
03-11-2021 07:00,530.12,21.57,31.78,9.24,0.14,3,0,511.72,512.47
03-11-2021 11:00,473.73,21.75,47.96,11.54,0.08,3,0,512.29,511.78
03-11-2021 15:00,493.89,32.16,84.42,8.96,0.17,3,0,514.82,512.32
03-11-2021 16:00,521.02,33.39,41.76,10.35,0.2,3,0,514.5,512.39
03-11-2021 18:00,565.85,29.62,30.54,12.2,0.18,3,0,516.74,512.24
04-11-2021 01:00,361.28,36.97,60.09,13.1,0.18,4,0,487.62,509.98
04-11-2021 04:00,482.44,22,76.75,13.36,0.21,4,0,488.88,509.65
04-11-2021 07:00,405,28.9,67.34,0.82,0.18,4,0,493.56,509.69
04-11-2021 09:00,436.18,12.05,53.62,12.71,0.46,4,0,485.96,507.94
04-11-2021 11:00,585.1,21.3,72.18,4.3,0.1,4,0,486.95,508.11
04-11-2021 12:00,511.18,22.93,41.85,2.84,0.29,4,0,484.89,508.2
04-11-2021 17:00,562.63,24.99,76.24,7.39,0.01,4,0,488.86,508.99
04-11-2021 20:00,438.26,15.79,48.76,0.55,0.3,4,0,493.31,508.28
05-11-2021 00:00,410.16,30.69,65.67,4.8,0.15,5,0,501.7,507.89
05-11-2021 03:00,519.39,6.73,47.69,6.72,0,5,0,504.95,509.25
05-11-2021 08:00,502.55,29.96,39.26,12.23,0.02,5,0,506.29,509
05-11-2021 16:00,435.15,19.5,61.2,2.31,1,5,0,514.99,510.74
05-11-2021 17:00,545.3,41.73,63.97,7.54,0.37,5,0,514.27,510.68
06-11-2021 06:00,536.58,25.51,82.49,12.7,0.03,6,1,496.72,506.84
06-11-2021 10:00,474.11,28.68,30.2,14.04,0.42,6,1,498.06,508.09
06-11-2021 16:00,480.51,31.02,84.33,0.79,0.11,6,1,498.34,509.27
06-11-2021 18:00,490.63,21.94,36.61,2.02,0.09,6,1,494.44,510
07-11-2021 04:00,526.92,18.74,43.93,2.18,0.18,7,1,501.92,510.56
07-11-2021 06:00,499.24,33.69,45.53,2.2,0.01,7,1,502.89,510.8
07-11-2021 09:00,479.63,32.62,65.1,13.77,0.1,7,1,502.82,512.39
07-11-2021 17:00,486.36,28.9,75.01,14.7,0.18,7,1,500.02,511.2
07-11-2021 20:00,477.08,38.75,57.24,2.8,0.02,7,1,497.13,510.84
08-11-2021 06:00,440.39,22.52,45.09,12.2,0.03,1,0,497.24,509.3
08-11-2021 10:00,455.18,19.96,36.52,3.51,0.04,1,0,491.87,509.83
08-11-2021 12:00,493.46,27.6,39.13,4.7,0.01,1,0,491.78,508.87
08-11-2021 16:00,418.79,22.34,82.4,13.69,0.07,1,0,484.47,508.36
09-11-2021 02:00,538.44,32.66,42.54,4.02,0.19,2,0,486.94,509.55
09-11-2021 07:00,446.62,22.96,85,11.87,0.07,2,0,484.96,509
09-11-2021 13:00,465.28,29.02,70.05,2.76,0.02,2,0,486.84,508.8
09-11-2021 17:00,476.63,36.74,83.97,9.81,0.48,2,0,492.59,508.36
09-11-2021 21:00,481.22,29.56,72.62,10.5,0.12,2,0,497.38,508.77
09-11-2021 22:00,481.97,21.26,38.85,13.49,0.2,2,0,494.19,507.95
10-11-2021 02:00,422.56,29.41,61.15,6.83,0.12,3,0,497.34,507.94
10-11-2021 04:00,516.46,22.66,42.42,10.71,1.4,3,0,495.36,507.47
10-11-2021 14:00,523.47,24.9,67.55,3.53,0.2,3,0,497.05,505.19
10-11-2021 16:00,523.5,27.32,50.79,2.66,0.14,3,0,493.32,505.15
10-11-2021 22:00,626.77,25.62,85.79,0.13,0.29,3,0,493.47,507.86
11-11-2021 01:00,523.07,32.58,63.56,11.79,0.07,4,0,498.19,509.95
11-11-2021 02:00,515.1,26.29,71.34,14.88,1.2,4,0,502.04,509.98
11-11-2021 05:00,530.35,19.57,51.94,8.89,0.19,4,0,501.94,509.35
11-11-2021 06:00,473.97,10.42,43.08,10.71,0.26,4,0,496.28,508.73
11-11-2021 07:00,492.63,20.9,83.23,5.01,0.16,4,0,498.66,509.27
11-11-2021 13:00,529.29,21.01,42.08,0.22,0.03,4,0,511.17,509.05
11-11-2021 15:00,489.34,32.32,38.58,3.31,0.33,4,0,511.97,509.6
11-11-2021 16:00,524.3,43.14,52.54,0.25,0.68,4,0,512.01,509.54
11-11-2021 18:00,401.46,21.25,83.01,4.03,0.24,4,0,508.8,508.32
11-11-2021 19:00,526.52,21.1,63.22,14.53,0.03,4,0,513.42,508.33
11-11-2021 22:00,498.74,23.2,78.54,12.2,0.23,4,0,506.17,508.47
11-11-2021 23:00,419.84,21.48,65.19,1.87,0.16,4,0,500.88,507.86
12-11-2021 00:00,495.42,35.94,87.39,11.86,0.22,5,0,497.66,508.38
12-11-2021 11:00,530.72,38.71,73.06,14.48,0.11,5,0,497.12,506.56
12-11-2021 17:00,529.54,36.13,47.65,4.31,0.43,5,0,492.58,505.85
12-11-2021 20:00,501.12,30.32,32.32,0.75,0.01,5,0,492.74,505.66
13-11-2021 00:00,507.59,26.39,68.18,14.76,0.02,6,1,497.71,507.19
13-11-2021 01:00,582.57,24.49,39.91,12.12,0.03,6,1,499.3,507.55
13-11-2021 03:00,420.09,16.02,62.58,14.9,0.23,6,1,496.56,507.79
13-11-2021 11:00,503.73,26.56,85.19,11.78,0.06,6,1,500.79,507.23
13-11-2021 12:00,451.88,34.93,52.04,14.95,0.04,6,1,496.78,506.94
14-11-2021 00:00,588.96,25.44,32.28,0.95,0.22,7,1,492.45,506.74
14-11-2021 03:00,513.93,36.35,55.17,5.3,0.05,7,1,494.12,507.03
14-11-2021 06:00,502.17,25.68,71.02,10.35,0.23,7,1,501.82,508.03
14-11-2021 10:00,434.83,25.8,76.63,4.44,0.24,7,1,499.25,506.75
14-11-2021 11:00,459.59,45,44.23,1.13,0.04,7,1,497.41,506.69
14-11-2021 16:00,496.98,23.11,89.72,6.32,0.18,7,1,504.08,506.63
14-11-2021 18:00,476.54,22.15,71.43,4.14,0.38,7,1,506.68,506.66
14-11-2021 19:00,522.27,27.79,89.32,4.05,0.58,7,1,510.19,507.14
15-11-2021 04:00,457.04,31.37,87.3,0.28,0.02,1,0,496.46,506.84
15-11-2021 06:00,480.7,24,86.1,8.87,0.15,1,0,490.19,507
15-11-2021 14:00,504.44,32.67,48.85,6.1,0.33,1,0,493.14,507.03
16-11-2021 04:00,578.3,20.36,59.6,5.17,0.35,2,0,508.85,509.54
16-11-2021 07:00,519.36,39.11,58.57,3.69,0.11,2,0,520.39,511.49
16-11-2021 18:00,502.57,26.96,58.47,14.08,0.02,2,0,512.55,510.62
16-11-2021 21:00,413.35,21.14,33.13,9.73,0.09,2,0,497.3,509.34
16-11-2021 23:00,484.54,14.61,47.67,10.13,0.02,2,0,501.19,509.53
17-11-2021 01:00,521.36,14.57,46.61,13.95,0.17,3,0,504.57,509.47
17-11-2021 09:00,436.6,20.97,30.9,6.84,0.32,3,0,486.25,509.48
17-11-2021 17:00,490.95,25.14,77.4,9.51,0.05,3,0,494.53,511.07
17-11-2021 22:00,425.89,11.8,33.56,6.3,0.27,3,0,492,509.43
18-11-2021 03:00,496.05,20.74,51.42,4.39,0.39,4,0,487.98,507.76
18-11-2021 07:00,475.39,28.01,79.56,0.56,0.06,4,0,489.19,507.93
18-11-2021 16:00,571.72,32.24,34.94,13.2,0.27,4,0,481.44,506.7
18-11-2021 21:00,440.25,28.88,73.46,13.57,0.19,4,0,484.27,506.68
19-11-2021 08:00,546.2,19.44,76.33,11.27,1.33,5,0,499.67,509
19-11-2021 10:00,514.63,34.78,64.98,2.08,0.04,5,0,506.81,509.03
19-11-2021 11:00,571.41,21.75,72.66,7.5,0.03,5,0,506.06,509.27
19-11-2021 12:00,477.37,38.93,75.52,8.28,0.21,5,0,504.82,508.84
19-11-2021 21:00,519.84,17.7,38.76,9.56,0.11,5,0,507.57,508.65
20-11-2021 00:00,555.48,26.07,88.21,10.61,0.29,6,1,509.37,508.66
20-11-2021 03:00,565.7,40.85,42.12,7.06,0.49,6,1,509.84,508.81
20-11-2021 06:00,475.23,21.54,47.94,6.91,0.28,6,1,504.04,508.52
20-11-2021 11:00,526.2,20.21,40.55,11.39,0.19,6,1,502.06,509.46
20-11-2021 18:00,509.04,32.92,80.03,12.52,0.06,6,1,510.13,511.42
20-11-2021 22:00,500.88,29.35,64.47,7.24,0.08,6,1,516.65,512.61
21-11-2021 08:00,529.02,22.68,43.91,14.04,0.1,7,1,513.88,510.74
21-11-2021 15:00,375.52,23.33,37.72,13.65,0.1,7,1,511.46,511.3
21-11-2021 19:00,534.45,26.69,41.97,8.15,0.19,7,1,508.77,511.49
21-11-2021 21:00,561.47,29.18,78.01,14.58,0.23,7,1,504.84,511.16
21-11-2021 22:00,505.7,28.04,80.85,2.27,0.09,7,1,505.04,511.28
22-11-2021 01:00,493.62,20.73,35.87,7.17,0.14,1,0,508.08,511.76
22-11-2021 02:00,470.33,21.47,71.48,5.42,0.05,1,0,508.78,511.93
22-11-2021 11:00,502.96,28.46,40.55,1.88,0.45,1,0,490.02,511.24
23-11-2021 06:00,521.94,28.63,69.42,11.12,0.07,2,0,485.52,508.1
23-11-2021 11:00,512.16,32.4,53.81,14.48,0.1,2,0,494.95,507.91
23-11-2021 18:00,529.4,19.99,77.09,2.59,0.22,2,0,499.32,508.37
23-11-2021 21:00,565.79,27.96,86.09,14.29,0.36,2,0,498.23,508.99
24-11-2021 10:00,579.42,26.62,39.55,5.02,0.85,3,0,509.3,510.7
24-11-2021 17:00,441.51,39.08,33.79,1.43,0.22,3,0,505.01,509.74
24-11-2021 18:00,498.81,29.33,52.11,12.1,0.1,3,0,503.74,510.17
24-11-2021 23:00,473.76,18.44,44.49,6.39,0.05,3,0,504.07,511.17
25-11-2021 04:00,428.08,19.82,58.66,9.73,1.22,4,0,491.43,509.76
25-11-2021 06:00,583.54,25.09,33.91,13.84,0.12,4,0,494.37,510.04
25-11-2021 08:00,503.25,32.55,35.36,13.89,0.12,4,0,491.42,510.65
25-11-2021 15:00,469.95,14.84,36.35,1.42,0.21,4,0,488.93,511.58
25-11-2021 19:00,481.75,23.66,66.8,10.22,0.05,4,0,489.21,510.5
26-11-2021 00:00,404.34,38.01,51.54,9.13,0.54,5,0,483.58,510.71
26-11-2021 03:00,530.98,28.53,83.38,9.94,0.79,5,0,495.76,510.94
26-11-2021 22:00,539.34,23.53,34.66,0.48,0.68,5,0,500.05,509.88
26-11-2021 23:00,478.03,18.39,78.91,1.96,1.29,5,0,498.4,510.03
27-11-2021 00:00,529.87,25.73,58.07,12.25,0.25,6,1,503.63,509.88
27-11-2021 01:00,559.19,32.53,48.62,6.84,0.11,6,1,505.4,510.36
27-11-2021 06:00,487.81,13.8,84.73,14.4,0.19,6,1,501.59,510
27-11-2021 08:00,514.75,28.99,57.4,14.93,0.26,6,1,502.96,509.54
27-11-2021 09:00,473.67,31.37,33.76,13.45,0.07,6,1,499.7,509.24
27-11-2021 12:00,476.11,24.07,30.03,6.76,0.12,6,1,498.62,508.3
27-11-2021 13:00,423.67,26.37,33.55,6.5,0.34,6,1,500.5,508.39
28-11-2021 02:00,474.1,27.48,61.7,0.67,0.11,7,1,488.86,507.13
28-11-2021 03:00,433.39,26.04,36.41,8.16,0.16,7,1,489.37,506.52
28-11-2021 04:00,423.69,22.71,56.3,1.04,0.29,7,1,486.9,506.25
28-11-2021 05:00,571.92,20.93,80.11,7.47,0.01,7,1,489.31,506.38
28-11-2021 07:00,532.79,29.16,34.45,13.72,0.25,7,1,492.96,506.58
28-11-2021 09:00,433.35,29.35,66.43,11.44,0.1,7,1,489.76,505.68
28-11-2021 11:00,495.33,36.53,36.76,5.83,0.31,7,1,491.84,505.48
28-11-2021 13:00,426.52,24.15,81.13,8.79,0.32,7,1,490.6,504.56
28-11-2021 19:00,529.48,24.17,44.69,6.41,0.03,7,1,485.16,504.27
28-11-2021 23:00,494.48,30.16,55.8,13.11,0.22,7,1,487.63,503.44
29-11-2021 00:00,469.23,30.42,55.9,4.54,0.16,1,0,486.34,503.55
29-11-2021 04:00,429.24,10.21,52.95,1.66,0.14,1,0,489.72,503.45
29-11-2021 05:00,513.7,27.18,30.99,1.05,0.43,1,0,487.3,503.6
29-11-2021 06:00,469.47,24.57,78.64,9.99,0.43,1,0,484.08,503.63
29-11-2021 09:00,493.8,22.58,82.49,13.31,0.29,1,0,483.4,503.95
29-11-2021 17:00,565.3,17.9,60.91,2.8,0.01,1,0,488.97,504.52
29-11-2021 20:00,506.85,20.66,57.49,0.06,0.37,1,0,492.37,505.46
29-11-2021 23:00,477.45,29,68.72,0.21,0.55,1,0,495.08,505.56
30-11-2021 05:00,519.5,21.13,32.16,6.3,0.58,2,0,501.38,506.26
30-11-2021 08:00,448.73,7.32,45.07,4.91,0.14,2,0,503.74,506.07
30-11-2021 11:00,436.04,40.82,46.96,7.9,0.25,2,0,501.14,505.13
30-11-2021 12:00,578.1,35.09,62.75,9.96,0.31,2,0,504.47,505.64
30-11-2021 13:00,488.46,21.35,52.04,9.75,0.26,2,0,504.97,505.5
30-11-2021 14:00,338.94,20.94,37.78,8.77,0.02,2,0,501.48,504.07
30-11-2021 17:00,478.93,32.86,36.56,13.22,0.03,2,0,499.87,504.52
01-12-2021 00:00,545.15,17.07,56.38,11.58,0.05,3,0,486.63,503.69
01-12-2021 05:00,569.68,27.45,32.59,2.02,0.09,3,0,486.56,503.52
01-12-2021 14:00,562.46,9,34.95,5.38,0.15,3,0,496.1,502.46
01-12-2021 20:00,474.03,31.63,86.84,13.58,0.18,3,0,491.78,501.25
01-12-2021 22:00,467.92,29.53,39.47,8.66,0.18,3,0,492.99,501.22
02-12-2021 00:00,484.87,16.09,63.37,12.33,0.58,4,0,495.42,501.97
02-12-2021 08:00,507.35,26.22,49.92,6.82,0.06,4,0,501.67,504.47
02-12-2021 13:00,481.18,24.97,79.07,14.71,0.17,4,0,504.68,504.09
02-12-2021 14:00,488.58,23.66,67.28,5.19,0.44,4,0,501.6,504.41
02-12-2021 19:00,566.47,31.21,89.19,9.84,0.08,4,0,511.88,505.24
02-12-2021 22:00,538.06,32.13,63.21,2.17,0.49,4,0,518.67,505.93
03-12-2021 01:00,453.48,27.71,73.55,2.8,0.12,5,0,516.16,506.34
03-12-2021 11:00,516.4,18.94,68.42,6.56,0.56,5,0,502.38,506.3
03-12-2021 12:00,475.9,27.41,44.67,2.76,0.05,5,0,500.92,505.62
03-12-2021 17:00,488.82,27.26,64.11,1.21,0.13,5,0,499.84,505.18
04-12-2021 02:00,394.79,20.12,65.21,11.83,0.32,6,1,485.34,503.04
04-12-2021 06:00,519.7,19.81,51.36,0.07,0.01,6,1,488.2,503.69
04-12-2021 15:00,486.77,20.58,88.66,14.76,0.19,6,1,499.2,505.91
04-12-2021 20:00,408.78,17.42,61.99,1.52,0.56,6,1,498.14,505.05
05-12-2021 05:00,502.31,30.11,35.64,4.31,0.16,7,1,491.31,503.78
05-12-2021 14:00,493.49,30.18,74.75,2.64,0.01,7,1,483.16,505.41
05-12-2021 16:00,395.51,25.83,74.52,3.61,0.03,7,1,479.86,505.12
05-12-2021 19:00,504.49,22.72,35.86,5.03,0.02,7,1,482.59,505.03
05-12-2021 20:00,463.62,18.18,74.56,4.68,0.14,7,1,484.88,504.71
05-12-2021 23:00,503.84,15.85,83.84,4.2,0.17,7,1,490.39,504.55
06-12-2021 11:00,603.88,14.22,62.48,1.65,0.17,1,0,509.54,507.17
06-12-2021 12:00,573.85,11.83,63.54,4.13,0.01,1,0,507.36,507.63
06-12-2021 23:00,495.12,31.44,84.76,14.71,0.14,1,0,494.38,504.45
07-12-2021 04:00,521.68,25.48,88.48,12.68,0.02,2,0,489.96,503.68
07-12-2021 05:00,438.19,31.41,44.41,3.19,0.05,2,0,486.47,503.18
07-12-2021 11:00,521.93,26.08,32.24,10.7,0.03,2,0,475.86,503.49
07-12-2021 14:00,542.59,32.26,59.66,12.79,0.01,2,0,477.83,504.12
07-12-2021 15:00,521.6,15.23,43.86,11.91,0.04,2,0,478.03,504.19
07-12-2021 19:00,432.99,28.07,76.71,1.84,0.88,2,0,478.5,504.15
08-12-2021 02:00,518.33,22.8,36.31,1.65,0.39,3,0,490.92,504.94
08-12-2021 03:00,535.15,40.09,39.84,7.7,0.01,3,0,492.61,504.97
08-12-2021 08:00,444.61,19.73,78.21,10.06,0.24,3,0,495.8,504.36
08-12-2021 11:00,450.46,28.82,78.9,6.36,0.29,3,0,499.94,504.51
08-12-2021 12:00,429.16,26.37,60.8,4.49,0.11,3,0,497.83,504.34
08-12-2021 17:00,568.56,21.56,34.34,1.93,0.09,3,0,496.78,504.47
08-12-2021 19:00,461.11,20.36,56.94,8.77,0.04,3,0,495.08,504.62
09-12-2021 08:00,463.34,31.57,69.02,12.57,0.08,4,0,508.9,505.42
09-12-2021 18:00,510.67,18.36,69.08,5.27,0.04,4,0,510.79,505.1
09-12-2021 21:00,538.18,18.78,67.14,14.79,0.07,4,0,514.71,504.89
09-12-2021 22:00,580.9,24.73,57.07,5.23,0.21,4,0,517.14,505.15
10-12-2021 02:00,525.05,22.26,74.07,10.07,0.13,5,0,509.13,505.44
10-12-2021 11:00,419.62,12.37,43.18,10.91,0.15,5,0,510.97,506.32
10-12-2021 15:00,531.47,23.93,40.04,10.37,0.39,5,0,517.57,507.3
10-12-2021 19:00,493.4,26.53,69.66,10.19,0.08,5,0,515,508
10-12-2021 20:00,505.52,16.19,42.45,6.3,0.08,5,0,515.33,508.18
10-12-2021 23:00,463.57,27.38,40.16,1.58,0.1,5,0,515.65,508.11
11-12-2021 03:00,364.76,25.88,65.9,4.86,0.03,6,1,499.7,507.31
11-12-2021 12:00,547.1,24.25,34.62,0.99,0.03,6,1,502.18,507.19
11-12-2021 20:00,574.37,22.09,87.79,8.11,0.22,6,1,500.45,508.52
11-12-2021 22:00,434.3,16.53,81.5,4.8,0.27,6,1,495.5,508.47
12-12-2021 13:00,454.09,23.85,46.19,2.88,0.03,7,1,492.33,508.46
12-12-2021 14:00,510.51,22.83,69.83,7.17,0.04,7,1,491.69,508.57
12-12-2021 17:00,464.96,15.45,58.67,14.53,0.07,7,1,492.83,508.84
12-12-2021 19:00,471.93,29.03,51.99,9.99,0.16,7,1,491.48,508.81
12-12-2021 21:00,427.82,20.87,65.18,12.09,0.82,7,1,484.56,508.58
13-12-2021 05:00,490.11,27.84,51.52,1.65,0.05,1,0,483.42,506.55
13-12-2021 11:00,467.99,18.23,83.9,11.83,0.64,1,0,473.39,504.73
13-12-2021 15:00,578.29,29.44,84.13,6.79,0.3,1,0,476.63,505.3
14-12-2021 00:00,405.95,22.76,65.79,2.34,0.14,2,0,485.96,507.55
14-12-2021 01:00,512.47,32.77,42.93,14.74,0.12,2,0,488.31,507.94
14-12-2021 02:00,515.5,18.23,45.52,1.51,0.08,2,0,490.93,507.69
14-12-2021 05:00,449.15,26.28,69.36,10.36,0.05,2,0,491.42,507.27
14-12-2021 06:00,491.68,26.95,53.74,7.01,0.41,2,0,493.87,507.23
14-12-2021 09:00,466.78,26.97,41.14,7.33,0.04,2,0,502.48,508.25
14-12-2021 12:00,630.72,15.6,87.48,2.82,0.3,2,0,508.43,509.46
14-12-2021 17:00,460.45,29.62,49.74,10.13,0.08,2,0,513.96,510.53
15-12-2021 00:00,501.93,30.53,74.96,5.17,0.19,3,0,514.4,511.19
15-12-2021 01:00,555.72,19.16,47.63,4.31,0.34,3,0,516.2,511.39
15-12-2021 06:00,462.24,22.93,81.02,12.53,0.54,3,0,512.71,510.15
15-12-2021 14:00,565.49,15.4,62.07,11.07,0.29,3,0,500.98,510.29
15-12-2021 15:00,551.71,37.57,46.49,3.01,0.08,3,0,497.17,510.99
15-12-2021 17:00,456.76,10.84,89.97,3.66,0.14,3,0,493.57,510.06
15-12-2021 23:00,529.26,32.67,86.56,5.78,0.08,3,0,489.93,509.49
16-12-2021 06:00,510.99,40.52,37.39,14.04,0.59,4,0,495.2,508.46
16-12-2021 08:00,417.14,27.7,78.68,12.73,0.43,4,0,500.88,507.77
16-12-2021 10:00,591.13,25.42,64.47,4.62,0.04,4,0,499.28,508.58
16-12-2021 14:00,551.74,19.09,48.82,4.89,0.27,4,0,504,509.62
16-12-2021 23:00,444.53,25.82,59.5,13.23,0.09,4,0,503.52,508.75
17-12-2021 01:00,483.16,21.66,65.04,6.82,0.28,5,0,500.35,507.64
17-12-2021 02:00,499.71,11.22,48.18,14.84,0.11,5,0,502.9,507.48
17-12-2021 04:00,503.51,23.5,62.63,4.06,0.15,5,0,506.49,508.46
17-12-2021 07:00,637.88,19.56,66.47,11.98,0.47,5,0,501.27,507.36
17-12-2021 08:00,506.77,22.29,33.81,4.78,0.82,5,0,505,507.29
17-12-2021 15:00,595.92,30.82,43.18,8.28,0.03,5,0,497.01,506.92
18-12-2021 02:00,502.98,21.35,72.04,10.34,0.01,6,1,501.94,507.2
18-12-2021 04:00,581.44,30.6,44.5,9.16,0.06,6,1,501.97,509
18-12-2021 08:00,515.51,30.99,89.11,13.35,0.09,6,1,498.72,507.96
18-12-2021 09:00,502.81,14.72,89.08,8.12,0.41,6,1,496.86,508.01
18-12-2021 10:00,510,26.7,72.77,3.4,0.08,6,1,497.92,507.58
18-12-2021 19:00,601.54,35.23,53.63,0.46,0.08,6,1,509.74,508.49
18-12-2021 22:00,511.34,13.86,63.17,11.83,0.7,6,1,515.3,508.58
18-12-2021 23:00,494.98,33.92,80.61,11.24,0.21,6,1,512.55,508.72
19-12-2021 03:00,510.68,22.31,68.51,5.23,0.19,7,1,515.22,510
19-12-2021 07:00,527.57,32.34,83.57,11.25,0,7,1,517.26,510.03
19-12-2021 19:00,424.58,1.01,58.07,10.9,0.27,7,1,502.5,510.1
20-12-2021 04:00,462.08,5.96,67.73,12.42,0.36,1,0,500.44,512.35
20-12-2021 12:00,517.03,20.73,41.57,6.23,0.33,1,0,499.47,514.45
20-12-2021 15:00,533.13,21.9,57.45,12.97,0.43,1,0,501.32,514.21
20-12-2021 16:00,473.27,27.26,33.54,3.9,0.26,1,0,502.45,514.15
20-12-2021 21:00,479.63,33.11,77.7,10.43,0.13,1,0,501.77,512.85
21-12-2021 02:00,533.77,19.2,87.61,3.87,0.02,2,0,498.31,513.19
21-12-2021 07:00,520.42,6.44,50.47,6.06,0.2,2,0,498.63,513.67
21-12-2021 10:00,354.95,32.86,88.24,9.88,0.02,2,0,485.1,512.44
21-12-2021 13:00,570.11,31.49,65.8,5.88,0.48,2,0,488.94,511.26
22-12-2021 00:00,378.19,24.06,71.47,0.97,0.04,3,0,486.34,508.59
22-12-2021 01:00,485.4,30.18,47.95,9.01,0.14,3,0,482.45,508.16
22-12-2021 06:00,533.3,14.81,68.23,7.75,0.07,3,0,485.95,509.99
22-12-2021 11:00,448.79,18.36,35.87,7.44,0.61,3,0,491.23,509.99
22-12-2021 14:00,476.86,29.91,63.25,14.36,0.29,3,0,488.95,509.55
23-12-2021 01:00,479.64,25.63,59.45,13.8,0.19,4,0,498.85,509.66
23-12-2021 03:00,524.9,27.91,79.56,9.05,0.76,4,0,497.79,510.11
23-12-2021 07:00,507.87,28.02,88.34,1.97,0.26,4,0,493.9,509.54
23-12-2021 09:00,515.37,20.99,58.29,10.52,0.08,4,0,495.61,510.28
23-12-2021 13:00,555.34,25.42,33.23,4.36,0.12,4,0,500.7,509.52
23-12-2021 15:00,491.34,26.86,41.82,13.21,0.18,4,0,501.04,508.76
23-12-2021 19:00,536.7,25.13,35.29,12.6,0.31,4,0,500.58,509.03
23-12-2021 20:00,428.8,15.39,73.08,9.41,0.13,4,0,496.75,509.09
23-12-2021 23:00,520.5,18.84,77.09,3.33,0.17,4,0,498.01,509.2
24-12-2021 05:00,590.42,23.89,39.22,3.85,0.31,5,0,497.98,509.78
24-12-2021 17:00,424.32,27.74,33.07,11.68,0.25,5,0,494.99,509.06
24-12-2021 19:00,436.88,27.79,65.46,7.03,0.04,5,0,494.43,508.44
24-12-2021 21:00,506.42,7.46,46.54,13.52,0.22,5,0,497.89,508.89
25-12-2021 04:00,582.1,16.52,86.03,12.09,0.11,6,1,505.75,509.12
25-12-2021 10:00,521.83,29.01,55.42,1.14,0.29,6,1,497.96,509.64
25-12-2021 11:00,561.58,27.27,66.02,14.19,0.11,6,1,503.49,510.28
25-12-2021 17:00,536.96,15.54,70.5,12.17,0.06,6,1,505.56,508.5
26-12-2021 01:00,495.06,22.24,72.44,10.82,0.02,7,1,507.36,507.44
26-12-2021 07:00,438.07,25.45,50.49,14.88,0.31,7,1,491.55,505.97
26-12-2021 13:00,553.93,30.83,57.14,5.68,0.03,7,1,490.03,505.37
26-12-2021 16:00,521.08,24.83,32.17,11.85,0.04,7,1,489.9,505.15
26-12-2021 22:00,506.14,10.68,42.53,0.56,0.05,7,1,467.22,503.4
26-12-2021 23:00,495.58,34.2,38.84,5.63,0.22,7,1,467.58,503.29
27-12-2021 06:00,451.63,24.67,83.73,4.37,0.2,1,0,474.2,502.62
27-12-2021 07:00,512.95,28.18,59.57,10.72,0,1,0,477.32,502.36
27-12-2021 08:00,540.35,22.17,81.91,6.01,0.34,1,0,479.39,502.43
27-12-2021 09:00,511.88,22.39,44.35,0.83,0.07,1,0,478.77,501.92
27-12-2021 12:00,599.26,21.31,40.08,12.71,0.01,1,0,485.2,502.63
27-12-2021 13:00,504.81,23.3,61.22,1.98,0.04,1,0,483.16,502.68
28-12-2021 01:00,482.75,29.27,58.68,12.97,0.03,2,0,495.75,502.63
28-12-2021 03:00,548.15,30.15,79.87,9.19,0.17,2,0,499.92,501.84
28-12-2021 07:00,424.2,26.66,64.46,14.16,0.22,2,0,496.85,502.1
28-12-2021 08:00,511.45,12.92,79.78,2.77,0.02,2,0,495.64,502.49
28-12-2021 10:00,451.86,23.13,37.02,10.16,0.46,2,0,492.39,502.93
28-12-2021 14:00,531.11,21.64,74.38,7.7,0.04,2,0,497.48,504.22
28-12-2021 16:00,489.22,6.24,35.07,5.97,0.01,2,0,497.99,504.25
28-12-2021 17:00,454.77,16.82,53.32,3.64,0.15,2,0,496,504.16
28-12-2021 19:00,545.43,25.35,43.7,5.71,0.17,2,0,498.71,504.74
29-12-2021 03:00,564.26,23.36,50.18,10.41,0.1,3,0,513.7,506.91
29-12-2021 05:00,458.93,30.22,56.96,4.25,0.19,3,0,507.65,505.93
29-12-2021 12:00,446.66,25.31,52.16,0.42,0.07,3,0,507.41,506.29
29-12-2021 19:00,499.45,20.53,70.51,1.08,0.08,3,0,504.02,506.35
29-12-2021 20:00,514.86,31.84,76.46,9.51,0.39,3,0,500.84,506.31
30-12-2021 02:00,505.58,34.96,42.84,4.98,0.23,4,0,495.69,506.36
30-12-2021 21:00,460.98,32.63,39.68,3.58,0.1,4,0,498.09,506.09
31-12-2021 01:00,534.4,20.25,71.05,5.95,0.07,5,0,499.1,505.99
31-12-2021 16:00,604.03,37.08,55.86,13.4,0.14,5,0,490.58,505.1
31-12-2021 18:00,517.41,12.05,60.5,13.75,0.04,5,0,494.42,505.45
01-01-2022 01:00,491.53,26.62,55.07,0.27,0.14,6,1,498.03,506.61
01-01-2022 04:00,563.38,10.85,69.22,0.13,0.12,6,1,506.49,505.77
01-01-2022 05:00,553.63,13.74,81.9,9.29,0.44,6,1,511.57,506.01
01-01-2022 10:00,499.44,32.62,68.38,10.58,0,6,1,515.75,506.02
01-01-2022 11:00,466.39,28.26,45.63,1.51,0.03,6,1,511.04,505.44
02-01-2022 03:00,534.1,25.98,67.41,5.9,0.04,7,1,496.88,505.6
02-01-2022 06:00,522.49,31.26,68.03,13.27,0.13,7,1,489.52,505.78
02-01-2022 19:00,498.87,14.36,51.26,4.36,0.09,7,1,490.3,507.52
02-01-2022 20:00,419.1,21.91,55.65,0.41,0.04,7,1,490.1,507.81
03-01-2022 04:00,534.27,37.04,47.42,6.81,0.06,1,0,495.65,508.69
03-01-2022 15:00,465.27,15.81,31.32,8.77,0.8,1,0,484.25,505.48
03-01-2022 17:00,560.74,32.95,63.99,0.11,0.07,1,0,484.25,506.32
04-01-2022 04:00,551.33,28.34,82.8,4.89,0.23,2,0,493.51,507.83
04-01-2022 07:00,456.89,24.7,40.49,1.92,0.01,2,0,501.22,508.41
04-01-2022 16:00,431.52,21.81,80.95,6.53,0,2,0,502.67,506.65
04-01-2022 23:00,464.46,28.92,80.77,14.86,0.07,2,0,497.15,507.18
05-01-2022 12:00,384.91,26.34,57.29,4.75,0.06,3,0,487.06,505.03
05-01-2022 20:00,575.35,18.77,35.97,3.78,0.21,3,0,483.79,503.86
06-01-2022 00:00,449.63,27.67,61.36,2.59,0.37,4,0,484.14,503.65
06-01-2022 06:00,490.46,37.68,73.92,11.75,0.02,4,0,477.69,502.52
06-01-2022 09:00,554.57,25.88,54.91,3.11,0.23,4,0,481.31,502.65
06-01-2022 13:00,542.1,24.16,62.77,5.12,0.04,4,0,481.78,501.26
06-01-2022 20:00,512.59,22.35,58.79,5.27,0.1,4,0,490.29,502.7
07-01-2022 23:00,521.13,24.79,87.17,3.27,0.12,5,0,496.55,503.42
08-01-2022 06:00,496.12,40.88,84.14,7.78,0.1,6,1,497.27,501.31
08-01-2022 10:00,438.9,7.66,73.19,6.95,0.01,6,1,492.32,501.1
08-01-2022 11:00,559.19,22.31,87.8,7.78,0.16,6,1,497.25,501.66
08-01-2022 12:00,552.13,25.29,52.75,7.07,0.14,6,1,495.11,502.26
09-01-2022 03:00,501.93,20.29,57.16,8.73,0.09,7,1,498.42,502.63
09-01-2022 05:00,420.16,32.88,59.6,3.34,0.83,7,1,494.3,502.16
09-01-2022 08:00,515.32,20.15,50.1,11.17,0.16,7,1,490.86,501.46
09-01-2022 10:00,497.74,17.58,66.82,8.61,0.95,7,1,498.64,502.21
09-01-2022 20:00,544.83,28.91,50.13,1.95,0.14,7,1,494.35,503.63
10-01-2022 17:00,571.31,26.72,88.62,6.02,0.36,1,0,486.16,502.75
11-01-2022 02:00,462.58,14.52,30.3,9.89,0.16,2,0,480.73,501.78
11-01-2022 09:00,452.53,35.85,35.92,0.54,0.27,2,0,491.99,501.62
12-01-2022 08:00,473.02,16.8,46.49,8.09,0.17,3,0,489.52,502.12
12-01-2022 13:00,488.82,30.56,49.78,3.18,0.1,3,0,482.09,501.64
12-01-2022 23:00,505.97,26.86,86.56,3.64,0.06,3,0,476.57,501.24
13-01-2022 02:00,535.83,34.62,74.4,8.56,0.01,4,0,479.33,501.69
13-01-2022 05:00,448.9,20.81,86.13,14.29,0.12,4,0,477.76,501.77
13-01-2022 08:00,506.61,33.31,80.3,3.78,0.23,4,0,478.51,502.11
13-01-2022 22:00,536.46,25.01,49.36,2.91,0.18,4,0,496.99,501.59
13-01-2022 23:00,538.2,21.07,44.08,13.46,0.34,4,0,498.33,501.69
14-01-2022 08:00,573.46,35.48,77.75,7.59,0.18,5,0,493.6,502.05
14-01-2022 13:00,451.22,25.09,35.34,14.41,0.12,5,0,495.28,500.96
14-01-2022 16:00,537.21,19.06,89.75,1.52,0.1,5,0,491.47,502.04
14-01-2022 18:00,547.42,15.76,86.63,7.44,0.07,5,0,490.82,501.36
15-01-2022 02:00,529.89,27.64,42.34,12.96,0.29,6,1,503.85,501.83
15-01-2022 03:00,508.91,24.85,39.74,3.21,0.26,6,1,506.55,502.82
15-01-2022 07:00,438.82,13.34,78.19,4.23,0.04,6,1,506.77,502.84
15-01-2022 08:00,488.19,28.67,55.57,7.21,0.02,6,1,503.22,502.59
15-01-2022 15:00,484.1,29.45,39.22,12.42,0.21,6,1,498.81,501.14
15-01-2022 20:00,558.04,29.3,46.41,7.54,0.27,6,1,493.22,500.82
16-01-2022 00:00,466.63,27.98,51.87,10.34,0.07,7,1,491.61,501.11
16-01-2022 07:00,520.63,31.8,45.15,8.38,0.05,7,1,496.61,503.59
16-01-2022 13:00,497.68,24.65,62.17,14.19,0.11,7,1,502.51,502.63
16-01-2022 21:00,386.94,37.91,63.45,5.23,0.05,7,1,494.29,500.95
17-01-2022 03:00,536.3,29.87,57.77,5.75,0.04,1,0,493.56,500.92
17-01-2022 22:00,530.22,19.41,87.55,4.36,0.18,1,0,505.52,503.98
18-01-2022 00:00,512.16,24.29,82.6,2.77,0.33,2,0,508.25,503.9
18-01-2022 13:00,546.65,29.18,61.38,9.29,0.23,2,0,497.48,503.55
18-01-2022 14:00,459.27,21.46,43.17,9.03,0.03,2,0,499.58,503.87
18-01-2022 20:00,463.13,22.09,43,3.48,0.7,2,0,497.09,503.94
19-01-2022 04:00,546.51,14.59,72.17,10.31,0.22,3,0,500.61,505.3
19-01-2022 09:00,495.33,25.8,80.22,10.03,0.06,3,0,511.85,506.78
19-01-2022 14:00,548.49,21.16,79.56,12.14,0.26,3,0,509.99,507.96
19-01-2022 20:00,535.42,22.47,30.35,13.96,0.81,3,0,518.28,508.6
19-01-2022 23:00,570.1,22,44.45,12.88,0.49,3,0,514.26,509.67
20-01-2022 10:00,502.65,28.51,48.09,8.47,0.2,4,0,506.2,510.99
20-01-2022 12:00,624.01,21.19,76.44,8.41,0.42,4,0,517.12,511.65
21-01-2022 01:00,521.32,27.11,40.81,13.73,0.03,5,0,512.2,511.82
21-01-2022 05:00,436.72,24.64,38.19,4.82,0.35,5,0,505.1,512.08
21-01-2022 07:00,448.38,29.77,74.04,5.68,0.24,5,0,500.81,512.05
21-01-2022 08:00,444.51,33.59,46.56,11.27,0.02,5,0,497.77,511.26
21-01-2022 12:00,473.34,9.12,65.35,0.07,0.04,5,0,496.84,511.72
21-01-2022 13:00,486.49,31.53,76.75,11.53,0.42,5,0,495.95,511.93
21-01-2022 14:00,514.88,30.41,37.24,14.84,0.08,5,0,495.42,511.92
21-01-2022 16:00,525.43,14.76,75.88,12.14,0.14,5,0,492.03,511.73
21-01-2022 22:00,625.01,25.66,45.62,14.77,0.24,5,0,502.97,511.87
22-01-2022 03:00,532.47,24.38,40.79,1.76,0.2,6,1,491.67,510.76
22-01-2022 13:00,512.04,20.68,47.83,2.14,0.16,6,1,504.73,513.02
22-01-2022 18:00,473.49,26.7,88.88,10.44,0.03,6,1,508.94,514.08
22-01-2022 19:00,554.33,17.62,74.77,11.75,0.07,6,1,510.63,514.06
22-01-2022 20:00,539.9,32.22,33.2,10.38,0.25,6,1,511.4,513.95
23-01-2022 08:00,462.45,20.17,85.64,10.92,0.15,7,1,499.58,511.64
24-01-2022 17:00,598.14,27.27,52.12,6.48,0.08,1,0,509.56,513.72
24-01-2022 22:00,544.25,14.75,74.21,8.99,0.11,1,0,509.68,513.69
24-01-2022 23:00,444.28,12.33,34.08,3.45,0.17,1,0,504.52,513.54
25-01-2022 02:00,540.54,23.53,80.01,10.23,0.11,2,0,503.99,512.79
25-01-2022 04:00,439.73,35.27,31.27,0.08,0.06,2,0,498.16,511.87
25-01-2022 07:00,563.07,22.09,77.3,4.44,0.39,2,0,501.51,513.25
25-01-2022 15:00,489.51,9.29,33.55,14.88,0.08,2,0,509.57,514.58
25-01-2022 21:00,479.19,35.47,73.95,12.5,0.13,2,0,505.75,514.51
25-01-2022 22:00,422.9,19.55,81.53,2.88,0.12,2,0,500.69,514.01
26-01-2022 02:00,420.74,27.36,73.89,3.57,0.26,3,0,502.96,512.84
26-01-2022 04:00,524.02,19.2,51.14,8.87,0.44,3,0,506.31,512.7
26-01-2022 08:00,539.37,27.26,45.39,8.54,0.16,3,0,513.75,512.93
26-01-2022 14:00,469.23,35.19,83.95,4.2,0.06,3,0,500.86,512.83
26-01-2022 15:00,490.97,19.63,54.29,5.36,0.11,3,0,500.92,513
26-01-2022 22:00,514.73,24.44,79.58,0.8,0.21,3,0,500.93,512.17
26-01-2022 23:00,366.61,29.02,64.89,8.9,0.09,3,0,494.46,510.93
27-01-2022 01:00,523.15,15,56.57,2.62,0.25,4,0,493.58,511.42
27-01-2022 10:00,500.68,23.72,45.02,4.13,0.54,4,0,476.4,508.41
27-01-2022 12:00,551.16,36.7,82.78,7.86,0.1,4,0,479.34,508.25
27-01-2022 23:00,451.92,34.42,85.24,13.22,0.33,4,0,476.73,506.32
28-01-2022 04:00,532.51,27.92,53.31,8.81,0.43,5,0,495.65,508.17
28-01-2022 10:00,519.38,27.64,59.27,3.35,0.28,5,0,506.32,509.84
28-01-2022 11:00,468.18,31.79,89.81,2.69,0.06,5,0,504.92,508.96
28-01-2022 18:00,508.61,23.13,36.43,11.7,0.05,5,0,509.74,509.51
28-01-2022 19:00,507.08,30.27,70.64,11.18,0.09,5,0,511.5,509.47
29-01-2022 02:00,532.96,20.46,69.94,2.61,0.9,6,1,515.95,510.5
29-01-2022 13:00,515.7,26.14,47.57,9.64,0.15,6,1,513.71,509.97
29-01-2022 16:00,507.6,25.39,50.02,3.42,0.06,6,1,508.86,509.55
30-01-2022 02:00,503.42,34.88,61.58,14.02,0.63,7,1,499.33,509.04
30-01-2022 03:00,491.7,27.06,50,12.1,0.21,7,1,497.01,509.08
30-01-2022 04:00,486.73,19.68,43.47,1.93,0.01,7,1,498.03,508.96
30-01-2022 07:00,442.8,27.86,51.9,6.77,0.32,7,1,498.33,509.51
30-01-2022 19:00,461.69,25.89,85.34,3.37,0.22,7,1,485.66,508.88
30-01-2022 21:00,475.41,11.98,54.13,5.1,0.44,7,1,485.73,508.49
30-01-2022 23:00,502.45,35.65,38.37,0.43,0.24,7,1,488.01,508.66
31-01-2022 02:00,491.02,20.32,49.69,13.48,0.01,1,0,491.72,509.14
31-01-2022 04:00,525.08,43.85,78.89,8.43,0.42,1,0,493.42,508.87
31-01-2022 05:00,622.3,21.73,45.72,3.32,0.05,1,0,498.05,509.95
31-01-2022 07:00,502.09,39.38,55.83,12.38,0.2,1,0,497.35,509.45
31-01-2022 13:00,475.53,24.26,81.36,10.28,0.12,1,0,495.62,508.56
31-01-2022 21:00,538.5,17.13,71.13,6.6,0.12,1,0,502.89,508.21
31-01-2022 22:00,543.11,23.53,46.64,1.54,0.18,1,0,503.81,508.2
01-02-2022 04:00,560.96,18.49,40.61,1.08,0.26,2,0,502.05,509.44
01-02-2022 08:00,477.62,19.76,87.14,14.27,0.54,2,0,508.11,510.32
01-02-2022 09:00,514.08,14.72,34.95,2.64,0.02,2,0,508.74,509.73
01-02-2022 11:00,460.94,33.61,81.83,9.19,0.23,2,0,505.97,508.43
01-02-2022 15:00,513.08,30.28,32.62,11.46,0.04,2,0,505.79,508.4
01-02-2022 18:00,507.43,28.21,52.82,13.3,0.02,2,0,506.83,508.32
01-02-2022 21:00,534.31,17.44,72.08,3.09,0,2,0,505.26,508.14
02-02-2022 05:00,435.45,13.17,52.64,12.78,0.08,3,0,494.39,507.68
02-02-2022 09:00,445.62,29.63,61.42,2.81,0.6,3,0,485.83,506.26
02-02-2022 11:00,534.87,27.93,69.59,14.43,0.1,3,0,493.89,507.39
02-02-2022 12:00,457.48,28.47,82.68,0.57,0.1,3,0,493.59,506.95
02-02-2022 13:00,448.26,30.88,81.66,11.41,0.21,3,0,491.31,506.79
02-02-2022 14:00,377.48,29.23,32.32,3.17,0.27,3,0,487.02,506.24
02-02-2022 15:00,573.56,22.81,33.29,4.18,0.31,3,0,489.54,506.74
02-02-2022 18:00,490.42,32.66,34.23,3.47,0.25,3,0,492.49,507.19
02-02-2022 20:00,544.56,27.31,68.17,8.35,0.17,3,0,495.41,507.17
02-02-2022 23:00,500.12,37.29,51.01,4.5,0.01,3,0,495.13,509.05
03-02-2022 05:00,478.5,35.29,59.2,5.03,0.23,4,0,502.31,510.73
03-02-2022 12:00,541.66,26.43,64.12,10.09,0.13,4,0,516.59,512.38
03-02-2022 13:00,553.19,36.6,36.41,6.83,0.16,4,0,520.96,512.76
03-02-2022 20:00,541.45,20.84,80.62,7.74,0.23,4,0,523.28,514.42
04-02-2022 01:00,497.48,20.35,30.48,3.13,0.19,5,0,522.07,515.05
04-02-2022 05:00,531.76,29.27,74.99,8.7,0.21,5,0,516.05,512.8
04-02-2022 08:00,416.79,25.68,79.56,11.32,0.05,5,0,509.85,512.3
04-02-2022 09:00,506.17,24.78,58.35,0.63,0.36,5,0,508.69,512.42
04-02-2022 10:00,425.37,8.57,65.02,7.25,0.13,5,0,504.31,511.85
04-02-2022 13:00,552.49,30.05,40.98,12.05,0.04,5,0,495.46,512.17
04-02-2022 19:00,568.22,31.49,32.86,1.24,0.21,5,0,490.04,511.37
05-02-2022 00:00,419.03,24.89,77.7,8.58,0.12,6,1,490.64,511.26
05-02-2022 03:00,480.74,35.86,32.81,6.56,0.02,6,1,493.03,510.05
05-02-2022 09:00,544.37,36.92,68.35,1.88,0.04,6,1,493.81,510.7
05-02-2022 10:00,486.91,11.49,62.94,3.86,0.09,6,1,496.38,510.5
05-02-2022 12:00,525.41,30.23,52.67,8.08,0.15,6,1,503.45,510.45
05-02-2022 22:00,453.93,33.86,73.64,12.37,0.15,6,1,485.58,508.91
06-02-2022 02:00,617.68,26.23,67.21,11.5,0.3,7,1,496.48,510.04
06-02-2022 05:00,428.01,27.98,62.9,8.72,0.17,7,1,496.68,509.85
06-02-2022 07:00,548.58,34.56,61.3,10.8,0.02,7,1,495.87,510.31
06-02-2022 08:00,510.5,29,57.12,0.64,0.12,7,1,499.15,510.45
06-02-2022 10:00,497.41,17.33,43.74,1.07,0.4,7,1,498.03,511.13
06-02-2022 12:00,430.81,18.92,42.47,8.5,0.01,7,1,490.25,510.07
06-02-2022 15:00,551.51,33.94,87.7,1.87,0.06,7,1,499.4,510.77
06-02-2022 21:00,470.67,27.56,47.85,0.65,0.1,7,1,503.08,511.68
06-02-2022 23:00,498.4,20.23,40.77,6.98,0.45,7,1,502.77,511.27
07-02-2022 11:00,389.35,11.78,65.41,0.62,0.15,1,0,506.97,512
07-02-2022 18:00,505.32,21.8,32.62,13.36,0.67,1,0,503.3,512.32
07-02-2022 20:00,475.56,12.61,84.5,12.45,0.01,1,0,501.65,511.92
08-02-2022 04:00,573.82,29.41,59.97,1.61,0.05,2,0,502.16,510.6
08-02-2022 06:00,563.85,25.96,54.03,12.82,0.02,2,0,502.74,510.55
08-02-2022 10:00,460.43,18.51,68.96,11.32,0.06,2,0,495.62,510.92
08-02-2022 14:00,513.9,20.74,69.02,9.15,0.41,2,0,502.91,511.36
08-02-2022 15:00,537.09,44.97,66.71,10.38,0.37,2,0,506.01,511.51
08-02-2022 18:00,388.55,41.64,75.07,8.05,0.09,2,0,494.95,510.59
08-02-2022 22:00,543.47,1.85,66.6,14.97,0.03,2,0,501.49,510.09
09-02-2022 04:00,474.55,20.88,59.97,14.22,0.47,3,0,502.8,510.88
09-02-2022 16:00,500.28,30.64,86.37,10.8,0.11,3,0,503.85,513.3
10-02-2022 04:00,574.02,18.86,55.93,6.19,0.43,4,0,514.78,512.96
10-02-2022 07:00,521.96,23.1,52.06,4.18,0.23,4,0,509.39,512.63
10-02-2022 12:00,390.37,19.92,55.56,0.75,0.21,4,0,507.82,510.63
10-02-2022 13:00,501,13.47,78.72,4.24,0.24,4,0,507.76,510.32
10-02-2022 15:00,592.88,4.05,34.96,2.77,0.3,4,0,505.85,509.67
10-02-2022 20:00,610.86,21.98,41.89,11.02,0.26,4,0,506.03,510.49
11-02-2022 02:00,410.85,27.29,50.88,8.18,0.38,5,0,499.18,509.47
11-02-2022 04:00,459.77,20.12,43.37,8.88,0.52,5,0,493.26,509.96
11-02-2022 16:00,528.49,33.7,89.75,0.27,0.02,5,0,493.1,510.61
11-02-2022 19:00,463.26,21.98,66.62,1.5,0.01,5,0,495.62,510.88
12-02-2022 00:00,505.75,17.58,34.34,0.83,0.34,6,1,494.47,510.57
12-02-2022 01:00,428.29,39.07,47.71,13.46,0.18,6,1,493.79,510.39
12-02-2022 07:00,511.26,20.81,72.43,8.9,0.16,6,1,501.48,511.17
12-02-2022 12:00,561.46,21.35,68.02,7.04,0.1,6,1,505.97,511.08
12-02-2022 16:00,571.23,31.97,84.19,2.6,0.19,6,1,505.02,511.51
12-02-2022 20:00,505.41,22.4,73.91,8.66,0.42,6,1,508.51,512.78
12-02-2022 22:00,476.19,17.51,44.26,3.18,0.19,6,1,501.53,512.73
13-02-2022 00:00,604.14,22.97,76.29,7.81,0.2,7,1,511.35,513.42
13-02-2022 11:00,538.02,19.34,44.68,12.24,0.46,7,1,507.67,512.82
13-02-2022 12:00,488.54,24.46,32.61,11.19,0.28,7,1,504.63,513.17
13-02-2022 13:00,491.75,28.5,48.73,6.74,0.46,7,1,505.31,512.77
13-02-2022 21:00,554.21,13.67,51.94,0.08,0.07,7,1,506.78,513.14
14-02-2022 07:00,482.54,28.52,56.82,7.82,0.22,1,0,505.55,512.53
14-02-2022 08:00,509.36,26.31,38.75,2.56,0.17,1,0,505.69,512.36
14-02-2022 21:00,565.4,30.15,64.95,1.62,0.07,1,0,501.56,513.32
15-02-2022 04:00,574.33,26.75,45.86,7.84,0.02,2,0,510.38,515.07
15-02-2022 08:00,472.54,18.46,56.95,8.1,0.37,2,0,511.11,514.25
15-02-2022 10:00,522.85,40.84,69.68,3.35,0.44,2,0,510.49,514.14
16-02-2022 03:00,509.86,13.41,38.47,3.57,0.05,3,0,498.51,513.84
16-02-2022 12:00,409.21,20.6,78.39,9.27,0.15,3,0,499.74,514.31
16-02-2022 16:00,463.79,29.31,89.98,3.61,0.05,3,0,499.98,512.92
16-02-2022 18:00,433.33,32.48,46.39,3.92,0.37,3,0,495.89,512.23
16-02-2022 21:00,468.79,20.96,38.31,1.8,0.19,3,0,493.72,511.82
17-02-2022 02:00,582.39,27.96,37.69,11.23,0.03,4,0,501.59,512.81
17-02-2022 09:00,444.46,23.76,77.05,12.03,0.25,4,0,489.98,511.73
17-02-2022 13:00,475.61,26.31,52.7,3.64,0.11,4,0,490.17,511.71
17-02-2022 15:00,574.97,21.49,48.67,3,0.09,4,0,495.12,511.58
17-02-2022 21:00,476.18,24.93,37.74,9.55,0.15,4,0,504.28,511.22
18-02-2022 06:00,536.51,21.33,88.33,9.84,0.01,5,0,496.98,512.49
18-02-2022 09:00,522.29,12.16,42.23,10.59,0.15,5,0,503.45,512.9
18-02-2022 12:00,498.15,24.83,39.21,10.87,0.26,5,0,500.58,512.53
18-02-2022 14:00,492.88,28.23,82.69,8.17,0.1,5,0,502.35,512.39
18-02-2022 15:00,465.34,25.62,59.92,6.98,0.48,5,0,497.78,512.29
18-02-2022 16:00,546.03,13.64,41.57,4.03,0.21,5,0,495.19,512.39
18-02-2022 20:00,550.59,23.5,67.82,4.71,0.54,5,0,492.59,511.84
19-02-2022 00:00,408.24,31.51,64.13,5.53,0.01,6,1,490.55,511.14
19-02-2022 02:00,412.86,28.58,34.1,6.12,0.09,6,1,490.36,510.76
19-02-2022 12:00,481.73,45,62.37,4.7,0.21,6,1,493.15,510.66
19-02-2022 13:00,433.2,10.01,48.9,2.71,0.01,6,1,489.92,510.4
19-02-2022 15:00,525.02,33.22,75.39,9.87,0.27,6,1,495.29,511.13
19-02-2022 17:00,512.23,25.9,65.67,3.9,0.22,6,1,495.72,510.19
19-02-2022 19:00,505.6,17.18,79.45,3.89,0.25,6,1,499.71,510.28
19-02-2022 21:00,551.6,34.71,59.06,3.76,0.34,6,1,501.2,510.89
19-02-2022 22:00,576.86,36.8,67.61,1.16,0.11,6,1,503.49,511.5
20-02-2022 01:00,434.87,25.01,89.68,1.88,0.17,7,1,501.01,509.52
20-02-2022 03:00,453.26,26.83,79.28,11.47,0.19,7,1,500.52,509.23
20-02-2022 07:00,473.81,32.4,46.26,14.26,0.11,7,1,501.9,509.95
20-02-2022 08:00,498.37,22.02,83.16,4.61,0.05,7,1,499.34,509.9
20-02-2022 13:00,408.08,23.02,84.93,1.48,0.04,7,1,493.72,508.71
20-02-2022 16:00,418.3,25.29,59.63,4.7,0.05,7,1,490.02,508.2
21-02-2022 18:00,500.06,22.29,42.87,6.9,0.13,1,0,494.6,507.48
21-02-2022 20:00,452.35,39.42,87.69,14.09,0.05,1,0,494.45,507.32
21-02-2022 21:00,443.56,39.65,81.14,10.74,0.48,1,0,491.07,506.58
22-02-2022 02:00,427.71,35.75,76.41,3.89,0.17,2,0,487.66,505.47
22-02-2022 04:00,509.41,18,33.35,10.07,0.16,2,0,482.54,504.7
22-02-2022 16:00,549.39,18.78,79.17,12.2,0.29,2,0,494.85,505.67
22-02-2022 22:00,548.82,28.89,67.54,5.7,0.21,2,0,505.76,506.57
23-02-2022 02:00,488.12,38.15,81.29,8.33,0.75,3,0,502.87,506.16
23-02-2022 09:00,416.7,19.81,64.53,10.36,0.07,3,0,500.72,504.78
23-02-2022 10:00,590.24,23.99,78.25,7.71,0.31,3,0,506.36,505.35
23-02-2022 13:00,444.14,23.95,66.37,11.4,0.08,3,0,510.21,505.67
23-02-2022 14:00,552.65,11.36,34.76,9.3,0.02,3,0,507.24,506.36
23-02-2022 15:00,431.52,30.08,61.81,4.52,0.18,3,0,505.34,505.93
23-02-2022 17:00,434.24,20.07,84.85,7.56,0.08,3,0,500.52,505.75
23-02-2022 20:00,518.75,38.51,60.29,12.92,0.02,3,0,497.27,506.58
24-02-2022 01:00,495.16,38.63,30.1,6.33,0.26,4,0,497.64,506.16
24-02-2022 07:00,588.38,30.64,86.39,7.66,0.58,4,0,505.19,506.51
24-02-2022 09:00,589.75,29.51,41.69,8.61,0.09,4,0,512.66,508.09
24-02-2022 13:00,511.77,19.04,81.34,3.41,0.03,4,0,512.77,508.97
24-02-2022 17:00,421.69,26.11,76.81,6.53,0.09,4,0,512.31,507.31
24-02-2022 21:00,509.56,30.06,44.49,2.93,0.05,4,0,504.79,507.15
24-02-2022 23:00,417.97,21.86,68.15,9.04,0.39,4,0,501.17,506.16
25-02-2022 01:00,522.91,23.15,74.16,3.85,0.31,5,0,502.4,507.09
25-02-2022 03:00,528.04,19.84,60.38,9.96,0.06,5,0,504.3,506.98
25-02-2022 04:00,500.49,19.86,87.09,1.91,0.09,5,0,504.8,507.18
25-02-2022 16:00,478.56,36.87,62.58,10.54,0.21,5,0,487.72,506.56
26-02-2022 02:00,435.7,25.48,38.83,3.77,0.14,6,1,492.16,506.96
26-02-2022 11:00,564.36,31.4,57.45,12.38,0.02,6,1,493.25,507.08
26-02-2022 13:00,463.25,22.92,63.72,9.28,0.09,6,1,494.04,507.51
26-02-2022 14:00,515.6,21.99,74.21,4.64,0.13,6,1,497.5,507.23
26-02-2022 15:00,620.93,22.45,42.25,13.62,0.07,6,1,501.03,507.81
26-02-2022 16:00,528.25,24.95,58.82,0.31,0.05,6,1,503.1,508.22
26-02-2022 23:00,641.63,27.5,58.66,5.91,0.24,6,1,515.86,508.09
27-02-2022 01:00,562,15.24,35.25,14.33,0.3,7,1,519.58,509.53
27-02-2022 04:00,531.6,6.17,87.34,5.9,0.06,7,1,521.99,510.71
27-02-2022 06:00,497.48,21.83,71.15,0.25,0.04,7,1,522.45,509.93
27-02-2022 16:00,548.21,26.98,62.11,7.99,0.01,7,1,512.03,511.42
28-02-2022 00:00,581.27,22.53,37.17,5.82,0.15,1,0,507.51,511.76
28-02-2022 06:00,501.36,19.55,47.38,10.04,0,1,0,498.76,510.22
28-02-2022 11:00,457.04,27.65,38.55,7.76,0.06,1,0,490.46,509.71
01-03-2022 09:00,441.85,9.72,70.84,4.99,0.36,2,0,512.7,513.44
01-03-2022 14:00,481.53,20.25,74.06,9.35,0.15,2,0,517.97,514.2
01-03-2022 21:00,554.48,15.58,75.59,4.57,0.07,2,0,514.98,513.88
01-03-2022 23:00,560.05,23.68,88.4,12.36,0.16,2,0,514.93,513.62
02-03-2022 03:00,557.49,25.06,45.46,6.46,0.33,3,0,511.99,514.32
02-03-2022 07:00,634.66,27.21,32.45,8.58,0.26,3,0,513.62,515.32
02-03-2022 09:00,529.85,21.92,43.46,12.45,0.05,3,0,515.83,515.64
02-03-2022 12:00,525.94,19,64.91,12.05,0.51,3,0,506.38,514.16
02-03-2022 21:00,538.77,34.5,55.85,6.78,0.04,3,0,499.88,513.77
03-03-2022 01:00,550.34,25.06,59.14,6.34,0.29,4,0,506.44,514.98
03-03-2022 03:00,466.31,28.62,65.69,0.01,0.05,4,0,503.71,515.31
03-03-2022 11:00,483.02,21.4,81.35,2.61,0.01,4,0,496.77,512.04
03-03-2022 20:00,536,19.67,82,11.82,0.07,4,0,504.53,513.55
04-03-2022 02:00,488.89,30.94,86.31,14.19,0.37,5,0,500.71,515.16
04-03-2022 05:00,480.96,17.35,86.11,0.03,0.17,5,0,507.38,514.95
04-03-2022 11:00,496.36,13.75,57.96,3.11,0.31,5,0,504.31,514.19
04-03-2022 12:00,549.58,28.76,60.55,10.49,0.34,5,0,506.48,514.6
04-03-2022 13:00,517.9,34.08,39.77,10.92,0.05,5,0,511.01,514.8
04-03-2022 14:00,433.31,24.27,45.92,10.16,0.16,5,0,503.59,514.81
04-03-2022 18:00,476.59,17.27,52.12,8.8,0.06,5,0,506.6,515.34
04-03-2022 19:00,486.3,23.2,63.49,3.32,0.08,5,0,502.6,515.45
04-03-2022 20:00,472,40.04,45.37,6.76,0.03,5,0,499.94,515.31
05-03-2022 18:00,453.14,25.02,70.73,1.59,0.4,6,1,492.68,513.68
05-03-2022 21:00,493.82,16.94,79.24,13.68,0.16,6,1,494.09,512.65
06-03-2022 03:00,521.18,33.17,36.33,3.48,0.04,7,1,503.6,511.53
06-03-2022 06:00,550.76,34.88,72.51,7.77,0.67,7,1,503.77,511.9
06-03-2022 15:00,447.61,22.88,71.68,11.22,0.03,7,1,510.6,513.09
06-03-2022 16:00,453.98,22.46,85.01,2.67,0.8,7,1,510.1,512.52
07-03-2022 04:00,475.13,25.23,50.28,4.08,0.01,1,0,508.02,512.35
07-03-2022 05:00,415.09,28.19,87.57,8.54,0.37,1,0,501.88,512.05
07-03-2022 13:00,534.79,17.39,55.79,2.71,0.27,1,0,490.57,512.44
07-03-2022 17:00,443.22,29.69,52.01,9.38,0.39,1,0,483.12,510.88
08-03-2022 02:00,564.42,36.49,36.29,12.49,0.01,2,0,502.06,512.81
08-03-2022 04:00,485.6,11.43,33.84,14.26,0.09,2,0,503.33,512.38
08-03-2022 18:00,444.82,30.05,59.28,6.23,0.18,2,0,507.75,511.03
08-03-2022 19:00,503.09,28.67,86.74,0.08,0.32,2,0,506.18,511.08
08-03-2022 21:00,510.56,25.02,55.04,11,0.24,2,0,502.63,510.31
08-03-2022 23:00,485.22,19.41,48.83,13.76,0.02,2,0,498.33,509.98
09-03-2022 05:00,590.18,23.73,46.37,14.56,0.34,3,0,504.32,510.99
09-03-2022 12:00,553.54,30.96,56.12,5.32,0.05,3,0,507.48,511.1
09-03-2022 15:00,553.74,27.15,47.01,1.54,0.41,3,0,506.63,511.72
09-03-2022 17:00,499.46,17.07,52.52,3.19,0.1,3,0,507.6,512.32
09-03-2022 20:00,442.81,17.58,59.44,12,0.06,3,0,506.3,511.41
10-03-2022 00:00,538.28,22.36,49.61,5.17,0.08,4,0,507.44,510.84
10-03-2022 01:00,557.18,5.39,40.58,6.54,0,4,0,509.09,510.88
10-03-2022 14:00,561.41,14.18,38.27,4.16,0.1,4,0,502.62,511.75
10-03-2022 19:00,546.34,27.22,56.69,13.24,0.08,4,0,500.74,511.43
10-03-2022 21:00,493.57,28.3,84.06,6.51,0.05,4,0,506.72,511.27
11-03-2022 19:00,517.13,20.94,47.14,14.3,0.04,5,0,499.71,511.01
11-03-2022 20:00,534.48,15.69,36.32,14.72,0.07,5,0,500.59,511.38
12-03-2022 03:00,525.32,24.68,80.51,0.59,0.13,6,1,495.2,512.32
12-03-2022 05:00,488.38,33.84,63.79,5.73,0.12,6,1,493.67,511.59
12-03-2022 06:00,563.4,19.87,51.41,5.16,0.04,6,1,496.92,512.01
12-03-2022 08:00,514.77,23.39,79.99,12.86,0.02,6,1,495.91,511.64
12-03-2022 13:00,486.96,11.91,70.98,11.99,0.14,6,1,495.75,512.07
12-03-2022 20:00,499.08,16.67,49.65,13.46,0,6,1,490.48,511.22
12-03-2022 21:00,479.46,19.85,64.6,9.3,0.1,6,1,489.71,511.14
13-03-2022 06:00,465.59,41.81,79.22,0.46,0.22,7,1,496.25,510.91
13-03-2022 08:00,535.17,11.13,87.29,0.07,0.2,7,1,500.17,511.06
13-03-2022 10:00,540.11,14.59,71.56,9.4,0.06,7,1,503.57,511.69
13-03-2022 14:00,510.95,15.5,66.32,3.77,0.29,7,1,507.07,510.44
13-03-2022 17:00,556.09,17.8,64.78,6.34,0.13,7,1,506.33,510.48
14-03-2022 01:00,494.13,18.33,61.46,8.43,0.1,1,0,496.6,509.73
14-03-2022 05:00,509.87,27.47,56.48,14.74,0.55,1,0,498.98,511.01
14-03-2022 11:00,625.23,19.25,70.81,13.37,0.18,1,0,504.77,513.11
14-03-2022 12:00,460.11,18.96,77.53,0.76,0.27,1,0,504.43,513.3
14-03-2022 13:00,494.16,14.64,87.29,7.63,0.08,1,0,506.88,513.05
14-03-2022 18:00,527.07,21.31,44.09,5.14,0.03,1,0,500.9,513.05
15-03-2022 02:00,535.54,38.03,50.34,2.46,0.05,2,0,508.91,511.04
15-03-2022 03:00,530.44,20.86,64.18,9.12,0.44,2,0,510.02,511.11
15-03-2022 04:00,577.85,29.55,57.58,9.75,0.05,2,0,511.86,511.67
15-03-2022 06:00,488.37,30.71,42.08,0.16,0.04,2,0,506.28,511.61
15-03-2022 07:00,455.73,35.17,42.41,11.18,0.12,2,0,501.34,510.83
15-03-2022 20:00,510.23,25.07,78.98,12.77,0.14,2,0,506.72,513.07
16-03-2022 02:00,556.56,29.77,87.7,2.63,0.23,3,0,512.67,513.22
16-03-2022 04:00,456.01,26,71.38,5.77,0.07,3,0,506.12,512.86
16-03-2022 07:00,449.77,21.67,71.23,9.22,0.21,3,0,507.64,511.37
16-03-2022 11:00,467.65,18.68,75.24,6.56,0.17,3,0,503.64,512.28
16-03-2022 17:00,493.4,18.24,86.17,2.55,0.32,3,0,504.4,511.88
17-03-2022 00:00,400.02,15.59,66.99,8.86,0.17,4,0,494.63,511.08
17-03-2022 03:00,512.46,23.96,35.37,6.7,0.06,4,0,489.71,510.25
17-03-2022 04:00,524.56,25.38,76.53,9.5,0.11,4,0,492.57,510.42
17-03-2022 08:00,471.3,12.56,79.1,9.95,0.31,4,0,492.21,510.16
17-03-2022 14:00,499.85,31.14,71.91,8.87,0.67,4,0,496.13,510.84
18-03-2022 01:00,496.06,22.43,39.83,5.41,0.45,5,0,495.61,509.4
18-03-2022 04:00,553.02,25.43,65.91,5.85,0.12,5,0,500.54,510.65
18-03-2022 06:00,476.23,31.25,46.05,12.34,0.04,5,0,497.73,510.3
18-03-2022 15:00,461.27,16.89,82.76,12.43,0.04,5,0,492.48,509.83
19-03-2022 01:00,597.78,25.59,71.47,4.09,0.2,6,1,504.6,511.35
19-03-2022 05:00,533.08,19.35,47.38,2.83,0.14,6,1,494.91,510.53
19-03-2022 06:00,455.63,33.2,72.72,8.89,0.11,6,1,494.05,509.88
19-03-2022 08:00,475.42,26.93,37.5,12.36,0.52,6,1,498.8,510.12
19-03-2022 11:00,551.15,17.73,53.82,6.97,0.06,6,1,507.01,510.21
19-03-2022 12:00,545.19,27.51,61.65,0.52,0.06,6,1,508.95,510.91
19-03-2022 14:00,444.14,17.39,36.13,8.75,0.11,6,1,504.07,511.44
19-03-2022 18:00,577.91,20.96,58.21,14.41,0.09,6,1,502.1,511.75
20-03-2022 05:00,457.71,20.47,57.24,0.23,0.64,7,1,495.77,509.87
20-03-2022 13:00,536.73,18.2,54.71,3.18,1.05,7,1,486.8,508.89
20-03-2022 20:00,535.11,24.71,51.11,13.45,0.01,7,1,488.68,509.12
21-03-2022 07:00,440.07,25.57,68.89,1.06,0.14,1,0,482.42,506.41
21-03-2022 08:00,494.7,28.74,52.61,5.73,0.13,1,0,484.67,506.61
21-03-2022 12:00,494.29,23.76,54.02,9.25,0.13,1,0,494.81,506.87
21-03-2022 13:00,467.24,21.98,67.2,1.5,0.04,1,0,491.91,506.71
21-03-2022 14:00,445.94,32.24,54.65,5.71,0.08,1,0,489.24,506.69
22-03-2022 02:00,438.32,31.78,46.86,14.49,0.71,2,0,497.36,506.82
22-03-2022 04:00,497.54,11.32,32.01,4.33,0.06,2,0,504.9,506
22-03-2022 08:00,486.12,24.19,30.19,11.92,0.35,2,0,503.47,506.3
22-03-2022 13:00,544.44,25.01,59.91,12.7,0.01,2,0,499.42,505.86
22-03-2022 14:00,540.76,29.13,88.52,4.27,0.22,2,0,503.37,506.09
22-03-2022 16:00,440.35,25.65,82.69,10.78,0.4,2,0,496.8,505.66
22-03-2022 18:00,498.35,31.75,70.36,4.09,0.24,2,0,498.12,505.26
22-03-2022 19:00,476.47,24.67,76.91,9.29,0.2,2,0,494.53,505.44
22-03-2022 21:00,470.39,26.13,82.08,9.15,0.02,2,0,494.63,505.3
22-03-2022 23:00,558.73,33.12,51.58,0.42,0.04,2,0,500.08,505.74
23-03-2022 02:00,479.85,20.23,68.91,11.36,0.04,3,0,497.93,504.67
23-03-2022 04:00,550.15,26.58,83.98,12.27,0.04,3,0,501.52,505.33
23-03-2022 05:00,473.94,21.88,32.45,0.83,0.16,3,0,497.59,504.93
23-03-2022 18:00,509.4,33.38,61.33,5.36,0.36,3,0,501.17,506.04
24-03-2022 01:00,422.24,24.36,49.38,5.05,0.58,4,0,489.7,504.8
24-03-2022 10:00,521.3,35.55,46.76,7.3,0.22,4,0,486.68,505.79
24-03-2022 16:00,432.62,35.28,34.56,11.29,0.44,4,0,479.72,504.24
24-03-2022 21:00,441.31,24.08,88.07,9.64,0.82,4,0,487.35,504.57
24-03-2022 22:00,544,25.27,80.22,5.23,0.02,4,0,488.32,504.42
25-03-2022 01:00,533.81,27.59,58.67,8.23,0.05,5,0,500.63,505.53
25-03-2022 05:00,481.74,27.16,67.07,14.6,0.05,5,0,499.27,504.84
25-03-2022 08:00,519.59,18.26,46.16,9.53,0.27,5,0,505.47,506.03
25-03-2022 13:00,505.84,23.43,73.29,0.22,0.21,5,0,499.25,506.1
25-03-2022 14:00,505.64,29.18,64.96,1.49,0.34,5,0,502.37,506.12
25-03-2022 18:00,492.06,31.58,37.07,13.59,0.03,5,0,501.29,504.83
25-03-2022 22:00,545.5,29.4,41.77,3.78,0.15,5,0,500.72,505.3
25-03-2022 23:00,530.79,38.68,40.17,12.16,0.02,5,0,500.07,505.32
26-03-2022 04:00,517.21,15.62,43.3,7.4,0.02,6,1,505.26,506.66
26-03-2022 10:00,368.23,20.61,78.85,12.99,0.02,6,1,510.42,507.24
26-03-2022 11:00,460.82,32.74,64.75,14.28,0.22,6,1,507.09,506.7
26-03-2022 12:00,465.72,26.82,32.6,9.66,0.41,6,1,506.45,506.21
26-03-2022 17:00,488.15,25.82,42.82,3.02,0.13,6,1,506.7,506.02
27-03-2022 05:00,466.73,28.03,43.57,1.63,0.24,7,1,498.9,506.7
27-03-2022 06:00,469.78,20.99,37.42,5.45,0.03,7,1,490.8,506.3
27-03-2022 08:00,514.41,27.26,83.4,3.47,0.16,7,1,487.93,507.28
27-03-2022 16:00,494.29,28.98,44.18,1.43,0.29,7,1,492.8,506.35
27-03-2022 20:00,523.21,27.02,76.98,11.32,0.22,7,1,499.33,507.21
27-03-2022 22:00,520.5,24.13,65.2,3.2,0.15,7,1,500.25,507.62
28-03-2022 00:00,540.4,24.83,46.67,0.17,0.03,1,0,504.54,507.98
28-03-2022 07:00,473.25,15.75,36.54,7.87,0.23,1,0,498.03,509.11
28-03-2022 12:00,537.75,34.39,50.38,11.14,0.22,1,0,501.76,507.67
28-03-2022 13:00,477.31,30.12,61.15,2.77,0.12,1,0,501.22,507.73
28-03-2022 14:00,513.72,38.78,85.83,9.25,0.14,1,0,501.88,508.14
28-03-2022 22:00,496.48,22.44,39.52,0.34,0.02,1,0,486.54,506.81
29-03-2022 02:00,499.57,35.08,42.71,7.66,0.63,2,0,487.85,507.78
29-03-2022 08:00,573.98,24.36,60.99,10.37,0.14,2,0,495.43,507.92
29-03-2022 09:00,547.29,34.3,61.45,2.59,0.39,2,0,500.54,508.28
29-03-2022 14:00,520.45,35.49,73.72,14.02,0.2,2,0,502.36,507.99
29-03-2022 17:00,446.48,6.86,38.89,2.13,0.19,2,0,506.59,508.49
30-03-2022 06:00,480.79,16.6,82.54,4.69,0.47,3,0,504.78,507.59
30-03-2022 08:00,444.91,32.38,59.2,13.48,0.46,3,0,498.07,507.45
30-03-2022 17:00,524.84,31.24,55.87,3.86,0.6,3,0,502.67,508.77
31-03-2022 02:00,462.54,18.13,86.47,7.4,0.02,4,0,488.61,509.07
31-03-2022 13:00,466.79,29.47,85.52,9.05,0,4,0,503.77,509.4
31-03-2022 14:00,551.59,34.62,52.68,1.94,0.29,4,0,506.43,510.13
01-04-2022 01:00,501.45,15.37,50.88,1.41,0.09,5,0,506.54,509.84
01-04-2022 10:00,583.52,27.43,63.8,10.32,0.08,5,0,496.86,509.53
02-04-2022 00:00,483.6,25.69,52.57,4.37,0.07,6,1,494.77,509.02
02-04-2022 06:00,483.39,26.1,52.01,12.01,0.57,6,1,498.16,507.2
02-04-2022 08:00,498.81,28.65,68.75,1.77,0.03,6,1,499.67,506.62
02-04-2022 14:00,437.25,16.54,76.67,13.56,0.45,6,1,492.01,506.8
02-04-2022 15:00,498.16,23.97,63.8,7.96,0.3,6,1,491.42,506.64
03-04-2022 01:00,488.24,35.16,39.81,11.88,0.05,7,1,487.38,506.95
03-04-2022 05:00,514.14,16.96,36.2,13.13,0.14,7,1,487.77,506.68
03-04-2022 11:00,483.82,31.08,74.36,11.15,0.44,7,1,484.52,506.53
03-04-2022 12:00,488.54,16.99,78.9,6.65,0.32,7,1,485.69,506.69
03-04-2022 14:00,475.25,33.27,41.65,14.28,0.26,7,1,486.96,506.52
04-04-2022 00:00,476.59,18.02,88.19,2.33,0.25,1,0,491.8,505.05
04-04-2022 03:00,502.66,19.47,55.39,13.13,0.07,1,0,495.28,505.37
04-04-2022 12:00,535.56,26.47,37.21,5.88,0.12,1,0,511.35,508.09
04-04-2022 16:00,493.48,28.95,40.79,12.11,0.15,1,0,511.47,508.06
04-04-2022 21:00,548.75,27.04,36.71,8.79,0.35,1,0,501.67,508.03
04-04-2022 22:00,487.78,32.06,47.59,7.62,0.03,1,0,503.84,507.98
05-04-2022 19:00,548.59,21.58,47.2,0.1,0.24,2,0,510.41,508.32
05-04-2022 23:00,443.07,27.61,67.96,0.73,0.55,2,0,507.08,508.21
06-04-2022 09:00,534.77,34.69,42.88,1.41,0.04,3,0,499.57,508.46
06-04-2022 11:00,529.75,20.84,41.95,3.76,0.25,3,0,502.39,509.31
06-04-2022 13:00,463,19.24,73.64,7.19,0.01,3,0,500.57,508.45
06-04-2022 15:00,577.15,20.95,89.51,12.05,0.72,3,0,504.6,508.59
06-04-2022 16:00,519.3,16.65,33.89,1.85,0.68,3,0,504.74,508.04
06-04-2022 20:00,479.03,32,72.26,3.31,0.23,3,0,499.42,508.66
06-04-2022 21:00,512.01,19.68,77.83,10.15,0.16,3,0,501.25,509
07-04-2022 01:00,426.16,20.41,45.83,4.35,0.59,4,0,507.73,509.87
07-04-2022 09:00,594.85,32.73,66.33,6.12,0.14,4,0,520.89,510.9
08-04-2022 03:00,451.35,34.29,50.66,3.6,0.3,5,0,490.13,508.39
08-04-2022 05:00,570.89,21.05,32.37,4.83,0.02,5,0,496.98,509.78
08-04-2022 06:00,514.52,20.8,50.24,11,0.15,5,0,495,510.29
08-04-2022 07:00,488.04,24,60.86,11.17,0.06,5,0,494.36,510.54
08-04-2022 08:00,447.19,25.38,60.77,8.61,0.16,5,0,492.17,510.08
08-04-2022 09:00,553.56,31.13,43.16,4.64,0.03,5,0,490.45,510.24
09-04-2022 00:00,512.85,27.35,67.13,5.6,0.1,6,1,497.42,509.12
09-04-2022 10:00,526.69,26.2,50.35,0.53,0.57,6,1,490.93,509.28
09-04-2022 15:00,519.42,22.14,50.99,1.09,0.11,6,1,494.16,509.94
09-04-2022 18:00,426.16,18.71,33.8,0.22,0.37,6,1,495.4,509.3
09-04-2022 20:00,474.43,19.58,53.2,4.88,0.26,6,1,500.67,510.59
09-04-2022 23:00,512.09,31.64,72.66,4.27,0.06,6,1,500.32,510.42
10-04-2022 06:00,455.64,26.82,31.04,5.82,0.39,7,1,496.95,510.61
10-04-2022 07:00,492.36,24.22,76.33,7.16,0.29,7,1,497.56,510.93
10-04-2022 12:00,512.54,26.43,68.07,9.64,0.15,7,1,499.61,511.52
10-04-2022 14:00,520.56,20.68,67.81,12.08,0.47,7,1,501.07,511.86
10-04-2022 20:00,484.07,10.53,57.76,14.66,0.39,7,1,501.64,511.65
10-04-2022 23:00,569.13,43.15,67.34,12.17,0.32,7,1,498.81,511.57
11-04-2022 00:00,512.74,41.06,33.97,3.09,0.01,1,0,501.77,511.79
11-04-2022 04:00,388.37,23.64,40.06,6.33,0.14,1,0,499.66,511.43
11-04-2022 05:00,507.38,20.97,48.35,5.84,0.17,1,0,499.7,511.56
11-04-2022 08:00,410.52,8.52,85.36,13.84,0.48,1,0,497.19,509.81
11-04-2022 22:00,479.54,19.28,69.87,8.89,0.08,1,0,506.38,511.57
12-04-2022 00:00,514.14,28.96,78.87,7.63,0.01,2,0,502.93,511.51
12-04-2022 02:00,473.29,24.82,66.12,6.94,0.44,2,0,500.02,512.11
12-04-2022 07:00,559.44,27.88,44.46,7.82,0.12,2,0,510.02,511.54
12-04-2022 10:00,476.15,38.84,54.54,5.85,0.16,2,0,517.37,511.88
12-04-2022 11:00,533.37,27.36,47.92,2.6,0.16,2,0,514.47,512.12
12-04-2022 20:00,499.86,24.7,39.69,13.97,0.11,2,0,510.72,511.44
12-04-2022 22:00,491.1,16.01,46.54,13.13,0.09,2,0,512.18,511.91
13-04-2022 02:00,481.74,29.3,58.04,13.94,0.06,3,0,508.06,512.46
13-04-2022 07:00,433.11,22.21,74.68,6.44,0.16,3,0,498.08,511.97
13-04-2022 14:00,502.51,22.89,88.56,8.51,0.07,3,0,495.69,511.34
13-04-2022 15:00,485.84,20.77,85.37,14.78,0.25,3,0,494.48,510.79
13-04-2022 23:00,491.36,24.79,49.49,12.92,0.23,3,0,483.42,508.5
14-04-2022 03:00,520.35,27.07,42.11,9.95,0.11,4,0,487.79,508.17
14-04-2022 11:00,502.44,24.5,44.46,4.71,0.18,4,0,497.52,508.71
14-04-2022 21:00,522.41,20.57,78.66,7.82,0.25,4,0,509.73,509.82
15-04-2022 12:00,408.39,31.23,69.41,10.79,0.18,5,0,495.65,509.01
15-04-2022 18:00,435.57,34.21,79.97,1.05,0.22,5,0,498.63,511.15
16-04-2022 00:00,544.57,15.32,79.71,2.69,0.17,6,1,505.97,511.5
16-04-2022 01:00,525.65,28.04,88.92,13.11,0.23,6,1,509.05,511.77
16-04-2022 02:00,505.31,20.49,85.61,11.8,0.03,6,1,512.45,512.05
16-04-2022 06:00,438.02,30.69,89.63,1.28,0.03,6,1,505.41,510.87
16-04-2022 08:00,525.88,34.41,33.16,10.96,0.09,6,1,505.15,510.81
16-04-2022 10:00,401.26,21.52,43.92,1.94,0.13,6,1,500.46,510.29
16-04-2022 12:00,515.69,22.47,46.7,12.33,0.07,6,1,501.76,510.53
16-04-2022 23:00,491.32,27.74,66.87,0.3,0.37,6,1,491.06,509.96
17-04-2022 00:00,480.02,21,39.63,9.96,0.1,7,1,488.37,510.19
17-04-2022 02:00,468.49,29.42,31.12,1.82,0.04,7,1,485.32,509.66
17-04-2022 05:00,500.75,28.68,35.99,9.59,0.13,7,1,486.73,509.49
17-04-2022 14:00,463.85,12.98,89.86,0.52,0.13,7,1,489.21,508.95
17-04-2022 22:00,427.25,24.38,78.57,4.16,0.41,7,1,475.95,507.1
17-04-2022 23:00,529.01,22.99,61.93,3.71,0.38,7,1,477.52,506.85
18-04-2022 02:00,470.8,26.87,74.84,0.12,0.05,1,0,485.33,506.91
18-04-2022 08:00,544.17,16.66,63.9,0.61,0.04,1,0,493.46,509.11
18-04-2022 10:00,537.38,19.41,73.18,5.73,0.08,1,0,496.16,509.33
18-04-2022 17:00,551.35,32.59,83.54,1.62,0.66,1,0,511.41,508.68
18-04-2022 22:00,512.12,22.83,34.52,7.29,0.22,1,0,516.21,508.53
18-04-2022 23:00,499.15,17.48,48.75,5.05,0.07,1,0,514.97,508.62
19-04-2022 11:00,419.56,32.15,65.6,12.4,0.1,2,0,493.2,506.11
19-04-2022 12:00,570.43,32.93,40.99,5.24,0,2,0,494.3,506.21
19-04-2022 15:00,458.72,23.33,35.11,12.46,0.21,2,0,494.73,506.5
19-04-2022 19:00,459.62,27.2,39.04,8.47,0.1,2,0,491.6,505.55
20-04-2022 00:00,539.03,30.7,89.52,1.52,0.11,3,0,493.52,506.1
20-04-2022 01:00,426.01,28.91,56.27,4.14,0.2,3,0,489.24,505.58
20-04-2022 03:00,542.87,37.49,31.27,6.71,0.03,3,0,493.15,505.73
20-04-2022 07:00,513.25,33.65,31.39,9.62,0.14,3,0,496.18,506.63
20-04-2022 09:00,479.84,30.36,36.28,1.68,0.09,3,0,491.48,505.68
20-04-2022 15:00,473.22,24.2,36.78,9.69,0.2,3,0,484,504.97
20-04-2022 17:00,493.37,28.71,56.75,12,0.58,3,0,484.87,504.8
20-04-2022 19:00,588.71,11.97,68.74,9.48,0.32,3,0,490.82,506.26
21-04-2022 00:00,540.07,23.83,49.02,4.43,0.13,4,0,492.31,507.35
21-04-2022 11:00,517.22,33.01,72.37,11.36,0.05,4,0,500.86,506.35
21-04-2022 12:00,517.04,15.6,75.89,13.39,0.27,4,0,504.32,506.46
21-04-2022 17:00,573,29.51,78.27,10.7,0.26,4,0,519.13,507.59
21-04-2022 18:00,505.85,27.89,43.29,7.74,0.01,4,0,518.72,507.41
22-04-2022 03:00,406,18.9,36.25,3.61,0.12,5,0,500.55,507.1
22-04-2022 08:00,431.88,31.38,51.42,3.01,0.04,5,0,493.9,505.67
22-04-2022 11:00,500.17,26.07,40.67,3.09,0.28,5,0,488.44,504.75
22-04-2022 12:00,550.44,19.76,53.29,0.79,0,5,0,489.83,505.61
22-04-2022 13:00,535.89,21.52,60.79,5.81,0.77,5,0,489.79,505.29
22-04-2022 22:00,461.97,28.16,57.93,2.15,0.16,5,0,481.82,504.41
23-04-2022 00:00,421.78,15.18,51.43,2.59,0.16,6,1,481.57,503.55
23-04-2022 01:00,488.5,20.92,62.79,5.07,0.25,6,1,482.2,503.32
23-04-2022 02:00,492.82,27.55,52.68,11.61,0.01,6,1,483.7,503.25
23-04-2022 09:00,532.61,25.39,32.81,10.11,0.02,6,1,493.4,503.49
23-04-2022 12:00,617.99,28.82,53.23,5.73,0.05,6,1,498.08,505.07
23-04-2022 13:00,578.08,21.63,83.68,8.32,0.07,6,1,499.83,505.34
23-04-2022 15:00,535.03,24.85,42.15,9.86,0.15,6,1,503.89,506.15
23-04-2022 22:00,493.78,24.7,31.39,3.26,0.22,6,1,500.21,505.67
23-04-2022 23:00,513.61,35.73,47.2,11.95,0.16,6,1,501.47,505.81
24-04-2022 09:00,399.83,26.57,66,11.28,0.22,7,1,499.21,505.27
24-04-2022 10:00,442.35,17.31,63.85,13.28,0.05,7,1,495.52,505.14
24-04-2022 11:00,496.76,23.3,77.12,1.68,0.16,7,1,495.91,505.44
24-04-2022 22:00,479.93,18.9,82.06,12.9,0.26,7,1,472.92,505.23
25-04-2022 00:00,488.38,31.74,78.64,9.08,0.2,1,0,476.51,504.52
25-04-2022 01:00,471.74,23.17,70.84,0.84,0.33,1,0,474.28,503.91
25-04-2022 07:00,422.91,27.38,47.35,1.79,0.23,1,0,463.76,501.88
25-04-2022 10:00,514.23,28.2,52.19,4.36,0.34,1,0,470.79,501.44
25-04-2022 15:00,510.84,20.03,62.83,5.5,0.11,1,0,480.05,501.45
26-04-2022 00:00,510.24,16.46,43.28,4.82,0.52,2,0,494.03,502.03
26-04-2022 08:00,541,14.11,68.95,9.52,0.09,2,0,518.2,503.94
26-04-2022 23:00,551.82,18,64.25,8.28,0.31,2,0,516.6,505.57
27-04-2022 04:00,453.83,13.56,84.4,2.65,0.36,3,0,515.97,505.75
27-04-2022 08:00,446.2,28.71,74.08,9.44,0.05,3,0,498.73,505.13
27-04-2022 10:00,527.89,14.62,74.21,9.69,0.34,3,0,501.05,505.75
27-04-2022 16:00,422.78,15.1,54.67,14.07,0.42,3,0,488.87,505.51
27-04-2022 19:00,452.32,19.26,35.1,0.12,0.03,3,0,485.6,504.86
27-04-2022 20:00,486.75,39.82,31.41,9.36,0.17,3,0,486.85,504.52
27-04-2022 22:00,562.2,20.45,31.97,13.41,0.22,3,0,488.28,504.37
28-04-2022 00:00,463.91,30.83,45.32,10.86,0.36,4,0,481.96,504.08
28-04-2022 03:00,534.42,32.12,39.45,0.19,0.44,4,0,480.93,504.26
28-04-2022 08:00,574.42,31.28,78.37,11.28,0.02,4,0,500.03,505.39
28-04-2022 22:00,541.96,28.07,59.25,11.37,0.2,4,0,508.12,504.05
29-04-2022 05:00,469.2,22.19,37.94,8.02,0.73,5,0,496.48,505.2
29-04-2022 06:00,406.56,27.17,38.46,2.28,0.01,5,0,493.38,504.56
29-04-2022 16:00,489.5,21.11,74.04,5.59,1.1,5,0,475.71,503.68
29-04-2022 18:00,481.96,24.3,84.06,11.57,0.65,5,0,471.29,503.35
30-04-2022 06:00,498.68,22.31,78.06,10.24,0.08,6,1,479.19,502.75
30-04-2022 09:00,494.32,25.16,63.16,11.6,0.22,6,1,482.93,503.4
30-04-2022 11:00,554.79,27.39,48.57,12.04,0.02,6,1,485.16,503.37
30-04-2022 20:00,511.21,30.78,86.05,9.89,0.44,6,1,496.85,502.79
01-05-2022 11:00,439.2,16.53,39.43,5.67,0.28,7,1,490.59,502.6
02-05-2022 02:00,480.64,15.89,73.07,6.63,0.16,1,0,483.23,503.87
02-05-2022 15:00,410.85,26.66,55.91,6.03,0.21,1,0,485.15,504
02-05-2022 16:00,496.94,27.17,43.62,9.56,0.27,1,0,487.53,503.95
03-05-2022 00:00,441.88,30.26,76.38,6.47,0.22,2,0,491.69,503.46
03-05-2022 06:00,495.04,12.21,39.67,9.53,0.1,2,0,493.57,502.84
03-05-2022 10:00,453.24,21.29,32.64,12.19,0.13,2,0,496.92,502.17
03-05-2022 16:00,455.32,28.6,85.43,10.46,0.13,2,0,493.5,500.62
03-05-2022 17:00,467.97,28.82,51.94,14.07,0.29,2,0,493.37,500
03-05-2022 20:00,504,10.33,53.2,3.15,0.16,2,0,489.79,500.07
04-05-2022 07:00,545.03,39.46,82,8.66,0.01,3,0,494.45,501.17
04-05-2022 10:00,447.93,15.38,35.41,0.72,0.12,3,0,485.02,499.83
04-05-2022 12:00,485.23,16.45,40.81,1.84,0.07,3,0,489.32,500.84
04-05-2022 18:00,530.69,16.41,88.94,6.46,0.24,3,0,499.36,501.65
05-05-2022 07:00,458.11,23.3,84.54,5.13,0.45,4,0,488.79,500.31
05-05-2022 14:00,467.98,29.76,65.08,5.94,0.19,4,0,496.93,499
05-05-2022 19:00,453.9,24.98,68,13.75,0.5,4,0,484.65,498.31
05-05-2022 20:00,462.26,22.84,77.27,4.5,0.1,4,0,482.3,498.59
05-05-2022 23:00,467.51,16.04,31.76,1.44,0.05,4,0,481.52,498.09
06-05-2022 07:00,539.79,30.98,75.84,9.85,0.04,5,0,484.84,499.18
06-05-2022 10:00,539.63,21.37,57.34,9.23,0.16,5,0,485.39,499.19
06-05-2022 13:00,475.88,14.93,60.11,4.38,0.54,5,0,475.99,499.36
06-05-2022 17:00,598.68,18.91,47.32,4.65,0.05,5,0,480.24,499.58
07-05-2022 01:00,541.28,20.79,65.6,13.75,0,6,1,505.69,501.84
07-05-2022 06:00,524.92,25.74,67.14,12.3,0.51,6,1,506.12,502.84
07-05-2022 07:00,465.1,22.7,88.37,8.35,0.1,6,1,503.01,502.24
07-05-2022 11:00,465.81,17.14,75.43,11.7,0.14,6,1,499.48,501.49
07-05-2022 17:00,514.5,24.75,50.94,14.64,0.65,6,1,507.09,501.25
08-05-2022 01:00,506.21,19.18,55.24,4.98,0.06,7,1,482.73,499.86
08-05-2022 02:00,478.8,31.44,65.21,4.64,0.38,7,1,481.5,500.27
08-05-2022 10:00,466.21,23.04,42.71,0.33,0.11,7,1,489.23,501.13
08-05-2022 13:00,532.52,32.05,32.58,0.02,0.2,7,1,494.67,502.76
08-05-2022 15:00,478.27,28.28,31.15,0.1,0.05,7,1,492.79,501.9
09-05-2022 01:00,551.75,35.97,78.91,6.66,0.08,1,0,503.77,503.28
09-05-2022 03:00,549.02,31.99,86.42,11.8,0.19,1,0,506.64,503.81
09-05-2022 08:00,491.08,24.27,48.4,12.64,0.25,1,0,497.42,503.57
09-05-2022 13:00,497,25.81,62.94,8.68,0.23,1,0,495.15,503.22
09-05-2022 18:00,606.44,28.55,47.8,13.67,0.23,1,0,510.71,506.13
10-05-2022 02:00,490.97,25.31,42.26,4.79,0.24,2,0,515.59,506.63
10-05-2022 06:00,451.07,34.71,35.3,7.91,0.23,2,0,509.91,505.91
10-05-2022 08:00,567.07,18.11,65.04,7.76,0.02,2,0,514.61,505.93
10-05-2022 12:00,507.89,24.92,69.12,10.87,0.13,2,0,515.74,506.23
10-05-2022 17:00,529.88,29.13,72.1,5.93,0.03,2,0,510.54,507.48
10-05-2022 22:00,452.77,29.2,59.11,2.31,0.12,2,0,504.32,508.07
11-05-2022 09:00,498.98,25.75,79.1,5.89,0.57,3,0,504.94,508.11
11-05-2022 19:00,470.94,16.8,37.55,1.96,0.01,3,0,496.74,507.47
11-05-2022 21:00,476.16,33.62,44.55,4.82,0.27,3,0,492.41,506.89
11-05-2022 23:00,519.29,22.73,57.55,0.89,0.03,3,0,494.59,507.35
12-05-2022 04:00,516.85,23.91,71.09,9.23,0.07,4,0,491.05,507.28
12-05-2022 09:00,490.48,36.11,38.85,11.78,0.44,4,0,488.63,507.05
12-05-2022 18:00,498.44,24.35,47.12,2.58,0.01,4,0,491.85,508.42
12-05-2022 20:00,501.21,21.15,45.96,14.41,0.28,4,0,497.61,509.21
12-05-2022 21:00,528.08,14.9,46.46,5.43,0.09,4,0,499.77,509.51
13-05-2022 00:00,505.95,24.11,31.39,13.69,0.12,5,0,498.84,510.2
13-05-2022 03:00,581.18,20.71,74.19,6.92,1.35,5,0,505.12,511.37
13-05-2022 04:00,411.42,34.35,41.4,11.2,0.06,5,0,500.72,510.4
13-05-2022 10:00,482.42,8.97,50.82,9.5,0.15,5,0,503.33,510.31
13-05-2022 15:00,545.76,39.72,84.43,3.69,0.14,5,0,509.42,512.18
13-05-2022 18:00,446.24,24.49,47.09,3.31,0.69,5,0,506.21,511.58
14-05-2022 04:00,556.03,11.95,40.53,5.16,0.11,6,1,513.85,511.58
14-05-2022 10:00,429.11,28.64,75.51,10.3,0.02,6,1,517.54,512.76
14-05-2022 12:00,449.72,36.49,60.84,12.18,0.84,6,1,520.05,512.27
14-05-2022 21:00,498.77,21.8,39.9,6.81,0.03,6,1,514,515.18
15-05-2022 12:00,501.62,25.48,42.6,13.77,0.25,7,1,501.5,513.74
15-05-2022 17:00,486.65,28.63,81.72,5.06,0.12,7,1,496.96,513.61
15-05-2022 19:00,418.4,20.17,30.42,0.32,0.11,7,1,495.32,513.55
15-05-2022 23:00,545.25,20,61.71,4.89,0.56,7,1,494.31,513.89
16-05-2022 05:00,455.67,16.07,82.4,0.13,0.03,1,0,499.22,513.76
16-05-2022 07:00,425.25,16.01,51.32,13.54,0.09,1,0,492.6,513.03
16-05-2022 11:00,443.86,23.08,65.94,1.84,0.08,1,0,491.08,512.64
16-05-2022 12:00,590.6,32.39,84.61,7.24,0.22,1,0,494.78,513.47
16-05-2022 18:00,481.54,17.39,81.88,1.92,0.02,1,0,491.91,511.22
17-05-2022 03:00,444.8,28.15,73.5,4.55,0,2,0,487.75,510.16
17-05-2022 04:00,514.17,32.24,74.31,6.72,0.24,2,0,485.76,510.17
17-05-2022 06:00,386.06,20.12,48.81,14.89,0.1,2,0,484.46,509.53
17-05-2022 08:00,508.8,28.64,60.05,11.13,0.15,2,0,490.18,509.81
17-05-2022 10:00,565.51,11.97,45.77,0.81,0.02,2,0,494.44,510.66
17-05-2022 21:00,494.55,17.79,68.73,6.8,0.21,2,0,484.45,508.34
17-05-2022 22:00,489.89,33.9,57.27,5.92,0.1,2,0,485.65,508.57
18-05-2022 02:00,500.51,27.09,70.15,11.96,0.09,3,0,495.62,509.11
18-05-2022 05:00,649.73,24.33,30.24,9.94,0.01,3,0,499.78,509.09
18-05-2022 09:00,428.43,25.41,35.61,14.61,0.08,3,0,495.27,508.76
18-05-2022 10:00,523.1,20.81,35.68,12.47,0.27,3,0,493.51,509.01
18-05-2022 16:00,424.38,25.56,38.04,0.26,0.23,3,0,490.42,508.52
18-05-2022 17:00,480.74,38.15,61.65,3.02,0.57,3,0,491.24,508.24
18-05-2022 23:00,510.29,33.02,31.89,1.36,0.61,3,0,508.29,510.28
19-05-2022 05:00,436.81,29.68,39.48,1.21,0.05,4,0,495.04,509.95
19-05-2022 13:00,575.95,28.66,45.14,11.98,0.05,4,0,492.15,509.42
20-05-2022 07:00,440.9,18.71,45.85,1.57,0.05,5,0,493.5,508.46
20-05-2022 15:00,500.59,29.85,62.72,0.57,0.55,5,0,504.12,507.75
20-05-2022 22:00,567.92,24.87,65.3,8.42,0.08,5,0,499.8,506.13
21-05-2022 00:00,502.59,29.09,60.1,9.64,0.11,6,1,503.79,506.38
21-05-2022 06:00,445.37,22.1,86.4,9.24,0.15,6,1,497.58,506.12
21-05-2022 07:00,430.99,28.18,31.22,7.56,0.01,6,1,497.17,505.27
21-05-2022 08:00,530.75,31.09,37.6,2.23,0.11,6,1,499.94,505.25
21-05-2022 10:00,473.4,18.52,37.15,2.5,0.48,6,1,497.51,505.23
21-05-2022 16:00,401.88,23.97,42.25,10.27,0.8,6,1,486.76,503.78
21-05-2022 18:00,561.74,25.41,71.53,5.64,0.42,6,1,496.98,504.03
21-05-2022 22:00,506.88,26.13,68.53,10.87,0.03,6,1,498.18,503.56
22-05-2022 00:00,472.25,36.88,69.3,2.34,0.03,7,1,498.73,504.66
22-05-2022 01:00,462.28,18.68,82.91,4.38,0.48,7,1,493.96,504.88
22-05-2022 09:00,442.31,35.13,53.86,1.85,0.96,7,1,495.9,505.17
22-05-2022 17:00,514.84,25,83.69,13.49,0.88,7,1,505.73,505.19
22-05-2022 20:00,556.67,29.29,42.9,0.15,0.04,7,1,503.78,505.86
23-05-2022 01:00,476.73,23.85,50.23,12.17,0.05,1,0,508.65,506.25
23-05-2022 06:00,551.13,24.99,37.41,14.57,0.06,1,0,503.92,506.58
23-05-2022 08:00,516.99,17.99,72.68,1.59,0.45,1,0,506.58,506.81
23-05-2022 15:00,512.07,28.61,53.91,7.48,0.2,1,0,512.27,507.28
23-05-2022 16:00,527.75,28.58,74.76,7.33,0.03,1,0,511.65,507.57
23-05-2022 20:00,553,21.66,55.77,9.02,0.01,1,0,515.52,508.79
24-05-2022 04:00,563.35,31.45,32.42,2.33,0.03,2,0,519.33,510.49
24-05-2022 07:00,601.71,23.36,35.6,13.53,0.26,2,0,516.42,510.59
24-05-2022 08:00,467.38,21.64,47.71,0.02,0.05,2,0,514.35,510.33
24-05-2022 12:00,590.3,30.02,48.58,9.97,0.01,2,0,521.34,510.98
24-05-2022 13:00,481.81,25.9,32.24,12.99,0.04,2,0,521.82,511.46
24-05-2022 14:00,559.48,24.47,39.49,11.74,0.08,2,0,523.59,511.65
24-05-2022 16:00,637.16,25.34,38,14.01,0.06,2,0,528.06,512.46
24-05-2022 18:00,491.13,19.13,53.69,5.3,0.02,2,0,528.85,513.12
24-05-2022 20:00,368.67,19.85,34.74,8.26,0.02,2,0,516.05,512.87
25-05-2022 15:00,468.88,23.84,84.87,1.9,0.24,3,0,501.15,512.74
25-05-2022 16:00,518.53,43.76,35.29,12.54,0.11,3,0,496.21,513.31
25-05-2022 17:00,469.5,24.74,43.53,2.89,0.02,3,0,492.64,513.24
25-05-2022 20:00,339.44,27.5,84.34,2.92,0.1,3,0,493.59,511.7
25-05-2022 23:00,456.57,20.27,74.49,1.97,0.06,3,0,483.05,510.17
26-05-2022 20:00,370.36,21.98,64.89,0.47,0.03,4,0,505.06,514.81
26-05-2022 23:00,534.01,30.61,48.27,10.95,0.21,4,0,514.12,515.4
27-05-2022 01:00,543.75,31.39,72.02,13.89,0.26,5,0,516.64,516.05
27-05-2022 03:00,513.17,29.39,85.01,9.82,0.24,5,0,514.07,515.18
27-05-2022 04:00,534.91,28,86.97,1.08,0.43,5,0,515.55,515.06
27-05-2022 05:00,567.65,21.66,31.9,6.74,0.18,5,0,514.61,515.31
27-05-2022 16:00,457.32,16.71,41.07,2.42,0.22,5,0,487.87,513.75
27-05-2022 20:00,527.32,32.37,65.58,12.01,0.16,5,0,501.49,515.48
28-05-2022 05:00,510.43,22.56,41.16,0.94,0.05,6,1,500.78,515.15
28-05-2022 10:00,487.86,31.83,45.01,4.27,0.09,6,1,503.34,516.12
28-05-2022 11:00,596.83,31.53,73.94,12.86,0.38,6,1,510.41,517.09
28-05-2022 12:00,465.36,9.35,49.81,3.84,0.02,6,1,508.15,517.47
28-05-2022 13:00,525.44,29.75,77.91,3.91,0.12,6,1,509.03,518.07
28-05-2022 14:00,460.86,29.54,30.87,14.14,0.09,6,1,510.64,517.34
28-05-2022 17:00,520.57,29.24,49.72,2.99,0.08,6,1,511.73,516.92
28-05-2022 20:00,520.66,40.2,89.72,13.92,0.46,6,1,509.74,516.59
29-05-2022 01:00,428.36,27.66,59.03,0.5,0.06,7,1,499.54,515.76
29-05-2022 03:00,437.09,21.69,82.89,3.37,0.37,7,1,495.46,514.93
29-05-2022 17:00,601.03,17.36,44.21,6.56,0.13,7,1,485.44,513.96
29-05-2022 23:00,538.36,31.94,37.2,9.19,0.12,7,1,485.12,513.16
30-05-2022 04:00,525.44,10.69,85.53,0.05,0.28,1,0,500.21,513.98
30-05-2022 17:00,577.61,32.72,58.23,14.03,0.1,1,0,522.67,515.64
30-05-2022 18:00,493.21,27.85,35.77,8.72,0.06,1,0,525.08,515.46
30-05-2022 22:00,536.27,24.24,38.64,10.07,0.01,1,0,529.37,515.2
31-05-2022 00:00,407.8,30.25,31.59,0.58,0.13,2,0,521,514.65
31-05-2022 03:00,495.44,17.86,86.27,10.22,0.25,2,0,512,513.14
31-05-2022 16:00,553.3,23.23,32.85,1.04,0.41,2,0,493.76,510.19
31-05-2022 17:00,452.17,29.34,89.07,9.16,0.05,2,0,488.54,509.57
31-05-2022 20:00,558.14,25.16,55.52,7.47,0.01,2,0,490,511.16
01-06-2022 01:00,498.06,28.58,38.8,4.92,0.19,3,0,495.27,511.59
01-06-2022 06:00,439.52,22.94,50.67,1.26,0.01,3,0,509.25,511.63
01-06-2022 13:00,571.6,34.03,42.74,10.98,0.14,3,0,507.01,511.46
01-06-2022 15:00,486.5,34.59,74.68,0.4,0.01,3,0,508.5,511.77
02-06-2022 04:00,471.24,20.58,79.21,7.57,0.32,4,0,498.53,513.15
02-06-2022 14:00,617.38,34.74,63.52,10.04,0.08,4,0,500.32,511.66
02-06-2022 18:00,595.46,8.67,78.87,12.69,0.25,4,0,502.32,511.64
02-06-2022 20:00,461.7,36.54,66.96,12.53,0.31,4,0,505.1,512.56
02-06-2022 21:00,496.89,22.83,76.18,1.76,0.06,4,0,507.46,512.39
03-06-2022 02:00,509.91,19.24,43.03,10.46,0.44,5,0,512.29,512.94
03-06-2022 11:00,511.54,21.32,45.64,1.27,0,5,0,521.42,513.95
04-06-2022 01:00,575.76,35.14,45.66,5.51,0.09,6,1,504.22,513.35
04-06-2022 09:00,471.17,34.57,56.47,12.06,0.01,6,1,495.73,512.08
04-06-2022 13:00,483.73,30.19,80.32,3.56,0.01,6,1,499,512.16
04-06-2022 15:00,492.36,27.02,73.91,11.46,0.17,6,1,498.53,512.38
04-06-2022 22:00,482.33,41.45,87.85,14.02,0.12,6,1,513.07,514.2
05-06-2022 02:00,511.31,20.73,86.06,2.35,0.06,7,1,506.94,514.42
05-06-2022 05:00,379.65,19.06,41.49,2.92,0.02,7,1,502.65,514.31
05-06-2022 08:00,398.92,20.02,60.07,4.81,0.42,7,1,498.98,514.58
05-06-2022 19:00,518.72,31.44,86.01,1.72,0.76,7,1,495.6,516.13
06-06-2022 09:00,494.46,28.59,48.22,12.02,0,1,0,508.96,514.07
06-06-2022 16:00,516.77,24.95,71.13,11.15,0.32,1,0,499.82,513.61
06-06-2022 23:00,492.75,31.36,73.91,5.91,0.19,1,0,512.13,513.75
07-06-2022 04:00,520.61,32.15,76.97,0.26,0.35,2,0,515.57,515.6
07-06-2022 05:00,491.05,21.68,37.07,7.91,0.12,2,0,516.46,515.59
07-06-2022 06:00,511.9,25.62,87.76,4.5,0.03,2,0,511.48,515.63
07-06-2022 11:00,558.19,31.01,67.79,0.59,0.05,2,0,509.4,515.06
07-06-2022 12:00,554.82,31.4,52.16,6.79,0.11,2,0,506.21,515.42
07-06-2022 17:00,515.28,23.01,49.07,7.45,0.37,2,0,503.28,515.72
07-06-2022 22:00,555.72,21.07,85.83,10.48,0.19,2,0,505.09,516.98
08-06-2022 01:00,486.04,20.82,55.4,8.53,0.2,3,0,506.44,516.36
08-06-2022 03:00,454.91,35.2,52.35,10,0.19,3,0,507.33,515.5
08-06-2022 04:00,573.58,24.48,52.61,3.85,0,3,0,509.54,515.7
08-06-2022 09:00,488.95,18.91,35.63,14.54,0.36,3,0,508.18,516.24
08-06-2022 17:00,535.48,25.49,78.2,1.07,0.41,3,0,511.23,516.24
09-06-2022 03:00,455.52,15.65,63.14,13.85,0.03,4,0,504.48,515.95
09-06-2022 19:00,472.68,26.99,46.29,8.7,0.05,4,0,519.52,518.26
09-06-2022 21:00,469.66,16.14,36.98,13.84,0.56,4,0,520.59,518.43
10-06-2022 06:00,562.96,30.11,76.87,0.5,0,5,0,521.43,517.9
10-06-2022 11:00,526.3,26.11,31.08,14.16,0.25,5,0,508.65,516.24
10-06-2022 13:00,480.95,34.31,60.38,13.39,0.06,5,0,510.82,516.86
10-06-2022 16:00,522.79,31.46,48.7,9.95,0.2,5,0,503.77,517.87
10-06-2022 17:00,470.26,17.31,81.45,13.53,0.09,5,0,503.41,517.39
10-06-2022 18:00,523.87,20.68,67,10.08,0.34,5,0,502.18,517.31
10-06-2022 21:00,523.77,13.55,65.04,11.9,0.21,5,0,498.56,516.67
11-06-2022 05:00,495.96,20,59.07,11.83,0.05,6,1,495.1,516.46
11-06-2022 08:00,511.89,5.53,70.49,13.01,0.01,6,1,493.67,516.05
11-06-2022 13:00,452.9,19.13,84.67,6.03,0.1,6,1,488.24,515.3
11-06-2022 17:00,574.56,18.98,32.55,5.78,0.25,6,1,487.64,514.52
11-06-2022 21:00,505.37,28.94,87.41,13.02,0.07,6,1,496.27,514.65
11-06-2022 22:00,469.44,33.99,55.81,9.91,0.1,6,1,496.31,514.58
12-06-2022 03:00,452.52,33.89,80.17,3.17,0.31,7,1,490.96,514.71
12-06-2022 09:00,496.5,15.2,74.32,11.32,0.08,7,1,501.08,516.21
12-06-2022 14:00,456.01,32.94,65.37,3.55,0.52,7,1,502.02,514.2
12-06-2022 18:00,462.04,20.33,55.58,11.58,0.19,7,1,490.21,513.29
12-06-2022 21:00,550.49,31.61,76.44,4.18,0.33,7,1,486.19,512.89
13-06-2022 01:00,485.76,39.11,32.99,6.2,0.46,1,0,494.24,514.12
13-06-2022 07:00,410.31,33.48,33.09,12.39,0.1,1,0,490.25,513.75
13-06-2022 10:00,572.31,15.2,47.52,0.31,0.1,1,0,493.16,513.72
13-06-2022 15:00,378.68,21.32,45.23,10.88,0.15,1,0,497.18,512.83
14-06-2022 05:00,537.41,25.96,85.44,7.95,0.43,2,0,491.76,511.62
14-06-2022 06:00,527.96,21.15,35.9,2.56,0.06,2,0,492.1,511.72
14-06-2022 16:00,498.25,26.84,34.6,13.27,0.06,2,0,501.89,511.94
14-06-2022 21:00,460.78,22.6,73.01,10.61,1.69,2,0,498.71,510.76
14-06-2022 23:00,507.54,23.96,70.15,11.89,0.27,2,0,499.59,510.15
15-06-2022 01:00,469.45,27.44,32.92,1.66,0,3,0,502.09,510.96
15-06-2022 02:00,458.03,23.11,73.82,4.91,0.51,3,0,500.15,510.86
15-06-2022 04:00,450.36,10.93,37.84,1.33,0.12,3,0,503.56,510.47
15-06-2022 15:00,529.34,16.4,37.03,3.3,0.05,3,0,482.64,507.66
15-06-2022 23:00,558.77,23.17,42.86,3.47,0.17,3,0,487.31,508.4
16-06-2022 01:00,462.49,12.2,65.73,14.01,0.17,4,0,480.64,507.86
16-06-2022 22:00,509.79,15.64,87.23,2.45,0.01,4,0,503.09,504.92
17-06-2022 00:00,533.32,19.67,87.71,6.65,0.08,5,0,500.87,505.14
17-06-2022 01:00,509.19,30.72,49.04,14.8,0.04,5,0,502.81,505.17
17-06-2022 05:00,511.82,32.03,64,2.99,0.18,5,0,498.17,504.67
17-06-2022 11:00,467,20.61,64.24,0.37,0.37,5,0,493.18,503.73
17-06-2022 16:00,461.18,18.99,62.3,14.82,0.16,5,0,492.23,502.77
17-06-2022 21:00,523.39,27.75,86.19,9.52,0.24,5,0,484.38,503.37
18-06-2022 05:00,605.56,19.66,89.01,6.97,0.36,6,1,501.56,505.61
18-06-2022 17:00,485.36,24.63,70.85,0.93,0.02,6,1,535.12,509.44
18-06-2022 23:00,506.24,24.6,69.71,12.83,0.01,6,1,533.67,509.99
19-06-2022 00:00,383.28,32.92,57.98,9.29,0.1,7,1,522.34,508.91
19-06-2022 06:00,461.81,18.03,49.03,14.51,0.06,7,1,519.45,508.72
19-06-2022 07:00,509.12,11.26,38.08,2.18,0.76,7,1,517.16,508.84
19-06-2022 20:00,472.26,27.44,73.62,10.94,0.1,7,1,498.12,511.1
19-06-2022 22:00,450.79,18.14,36.48,2.22,0.24,7,1,495.09,510.19
20-06-2022 05:00,506.42,13.85,62.19,14.15,0.25,1,0,503.3,510.5
20-06-2022 06:00,506.18,16.26,54.81,10.67,0.26,1,0,505.15,510.41
20-06-2022 09:00,531.2,18.86,77.98,6.39,0.15,1,0,499.78,510.74
20-06-2022 11:00,540.79,17.93,61.1,14.75,0.15,1,0,498.91,510.34
21-06-2022 04:00,528.11,18.14,41.03,10.22,0.29,2,0,510.6,513.43
21-06-2022 07:00,453.71,28.39,64.41,2.56,0.26,2,0,511.84,512.4
21-06-2022 09:00,536.74,37.94,30.3,5.19,0.1,2,0,503.36,511.53
21-06-2022 11:00,456.01,19.38,57.4,14.85,0.02,2,0,496.42,510.48
21-06-2022 16:00,611.94,14.19,53.76,2.64,0.1,2,0,502.07,511.53
21-06-2022 18:00,545.45,31.52,59.36,9.92,0.16,2,0,506.5,512.34
22-06-2022 03:00,547.3,32.13,88.5,1.46,0.13,3,0,494.58,511.65
22-06-2022 04:00,489.31,19.52,70.66,10.71,0.19,3,0,492.97,511.89
22-06-2022 10:00,492.31,22.49,61.17,4.97,0.23,3,0,502,513.06
22-06-2022 11:00,451.69,16.43,52.53,10.17,0.26,3,0,501.82,513.49
22-06-2022 15:00,515.1,33.03,58.6,14.26,0.36,3,0,506.08,514.26
22-06-2022 23:00,561.99,36.56,63.58,3.18,0.19,3,0,504.69,514.71
23-06-2022 01:00,452.44,32.53,38.38,12.98,0.12,4,0,505.09,515.03
23-06-2022 02:00,396.01,33.81,85.98,13.21,0.14,4,0,502.65,514.05
23-06-2022 06:00,494.21,21.14,52.34,2.55,0.05,4,0,504.98,514.9
23-06-2022 09:00,525.67,29.54,51.87,3.92,0.04,4,0,512.47,515.94
23-06-2022 10:00,542.2,25.29,88.86,0.41,0.51,4,0,514.55,516.48
23-06-2022 12:00,451.18,17.9,34.68,3.14,0.28,4,0,509.92,515.81
23-06-2022 13:00,485.97,26.17,64.88,13.35,0.35,4,0,512.21,515.69
23-06-2022 18:00,486.75,36.85,84.01,9.12,0.27,4,0,500.45,514.57
24-06-2022 02:00,563.91,21.04,49.44,5.51,0.14,5,0,503.48,514.55
24-06-2022 04:00,499.06,15.94,55.72,5.36,0.49,5,0,504.36,515.1
24-06-2022 10:00,507.62,12.49,45.09,7.51,0.25,5,0,493.56,515.94
25-06-2022 00:00,434.45,30.3,66.85,12.81,0.2,6,1,496.04,514.95
25-06-2022 20:00,450.51,38.75,37.64,5.76,0.11,6,1,509.45,511.83
26-06-2022 01:00,538.84,27.63,43.5,6.25,0.02,7,1,502.9,512.42
26-06-2022 03:00,517.86,31.75,68.7,14.71,0,7,1,500.31,511.49
26-06-2022 06:00,536.9,25.89,84.11,14.7,0.07,7,1,507.03,512.45
26-06-2022 07:00,459.42,5.17,58.85,3.34,0.17,7,1,505.48,512.15
26-06-2022 17:00,458.86,12.68,46.8,2.67,0.47,7,1,503.87,512.14
26-06-2022 21:00,517.49,29.34,83.82,10.82,0.1,7,1,494.42,512.2
26-06-2022 23:00,573.8,31.91,40.17,7.68,0.27,7,1,500.14,512.94
27-06-2022 05:00,546.95,17.56,82.89,8.71,0.11,1,0,503.45,512.02
27-06-2022 21:00,549.25,19.06,66.97,3.06,0.08,1,0,510.26,512.78
28-06-2022 08:00,548,27.09,35.3,4.35,0.03,2,0,501.48,513.03
28-06-2022 15:00,526.81,6.87,76.87,3.99,0.09,2,0,510.89,514.43
28-06-2022 16:00,422.22,30.26,66.17,13.46,0.07,2,0,510.38,513.28
28-06-2022 18:00,402.59,25.97,32.75,10.17,0.06,2,0,503.54,511.95
28-06-2022 21:00,467.95,33.17,35.87,7.15,0.38,2,0,494.33,511.02
29-06-2022 05:00,571.72,29.81,71.76,8,0.14,3,0,491.82,511.61
29-06-2022 07:00,524.73,30.64,50.93,11.84,0.08,3,0,497.44,511.67
29-06-2022 14:00,522.11,29.6,46.76,5.26,0,3,0,497.73,513.14
29-06-2022 16:00,441.46,18.6,72.65,14.02,0.04,3,0,495.31,512.37
29-06-2022 21:00,401.63,16.75,63.49,9.86,0.04,3,0,504.39,511.85
29-06-2022 23:00,504.3,22.79,88.08,0.81,0.18,3,0,505.17,511.36
30-06-2022 02:00,417.45,22.83,31.73,6.82,0.37,4,0,495.89,510.89
30-06-2022 08:00,479.1,20.36,53.96,10.19,0.11,4,0,491.8,509.56
30-06-2022 11:00,556.22,25.38,54.25,1.22,0.09,4,0,487.82,509.43
30-06-2022 12:00,442.62,26.09,33.31,5.23,0.03,4,0,484.38,509.37
30-06-2022 14:00,549.56,28.83,30.79,11.77,0.44,4,0,480.55,509.9
30-06-2022 22:00,474.45,23.58,83.17,11.59,0.05,4,0,489.1,510.17
01-07-2022 01:00,510.43,23.19,43.65,12.85,0.02,5,0,494.52,510.48
01-07-2022 04:00,415.88,35.15,70.8,8.96,0.05,5,0,496.93,509.76
01-07-2022 05:00,428.91,24.53,48.1,2.82,0.27,5,0,493.64,509.24
01-07-2022 21:00,495.93,32.61,63.67,6.93,0.17,5,0,491.56,509.48
01-07-2022 23:00,478.05,25.2,34.95,6.28,0.18,5,0,489.55,508.49
02-07-2022 23:00,543.93,18.87,61.85,2.5,0.46,6,1,501.86,507.64
03-07-2022 02:00,458.76,29.08,59.16,9.87,0.1,7,1,503.95,508.27
03-07-2022 10:00,476.55,23.85,38.03,14.14,0.02,7,1,497.01,508.13
03-07-2022 12:00,510.04,23.42,56.68,10.21,0.42,7,1,500.03,507.79
03-07-2022 14:00,486.9,28.89,70.7,13.74,0.28,7,1,498.76,507.36
03-07-2022 15:00,558.56,36.33,72.02,13.8,0.17,7,1,503.03,508.18
03-07-2022 17:00,567.33,30.47,38.75,3.69,0.04,7,1,504.76,508.62
04-07-2022 07:00,535.24,15.39,46.34,12.02,0.15,1,0,505.32,508.71
04-07-2022 10:00,520.26,29.05,33.97,5.74,0.54,1,0,509.68,508.32
04-07-2022 13:00,523.06,25.75,79.63,2.74,0.38,1,0,509.86,508.82
05-07-2022 04:00,542.76,33.65,71.24,7.44,0.08,2,0,494.53,505.96
05-07-2022 22:00,501.37,21.05,65.87,4.11,0,2,0,499.77,507.61
06-07-2022 01:00,469.33,17.75,31.15,1.41,0.08,3,0,490.22,506.26
06-07-2022 09:00,466.01,32.63,40.88,11.24,0.09,3,0,485.83,504.95
06-07-2022 12:00,483.65,35.83,42.06,12.45,0.64,3,0,487.69,504.56
06-07-2022 15:00,487.01,23.05,54.63,0.15,0.09,3,0,491.44,504.14
06-07-2022 19:00,550.8,32.69,85.36,12.69,0.11,3,0,488.39,504.45
06-07-2022 20:00,513.68,18.91,56.64,2.37,0.18,3,0,487.37,504.43
06-07-2022 22:00,495.74,25.58,87.55,4.99,0.09,3,0,484.69,504.6
06-07-2022 23:00,473.08,28.53,61.47,15,0.05,3,0,489.63,504.41
07-07-2022 07:00,423.17,20.36,46.3,8.65,0.12,4,0,490.24,505.25
07-07-2022 20:00,519.11,29.3,74.2,1.78,0.09,4,0,494.78,506.15
08-07-2022 04:00,515.33,25.23,72.33,5.53,0.16,5,0,507.41,507.33
08-07-2022 05:00,486.63,22.38,86.03,2.98,0.05,5,0,509.07,507.68
08-07-2022 09:00,485.15,30.27,53.71,10.77,0.1,5,0,507.53,507.46
08-07-2022 15:00,520.24,15.84,80.35,0.31,0.19,5,0,512.3,508.73
08-07-2022 16:00,492.33,27.11,33.29,2.11,0.2,5,0,512.66,509.03
08-07-2022 17:00,493.83,28.61,40.04,5.35,0.07,5,0,512.84,508.93
08-07-2022 19:00,458.39,25.31,42.73,9.68,0.17,5,0,507.93,508.05
08-07-2022 21:00,534.23,31.51,48.13,11.62,0.05,5,0,513.18,508.19
09-07-2022 00:00,485.64,29.9,62.01,3,0.13,6,1,501.58,508.65
09-07-2022 02:00,444.99,22.13,63.65,8.22,0.01,6,1,496.81,509.07
09-07-2022 06:00,543.09,28.99,87.58,12.28,0.01,6,1,494.1,508.32
09-07-2022 11:00,479.88,32.7,41.24,0.21,0.03,6,1,501.83,507.79
09-07-2022 15:00,469.03,27.46,55.57,13.39,0.02,6,1,504,508.87
09-07-2022 17:00,428.32,24.16,50.5,12.91,0.04,6,1,494.41,507.36
09-07-2022 22:00,446.95,31.52,52.24,4.32,0.17,6,1,485.82,506.73
10-07-2022 02:00,549.71,20.11,84.97,0.91,0.59,7,1,493.67,507.58
10-07-2022 09:00,482.67,22.7,63.11,14.04,0.06,7,1,495.24,507.31
10-07-2022 10:00,492.78,28.34,85.3,8.96,0.39,7,1,494.42,507.41
10-07-2022 13:00,540.69,23.76,63.99,7.58,0.01,7,1,492.33,507.72
10-07-2022 14:00,513.93,35.22,39.36,10.78,0.32,7,1,492.56,507.89
10-07-2022 16:00,481.49,18.79,58.61,2.23,0.31,7,1,498.07,507.23
11-07-2022 00:00,464.38,10.79,33.81,0.47,0,1,0,504.11,506.68
11-07-2022 08:00,499.53,31.31,32.13,3.46,0.63,1,0,508.55,507.89
11-07-2022 11:00,561.24,22.41,31.21,7.01,0.16,1,0,518.26,508.25
11-07-2022 22:00,452.56,34.7,53.48,9.17,0.22,1,0,526.61,511.95
12-07-2022 04:00,429.83,21.71,54.91,2.41,0.28,2,0,521.99,511.86
12-07-2022 09:00,412.59,28.15,68.14,0.39,0.45,2,0,516,511.88
12-07-2022 16:00,510.62,22.55,81.15,14.68,0,2,0,507.09,514.36
12-07-2022 17:00,546,18.39,89.49,8.51,0.33,2,0,510.28,514.34
13-07-2022 01:00,586.39,25.1,67.23,8.08,0.34,3,0,512.16,515.07
13-07-2022 02:00,529.92,19,38.85,2.21,0.35,3,0,511.06,515.28
13-07-2022 06:00,419.13,17.72,79.61,10.51,0.1,3,0,516,515.51
13-07-2022 08:00,488.39,27.02,60.22,4.7,0.02,3,0,510.11,515.74
14-07-2022 02:00,466.32,21.78,66.44,5.75,0.14,4,0,491.73,514.64
14-07-2022 08:00,496.75,27.17,66.28,9.18,0.21,4,0,494.74,516.11
14-07-2022 11:00,515.51,16.29,36.65,4.43,0.34,4,0,501.99,516.05
14-07-2022 12:00,564.53,18.87,83.04,8.66,0.07,4,0,502.76,516.38
14-07-2022 18:00,517.13,10.44,86.53,3.04,0.05,4,0,509.04,517.02
15-07-2022 18:00,471.73,33.87,66.62,7.4,0.11,5,0,499.04,515.44
15-07-2022 22:00,435.56,25.93,53.27,12.91,0.07,5,0,502.17,514.95
16-07-2022 04:00,502.1,29.89,36.27,13.68,0.01,6,1,506.76,517.04
16-07-2022 09:00,528.28,23.36,82.34,2.86,0.52,6,1,512.38,516.75
16-07-2022 17:00,470.37,19.06,86.55,14.86,0.23,6,1,502.16,516.8
17-07-2022 04:00,518.89,20.06,44.42,8.87,0.45,7,1,501.8,518.03
17-07-2022 06:00,595.72,25.29,80.42,2.59,0.19,7,1,508.6,518.31
17-07-2022 10:00,426.66,25.82,57.07,11.71,0.05,7,1,498.52,517.21
17-07-2022 12:00,485.08,24.18,34.07,1.35,0.27,7,1,499.67,516.91
17-07-2022 13:00,533.69,29.05,39.62,3.83,0.12,7,1,502.22,516.87
17-07-2022 18:00,466.68,26.98,79.13,14.54,0.07,7,1,505.41,517.18
17-07-2022 21:00,498.79,14.81,61.32,10.52,0.11,7,1,502.33,516.64
18-07-2022 13:00,466.47,26.46,54.12,13.68,0.42,1,0,497.82,513.51
18-07-2022 17:00,524.76,28.03,41.46,8.63,0.35,1,0,496.83,512.64
18-07-2022 19:00,517.24,8.31,53.82,10.65,0.08,1,0,499.88,513.42
19-07-2022 06:00,507.68,32.91,62.08,0.9,0.07,2,0,518.07,516.17
19-07-2022 09:00,546.61,28.69,33.9,6.03,0.04,2,0,526.81,516.88
19-07-2022 13:00,551.3,13.34,65.02,3.47,0,2,0,534.25,516.2
19-07-2022 17:00,515.34,30.09,61.09,13.64,0.1,2,0,534.78,516.22
19-07-2022 19:00,504.71,23.22,80.54,1.09,0.16,2,0,531.13,515.95
19-07-2022 23:00,520.42,13.7,67.8,13.24,0.02,2,0,521.93,516.51
20-07-2022 06:00,604.66,33.93,53.41,7.87,0.08,3,0,523.12,517.21
20-07-2022 07:00,438.03,29.85,74.53,0.96,0.01,3,0,516.87,517
21-07-2022 05:00,502.14,21.05,79.69,6.03,0.08,4,0,517.9,520.22
21-07-2022 06:00,443.68,13.98,66.6,2.14,0.08,4,0,511.19,519.89
21-07-2022 12:00,512.34,27.76,71.84,8.93,0.31,4,0,503.92,518.48
21-07-2022 18:00,553.75,22.32,36.57,3.43,0.35,4,0,497.4,517.88
21-07-2022 20:00,458.53,23.98,62.81,14.92,0.21,4,0,495.93,517.87
21-07-2022 22:00,481.07,34.7,84.84,8.3,0.1,4,0,488.32,517.83
22-07-2022 00:00,498.19,19.1,68.3,13.66,0.25,5,0,485.34,517.71
22-07-2022 02:00,476.22,35.57,69.25,12.08,0.22,5,0,482.01,517.71
22-07-2022 04:00,465.31,22.63,86.67,2.95,0.01,5,0,479.21,516.73
22-07-2022 06:00,571.8,25.31,35.87,4.4,0.04,5,0,483.39,516.74
23-07-2022 04:00,477.63,37.51,76.91,2.92,0.42,6,1,513.63,517.73
23-07-2022 05:00,499.4,21.23,84.18,13.59,0.52,6,1,514.68,517.86
23-07-2022 08:00,564.91,33.14,82.7,10.6,0.1,6,1,511.34,517.51
23-07-2022 11:00,490.23,28.63,66.31,12.03,0.03,6,1,502.37,517.14
25-07-2022 10:00,451.16,25.52,78.24,4.99,0.12,1,0,501.52,520.38
25-07-2022 18:00,490.09,24.42,32.49,6.33,0.15,1,0,512.47,521.63
26-07-2022 00:00,562.75,32.01,55.87,13.3,0.26,2,0,519.52,520.33
26-07-2022 02:00,447.84,34.18,62.9,14.09,0.48,2,0,513.48,518.9
26-07-2022 10:00,499.22,26.92,42.78,7.59,0.04,2,0,507.15,517.46
26-07-2022 15:00,550.22,32.54,83.56,13.23,0.05,2,0,507.01,518.28
26-07-2022 19:00,482.99,29.09,61.34,4.6,0.13,2,0,507.73,518.14
27-07-2022 11:00,516.46,10.91,38.4,0.12,0.09,3,0,502.43,515.93
27-07-2022 19:00,486.78,9.13,37.27,7.32,0.05,3,0,497.84,515.23
27-07-2022 20:00,543.65,30.48,72.51,3.92,0.08,3,0,497.44,515.58
27-07-2022 22:00,552.79,29.84,45.07,13.7,0.21,3,0,498.1,515.67
28-07-2022 02:00,521.1,27.75,32.69,14.53,0.26,4,0,509.38,515.67
28-07-2022 12:00,500.67,25.75,87.47,8.75,0.21,4,0,508.91,515.77
28-07-2022 13:00,574.08,12.44,41.02,0.83,0,4,0,514.91,516.73
28-07-2022 14:00,499.69,17.9,66.14,11.22,0.01,4,0,514.43,516.97
28-07-2022 16:00,488.82,16.93,31.29,8.82,0.23,4,0,511.94,516.68
28-07-2022 19:00,495.3,27.61,56.09,12.01,0.14,4,0,500.78,515.78
28-07-2022 20:00,528.77,22.41,64.75,12.75,0.04,4,0,500.16,516.2
29-07-2022 07:00,499.75,31.41,33.52,9.08,0.38,5,0,504.5,517.95
29-07-2022 18:00,449.57,30.37,82.18,7.2,0.39,5,0,500.97,516.31
29-07-2022 21:00,529.01,21.69,71.88,12.75,0.05,5,0,495.2,516.7
30-07-2022 09:00,461.57,33.3,87.15,5.81,0.16,6,1,498.81,516.1
30-07-2022 10:00,508.97,22.73,83.19,0,0.12,6,1,499.66,515.95
30-07-2022 12:00,536.82,18.26,33.5,13.53,0.08,6,1,506.53,516.03
30-07-2022 21:00,547.53,19.16,56.7,2.9,0.06,6,1,510.52,515.92
31-07-2022 00:00,411.59,23.63,88.13,10.4,0.1,7,1,507.94,514.57
31-07-2022 05:00,450.98,23.93,55.12,0.61,0.14,7,1,507.39,514.21
31-07-2022 12:00,513.13,20.2,59.07,5.6,0.07,7,1,503.91,513.61
31-07-2022 13:00,499.83,25.69,55.99,0.24,0.05,7,1,503.05,513.78
31-07-2022 16:00,439.85,26.89,54.5,3.4,0.19,7,1,500.79,514.35
31-07-2022 19:00,438.13,32.27,43.92,10.43,0.13,7,1,504.97,514.82
31-07-2022 20:00,386.56,37.73,83.28,4.32,0.14,7,1,497.4,514.37
01-08-2022 03:00,509.02,27.1,81.16,7.44,0.52,1,0,495.26,513.69
01-08-2022 08:00,405.09,24.53,32.03,3.8,0.23,1,0,487.4,511.08
01-08-2022 17:00,532.01,25.93,79.63,1.42,0.14,1,0,483.65,510.43
02-08-2022 01:00,420.3,15.14,72.49,14.35,0.04,2,0,492.45,511.04
02-08-2022 02:00,490.86,35.44,50.31,3.05,0.42,2,0,498.09,511.3
02-08-2022 04:00,504.27,19.68,72.12,0.79,0.19,2,0,497.74,510.5
02-08-2022 05:00,551.06,37.78,66.17,6.4,0.43,2,0,495.5,510.81
02-08-2022 06:00,417.93,20.83,84.64,5.21,0.25,2,0,496.02,510.44
02-08-2022 09:00,461.06,24.94,44.15,4.65,0.07,2,0,496.89,509.89
02-08-2022 13:00,517.42,31.04,89.35,9.9,0,2,0,497.06,509.39
03-08-2022 09:00,533.6,34.09,49.07,10.4,0.06,3,0,522.64,513.53
03-08-2022 12:00,527,28.37,45.15,0.25,0.14,3,0,524.12,513.35
03-08-2022 18:00,458.28,23.43,31.22,12.59,0.03,3,0,508.36,511.52
03-08-2022 21:00,412.88,22.15,61.98,13.32,0.3,3,0,497.32,510.45
04-08-2022 01:00,513.09,28.01,59.3,0.81,0.09,4,0,497.02,509.88
04-08-2022 03:00,552.27,19.37,65.74,8.49,0.3,4,0,498.6,510.1
04-08-2022 05:00,540.05,26.04,78.29,12.93,0.08,4,0,498.3,510.27
04-08-2022 06:00,484.33,21.69,49.61,0.9,0.53,4,0,497,510.53
04-08-2022 09:00,465.75,18.2,70.49,12.74,0.68,4,0,496.62,511.72
04-08-2022 13:00,536.38,29.18,35.5,2.88,0.09,4,0,492.71,510.56
04-08-2022 16:00,432.91,30.46,35.59,10.85,0.69,4,0,486.13,509.52
04-08-2022 18:00,390.54,23.57,38.66,7.41,0.23,4,0,483.86,509.11
04-08-2022 19:00,527.39,30.28,84.7,5.31,0.14,4,0,484.91,509.31
05-08-2022 04:00,458.91,31.7,82.82,10.89,0.04,5,0,482.57,507.88
05-08-2022 05:00,473.63,37.86,59.5,14.07,0.78,5,0,479.81,507.64
05-08-2022 12:00,443.66,15.57,43.81,7.02,0.06,5,0,476.86,507.65
05-08-2022 15:00,570.25,26.38,61.98,6.75,0.08,5,0,487.01,507.72
05-08-2022 20:00,511.91,10.67,41.14,3.55,0.21,5,0,493.35,508.43
05-08-2022 21:00,435.23,32.34,70.74,5.21,0.01,5,0,494.05,507.86
06-08-2022 06:00,529.11,22.87,62.8,4.67,0.14,6,1,493.65,507.81
06-08-2022 08:00,396.72,20.87,80.17,6.68,0.78,6,1,491.16,506.33
06-08-2022 16:00,431.81,28.28,58.42,12.78,0.22,6,1,485,504.55
07-08-2022 02:00,549.35,26.82,86.6,5.68,0.16,7,1,499.15,505.95
07-08-2022 04:00,501.57,28.03,39.12,1.56,0.3,7,1,494.55,505.7
07-08-2022 13:00,531.4,17.08,46.58,8.74,0.78,7,1,513.36,507.01
08-08-2022 04:00,521.75,11.65,30.19,5.3,0.2,1,0,506.28,507.79
08-08-2022 12:00,415.32,26.15,43.05,3.08,0.43,1,0,490.74,507.61
08-08-2022 13:00,565.88,29.85,75.17,2.24,0.05,1,0,492.17,508.08
08-08-2022 15:00,461.34,20.57,64.78,6.28,0.26,1,0,491.81,507.67
08-08-2022 18:00,501.31,33.9,85.99,3.93,0.45,1,0,496.9,507.31
08-08-2022 23:00,488.55,13.33,88.67,6.57,0.01,1,0,491.91,506.41
09-08-2022 00:00,482.08,30.38,72.41,13.07,0.15,2,0,492.35,506.22
09-08-2022 08:00,509.83,24.84,38.49,6.82,0.12,2,0,492.33,507.61
09-08-2022 14:00,495.81,15.56,49.8,13.49,0.8,2,0,491.83,506.73
09-08-2022 21:00,504.36,26.86,53.28,12.25,0.26,2,0,493.17,504.67
09-08-2022 22:00,566.3,26.62,49.34,8.96,0.17,2,0,497,505.33
10-08-2022 01:00,441.1,32.24,40.48,12.58,0.12,3,0,498.3,505.14
10-08-2022 05:00,465.87,24.15,52.5,6.95,0.04,3,0,500.35,504.62
10-08-2022 08:00,508.49,19.69,76,2.52,0.23,3,0,496.36,504.22
10-08-2022 14:00,399.68,26.81,70.86,13.63,0.1,3,0,498.33,503.18
10-08-2022 21:00,451.8,22.78,72.09,10.21,0.2,3,0,496.18,504.51
11-08-2022 01:00,538.13,14.96,83.64,1.36,0.48,4,0,491.84,504.39
11-08-2022 06:00,541.01,20.32,50.58,8.23,0.21,4,0,492.17,503.77
11-08-2022 13:00,483.4,24.74,57.56,7.22,0,4,0,497.07,504.37
11-08-2022 17:00,567.49,21,80.03,0.73,0.49,4,0,503.39,506.39
12-08-2022 01:00,509.11,16.96,49.32,12.27,0.25,5,0,509.65,507.73
12-08-2022 06:00,562.45,28.26,57.51,4.62,0.69,5,0,515.12,508.63
12-08-2022 07:00,446.37,20.22,67.93,4.09,0.09,5,0,514.98,508.66
12-08-2022 19:00,523.15,34.28,75.12,10.11,0.39,5,0,517.6,510.44
13-08-2022 03:00,525.07,28.54,41.91,6.42,0.07,6,1,519.3,511.82
13-08-2022 05:00,545.05,20.26,66.73,11.22,0.03,6,1,515.05,511.54
13-08-2022 10:00,527.95,23.14,83.34,5.6,0.06,6,1,508.05,512.92
13-08-2022 13:00,530.5,14.14,75.91,12.91,0.47,6,1,511.47,513.97
13-08-2022 15:00,515.52,15.69,37.17,5.54,0.44,6,1,510.13,513.69
13-08-2022 18:00,516.73,26.14,36.05,8.59,0.33,6,1,512.1,514.3
14-08-2022 01:00,535.27,24.64,47.06,13.22,0.12,7,1,524.09,516.07
14-08-2022 03:00,542.57,23.8,83.14,8.83,0.43,7,1,526.86,516.07
14-08-2022 06:00,459.03,34.02,64.52,8.26,0.21,7,1,527.96,516.05
14-08-2022 10:00,495.76,22.61,45.26,10.19,0.12,7,1,524.73,515.78
14-08-2022 12:00,491.15,17.06,80.22,6.73,0.08,7,1,519.2,514.83
15-08-2022 03:00,502.45,31.8,43.32,11.26,0.02,1,0,511.19,516.9
15-08-2022 08:00,483.69,38.77,49.16,9.63,0.01,1,0,505.3,516.75
15-08-2022 09:00,462.83,31.44,68.59,1.94,0.14,1,0,507.83,517.05
15-08-2022 10:00,592.38,22.49,88.08,5.09,1.12,1,0,511.86,517.88
15-08-2022 13:00,542.78,31.55,67.32,2.06,0.37,1,0,509.29,517.61
15-08-2022 18:00,409.65,22.1,74.02,6.64,0.38,1,0,500.84,516.98
15-08-2022 21:00,478.66,14.87,89.62,8.46,0.08,1,0,504,517.42
16-08-2022 08:00,513.73,27.93,87.13,13.57,0.06,2,0,506.42,518.8
16-08-2022 19:00,449.93,23.63,76.42,10.23,0.28,2,0,508.05,519.97
16-08-2022 22:00,501.58,27.08,71.04,2.76,0.01,2,0,508.12,518.79
17-08-2022 03:00,471.48,15.19,85.87,14.16,0.08,3,0,507.49,518.9
17-08-2022 12:00,427.28,25.24,85.72,11.57,0.2,3,0,500.84,518.63
17-08-2022 16:00,458.35,26.71,89.31,6.32,0.06,3,0,494.5,519.26
18-08-2022 00:00,460.73,29.37,88.39,1.67,0.38,4,0,492.37,519.26
18-08-2022 05:00,517.48,23.98,63.76,12.52,0.7,4,0,489.93,519.51
18-08-2022 10:00,424.55,28.5,59.44,12.32,0.19,4,0,491.86,518.81
18-08-2022 14:00,491.39,17.08,85.47,6.32,0.15,4,0,490.61,518.14
18-08-2022 16:00,552.85,18.76,39.73,8.27,0.05,4,0,493.74,518.31
18-08-2022 17:00,566.41,22.64,67.42,4.34,0.08,4,0,497.08,518.31
20-08-2022 02:00,495.1,27.79,61.16,11.6,0.15,6,1,504.26,517.63
20-08-2022 04:00,450.08,36.17,84.1,11.21,0.54,6,1,501.89,517.25
20-08-2022 11:00,500.7,26.35,88.34,2.17,0.39,6,1,510.78,516.57
20-08-2022 12:00,536.76,31.5,35.62,10.46,0.02,6,1,513.51,516.64
20-08-2022 15:00,523.41,24.26,30.48,13.18,0.05,6,1,514.06,516.91
20-08-2022 18:00,507.77,34.09,50.88,2.94,0.59,6,1,506.58,516.61
20-08-2022 20:00,444.82,25.51,75.8,14.46,0.21,6,1,506.44,515.38
21-08-2022 02:00,458.89,28.57,78.52,7.46,0.05,7,1,507.65,514.93
21-08-2022 04:00,488.56,32.39,49.57,13.14,0.12,7,1,512.03,514.72
21-08-2022 08:00,421.01,29.13,67.28,10.59,0.18,7,1,507.14,513.74
21-08-2022 09:00,509.31,19.22,35.67,12.51,0.39,7,1,506.02,514.39
21-08-2022 14:00,607.42,19.9,36.1,7.93,0.05,7,1,501.96,513.47
21-08-2022 18:00,462.48,20.64,58.57,13.96,0,7,1,500.99,513.29
21-08-2022 20:00,409.95,36.29,34.38,1.37,0.02,7,1,497.72,512.53
22-08-2022 00:00,558.36,20.01,82.82,10.39,0.25,1,0,497.05,512.86
22-08-2022 09:00,542.26,32.22,82.7,0.35,0.02,1,0,489.61,511.74
22-08-2022 10:00,452.94,24.59,75.24,10.11,0.48,1,0,488.49,510.89
22-08-2022 11:00,573.68,27.88,57.48,5.76,0.13,1,0,495.44,511.22
22-08-2022 12:00,459.22,22.72,76.54,10.21,0.63,1,0,491.41,511.25
22-08-2022 13:00,583.67,24.7,69.5,8.63,0.56,1,0,499.28,511.5
22-08-2022 14:00,523.43,22.95,75.49,5.28,0.14,1,0,495.78,511.58
22-08-2022 15:00,563.56,23.39,30.82,14.08,0.05,1,0,497.15,511.94
22-08-2022 22:00,496.05,29.11,57.68,3.91,0.05,1,0,511.23,513.71
23-08-2022 07:00,395.27,7.7,79.96,3.35,0.15,2,0,520.04,513.1
24-08-2022 19:00,517.85,30.11,72.16,13.52,0.16,3,0,494.23,512.51
24-08-2022 21:00,453.66,18.71,67.18,6,0.11,3,0,491.3,511.39
24-08-2022 22:00,529.95,26.82,72.43,0.99,0.06,3,0,493.99,512.11
25-08-2022 05:00,506.28,31.49,73.31,6.06,0.1,4,0,498.57,512.81
25-08-2022 07:00,472.15,34.45,71.76,7.19,0.09,4,0,498.88,512.32
25-08-2022 08:00,447.16,30.42,42.59,13.24,0.1,4,0,494.48,512.37
25-08-2022 09:00,479.86,24.3,30.36,11.27,0.3,4,0,494.06,511.85
25-08-2022 12:00,447.65,24.13,55.68,3.69,0.03,4,0,496.71,512.44
25-08-2022 20:00,480.99,25.05,79.17,14.61,0.14,4,0,492.32,511.05
25-08-2022 23:00,470.83,24.24,81.52,13.09,0.01,4,0,492.58,510.34
26-08-2022 10:00,497.52,26.43,37.76,0.12,0.24,5,0,490.54,509.66
26-08-2022 16:00,497.65,28.12,60.59,10.29,0.07,5,0,485.74,508.98
26-08-2022 17:00,445.87,39.33,84.75,9.41,0.04,5,0,486.44,508.59
27-08-2022 03:00,536.49,29.52,44.32,0.7,0.89,6,1,481.25,506.29
27-08-2022 06:00,491.64,12.56,68.42,5.93,0.14,6,1,485.36,506.77
27-08-2022 07:00,512.16,34.43,73.41,11.58,0.05,6,1,485.01,506.75
27-08-2022 08:00,486.59,17.15,36.24,5.76,0.86,6,1,486.8,506.61
27-08-2022 19:00,557.88,24.04,52.92,0.27,0.29,6,1,494.72,506.4
27-08-2022 20:00,511.92,22.11,60.32,5.33,0.03,6,1,491.85,506.81
27-08-2022 22:00,614.63,27.19,68.3,2.83,0.03,6,1,496.93,506.76
28-08-2022 02:00,459.09,23.39,46.89,7.75,0.11,7,1,509.49,506.32
28-08-2022 05:00,550.16,14.08,80.79,6.91,0.04,7,1,507.78,506.38
28-08-2022 07:00,495.5,23.85,63.04,3.57,0.02,7,1,509.47,506.56
28-08-2022 08:00,449.98,31.93,33.91,5.28,0.03,7,1,507.94,506.73
28-08-2022 13:00,526.9,12.92,63.46,5.12,0.03,7,1,515.75,508.07
28-08-2022 14:00,517.47,12.51,83.4,9.61,0.15,7,1,516.68,507.52
28-08-2022 15:00,542.31,24.04,83.44,8.47,0.52,7,1,512.56,507.59
29-08-2022 01:00,554.62,20.92,52.72,5.78,0.05,1,0,513.2,509.9
29-08-2022 12:00,575.6,35.71,36.1,5.85,0.27,1,0,509.35,509.88
29-08-2022 13:00,428.41,33.31,72.1,12.15,0.18,1,0,505.24,508.94
29-08-2022 14:00,551.1,16.13,83.73,11.88,0.05,1,0,506.64,509.11
29-08-2022 16:00,427.87,20.76,79.15,4.87,0.21,1,0,499.04,507.7
29-08-2022 21:00,492.25,23.88,66.44,6.41,0.43,1,0,498.03,507.6
29-08-2022 23:00,516.21,26.98,61.72,12.58,0.28,1,0,501.18,508.42
30-08-2022 00:00,547.79,31.2,72.68,7.63,0.4,2,0,502.44,508.89
30-08-2022 06:00,475.34,28.78,71.77,8,0.07,2,0,496.86,506.89
30-08-2022 09:00,428.82,20.41,65.18,3.04,0.03,2,0,495.97,507.36
30-08-2022 13:00,487.63,21.57,41.44,13.98,0.16,2,0,502.97,507.6
30-08-2022 14:00,482.44,26.76,74.37,0.41,0.07,2,0,500.1,507.22
30-08-2022 23:00,467.45,37.52,56.37,9.42,0.13,2,0,503.87,509.15
31-08-2022 01:00,533.97,23.96,74.85,10.55,0.01,3,0,508.44,508.87
31-08-2022 07:00,505.48,18.52,69.72,12,0.1,3,0,505.23,509.21
31-08-2022 10:00,598.76,35.43,88.68,12.07,0.46,3,0,511.18,509.41
31-08-2022 11:00,524.59,31.32,85.46,14.21,0.71,3,0,509.41,509.99
31-08-2022 13:00,482.09,16.96,31.22,8.73,0.07,3,0,507.21,509.69
31-08-2022 15:00,461.14,25.73,48.38,13.99,0.08,3,0,503.39,509.51
01-09-2022 01:00,418.78,25.08,58.45,10.62,0.12,4,0,503.23,510.47
01-09-2022 03:00,471.57,36.07,30.01,7.13,0.17,4,0,503.54,510.07
01-09-2022 14:00,456.02,35.38,45.75,10.44,0.56,4,0,504.92,510.87
01-09-2022 19:00,527.8,33.36,87.75,3.88,0.02,4,0,501.97,511.51
01-09-2022 21:00,504.25,13.45,76.52,4.99,0.32,4,0,497.73,512.05
01-09-2022 22:00,502.76,22.4,38.78,11.57,0.06,4,0,499.43,511.66
02-09-2022 01:00,470.75,23.14,69.51,4.38,0.63,5,0,507.69,513.47
02-09-2022 02:00,555.44,37.1,30.29,3.82,0.3,5,0,509.23,513.56
02-09-2022 06:00,517.66,17.07,34.81,3.89,0.51,5,0,517,514.09
02-09-2022 11:00,430.54,17.51,62.44,2.11,0.12,5,0,499.59,512.94
02-09-2022 14:00,518.72,36.75,66.91,2.99,1.32,5,0,497.56,512.51
02-09-2022 17:00,480.43,23.62,80.88,1.95,0.09,5,0,505.99,513.14
03-09-2022 03:00,451.14,14.73,58.73,14,0.3,6,1,488.42,514.49
03-09-2022 04:00,505.83,31.55,62.99,5.29,0.04,6,1,487.3,514.53
03-09-2022 15:00,549.89,34.12,45.69,3.11,0.04,6,1,500.61,514.26
03-09-2022 16:00,513.25,32.18,69.41,3.72,0.14,6,1,499.39,514.46
03-09-2022 18:00,502.32,31.84,72.45,7.7,0,6,1,502.16,514.7
04-09-2022 13:00,438.72,23.37,50.02,3.28,0.09,7,1,505.43,513.19
05-09-2022 07:00,467.76,6.71,81,8.01,0.1,1,0,500.37,511.65
05-09-2022 18:00,474.57,23.2,76.74,12.45,0.29,1,0,493.53,512.58
06-09-2022 00:00,534.55,17.22,69.47,9.54,0.07,2,0,496.56,510.6
06-09-2022 03:00,402.61,33.09,76.96,5.51,0.09,2,0,491.1,510.48
06-09-2022 05:00,592.68,28.64,79.11,5.6,0.08,2,0,497.13,510.68
06-09-2022 07:00,505.09,32.46,84.05,8.6,0.02,2,0,495.04,511.2
06-09-2022 11:00,395.35,20.4,40.6,5.17,0.26,2,0,487.79,509.82
06-09-2022 23:00,464.19,26.82,80.8,4.13,0.04,2,0,489.46,508.58
07-09-2022 00:00,522.12,32.32,83.32,12.53,0.06,3,0,488.94,508.68
07-09-2022 02:00,586.1,28.44,74.83,12.69,0.19,3,0,489.88,508.22
07-09-2022 03:00,448.02,19.84,38.79,8.22,0.06,3,0,491.77,508.5
07-09-2022 04:00,519.18,28.62,62.09,8.69,0.18,3,0,491.91,509.36
07-09-2022 07:00,529.75,28.58,48.19,5.5,0.03,3,0,490.84,509.1
07-09-2022 15:00,589.98,22.72,85.45,13.03,0.2,3,0,503.87,508.18
07-09-2022 23:00,462.95,36.4,33.24,12.25,0.18,3,0,499.96,507.8
08-09-2022 00:00,439.91,20.51,35.15,10.66,0.36,4,0,496.53,507.01
08-09-2022 03:00,470.2,32.13,89.48,10.12,0.04,4,0,495.9,507.39
08-09-2022 05:00,527.92,14.07,83.04,7.28,0.26,4,0,491.42,507.24
08-09-2022 12:00,408.04,25.53,57.96,13.32,0.05,4,0,497.5,505.81
08-09-2022 13:00,609.77,23.6,34.47,11.67,0.05,4,0,504.35,506.89
09-09-2022 03:00,525.18,19.04,60.68,13.07,0.06,5,0,516.43,507.89
09-09-2022 04:00,526.37,39.67,86.31,3.03,0.25,5,0,519.13,507.85
09-09-2022 09:00,383.85,31.75,53.59,13.8,0.1,5,0,510.87,508.05
09-09-2022 10:00,484.19,24.3,39.35,0.06,0,5,0,510.61,508.29
09-09-2022 12:00,533.11,11.66,53.57,2.91,0.07,5,0,516.78,509.26
09-09-2022 13:00,568.89,20.32,76.49,10.7,0.05,5,0,515.08,509.83
09-09-2022 14:00,469.41,32.54,54.1,4.99,0.34,5,0,510.72,509.53
10-09-2022 05:00,430.53,31.69,46.28,11.11,0.1,6,1,489.6,508.53
10-09-2022 08:00,515.8,25.4,42.5,5.07,0.01,6,1,489.61,508.94
10-09-2022 10:00,498.54,23.71,72.44,12.26,0.04,6,1,494.42,508.87
10-09-2022 11:00,557.69,17.29,37.21,9.18,0.13,6,1,498.71,509.03
10-09-2022 15:00,543,32.97,88.06,8.49,0,6,1,497.06,508.54
10-09-2022 22:00,513.95,18.33,56.66,4.74,0.1,6,1,499.87,508.5
11-09-2022 04:00,497.83,14.45,51.44,7.35,0.02,7,1,496.57,508.24
11-09-2022 12:00,456.26,30.56,63.17,9.84,0.06,7,1,500.76,508.07
11-09-2022 13:00,534.85,19.94,55.39,8.56,0.17,7,1,504.13,508.66
11-09-2022 14:00,585.97,20.45,66.87,12.55,0.04,7,1,508.89,508.88
11-09-2022 15:00,532.67,34.13,79.59,2.71,0.04,7,1,508.46,509
11-09-2022 22:00,518.25,34.2,45.86,5.89,0.09,7,1,508.77,509.79
11-09-2022 23:00,514.57,27.53,59.59,7.94,0.29,7,1,512.25,510.26
12-09-2022 12:00,481.36,18.55,61.95,4.12,0.3,1,0,503.08,509.2
12-09-2022 14:00,550.34,39.59,72.51,14.28,0.41,1,0,497.9,509.46
12-09-2022 15:00,507.62,20.41,82.74,14.41,0.5,1,0,496.86,509.56
12-09-2022 18:00,447.92,20.57,78.79,10.14,0.27,1,0,496.17,509.08
12-09-2022 19:00,491.89,16.18,73.79,4.34,0.02,1,0,493.73,509.34
12-09-2022 20:00,398.59,37.33,83.89,8.6,0.01,1,0,489.87,509
12-09-2022 22:00,464.8,22.12,80.84,14.31,0,1,0,487.14,509.65
13-09-2022 13:00,481.19,21.92,82.04,4.95,0.08,2,0,486.49,509.5
14-09-2022 07:00,481.37,16.72,82.67,4.44,0,3,0,490.45,507.6
14-09-2022 12:00,486.13,11.81,35.6,8.04,0.32,3,0,488.37,508.43
14-09-2022 13:00,512.07,24.36,47.92,4.98,0,3,0,489.66,508.83
15-09-2022 00:00,557.07,23.35,55.36,8.45,0.28,4,0,497.22,508.97
15-09-2022 01:00,576.18,16.58,79.84,6.06,0.61,4,0,500.07,509.43
15-09-2022 04:00,495.25,19.2,84.32,5.36,0.26,4,0,503.13,509.87
15-09-2022 09:00,504.93,27.34,58.96,12.35,0.02,4,0,509.21,509.38
15-09-2022 22:00,432.87,34.6,30.5,14.63,0.42,4,0,504.73,507.4
16-09-2022 08:00,521.83,33.11,44.06,14.54,0.23,5,0,500.83,507.19
16-09-2022 12:00,464.36,35.31,55.07,3.5,0.11,5,0,499.92,507.68
16-09-2022 18:00,426.84,27.68,38.55,13.17,0.07,5,0,495.09,507.81
17-09-2022 01:00,526.08,26.34,74.01,12.26,0.23,6,1,491.14,506.25
17-09-2022 15:00,550.6,27.62,82.28,0.33,0.04,6,1,504.3,509.06
18-09-2022 04:00,552.47,28.12,79.47,5.3,0.21,7,1,514.29,509.94
18-09-2022 20:00,529.86,25.91,75.25,7.73,0.85,7,1,492.88,507.41
19-09-2022 02:00,436.62,24.7,64.27,5.16,0.07,1,0,489.79,506.61
19-09-2022 03:00,482.5,19.11,64.96,7.72,0.17,1,0,487.94,506.64
19-09-2022 12:00,443.04,23.72,32.16,7.97,0.03,1,0,488.97,506.85
19-09-2022 15:00,580.58,24.78,53.41,11.14,0.05,1,0,494.87,507.22
19-09-2022 21:00,488.94,23.6,31.38,14.87,0.01,1,0,493.11,507.63
19-09-2022 22:00,446.05,17.93,68.25,10.75,0.24,1,0,491.73,507.51
20-09-2022 12:00,519.29,27.74,73.94,9.91,0.22,2,0,505.11,509.78
20-09-2022 19:00,521.19,25.25,57.32,6.14,0.1,2,0,514.75,511.08
21-09-2022 04:00,428.36,29.11,39.93,13.89,0.04,3,0,509.52,510.96
21-09-2022 05:00,440.07,36.87,64.54,3.35,0.02,3,0,504.22,510.98
21-09-2022 09:00,451.67,25.89,38.13,14.77,0.01,3,0,502.21,511.08
21-09-2022 11:00,469.31,23.25,39.72,3.83,0.12,3,0,497.52,510.91
21-09-2022 13:00,417.08,18.27,84.74,14.69,0.13,3,0,489.89,510.33
21-09-2022 14:00,554.48,32.53,39.58,14.85,0.06,3,0,491.83,510
21-09-2022 18:00,541.89,16.97,84.42,2.7,0.8,3,0,491.28,510.96
21-09-2022 21:00,529.71,33.71,42.39,9.53,0.08,3,0,492.65,510.97
21-09-2022 22:00,515.8,28.39,38.98,3.68,0.22,3,0,490.82,511.41
22-09-2022 00:00,539.98,16.45,59.2,10.92,0.04,4,0,496.85,511.49
22-09-2022 02:00,568.26,18.64,43.03,14.06,0.19,4,0,503.07,511.8
22-09-2022 05:00,540.96,24.51,83.37,10.28,1.29,4,0,512.12,511.64
22-09-2022 11:00,422.57,20.15,71.11,9.7,0.4,4,0,507.09,510.46
22-09-2022 18:00,487.12,31.47,52.24,8.52,0.64,4,0,505.12,510.38
23-09-2022 04:00,446.33,36.53,61.79,11.96,0.08,5,0,498.16,510.46
23-09-2022 05:00,507.7,25.61,34.15,7.37,0.08,5,0,496.77,510.32
23-09-2022 19:00,486.6,25.76,89.7,14.56,0.14,5,0,500.93,511.4
24-09-2022 04:00,619.62,24.61,40.57,3.38,0.04,6,1,501.53,512.22
24-09-2022 07:00,480.08,33.87,76.43,13.91,0.08,6,1,505.68,511.08
24-09-2022 09:00,524.59,24.08,75.55,12.09,0.01,6,1,511.74,511.55
24-09-2022 13:00,490.68,28.81,30.81,7.71,0.27,6,1,517.27,512.64
24-09-2022 17:00,463.79,33.84,43.3,2.5,0.14,6,1,513.74,511.51
24-09-2022 21:00,607.59,30.18,67.06,3.06,0.26,6,1,520,512.78
24-09-2022 22:00,464.56,37.44,74.4,14.96,0,6,1,519.34,512.82
25-09-2022 02:00,546.49,22.94,31.43,12.05,0.37,7,1,525.51,513.23
25-09-2022 06:00,537.07,25.44,33.65,12.83,0.02,7,1,522.56,512.91
25-09-2022 07:00,477.86,21.64,33.22,1.92,0.3,7,1,522.47,513.02
25-09-2022 09:00,448.93,14.17,77.44,6.5,0.28,7,1,510.72,512.23
25-09-2022 12:00,477.02,20.71,68.36,2.76,0.05,7,1,509.36,513
25-09-2022 13:00,491.54,32.96,55.74,2.7,0.23,7,1,509.4,512.72
25-09-2022 19:00,410.85,23.72,33.53,12.52,0.14,7,1,500.57,513
26-09-2022 14:00,543.45,24.28,30.44,13.68,0.01,1,0,492.77,513.76
26-09-2022 15:00,539.84,16.7,53.1,10.76,0.33,1,0,495.68,513.51
26-09-2022 16:00,594.96,19.03,54.63,1.58,0.12,1,0,500.64,514
26-09-2022 19:00,503.1,22.35,47.62,5.3,0.06,1,0,510.33,515.38
26-09-2022 23:00,465.57,17.74,36.34,11.88,0.13,1,0,510.41,515.94
27-09-2022 04:00,559.86,28.81,72.77,8.15,0.28,2,0,511.96,516.11
27-09-2022 08:00,607.94,31.74,73.55,5.25,0.02,2,0,512.01,515.62
27-09-2022 09:00,558.98,24.91,58.47,1.4,0.16,2,0,516.44,515.47
27-09-2022 11:00,425.58,37.51,32.22,7.42,0.11,2,0,513.12,514.52
27-09-2022 12:00,437.52,30.25,86.42,0.47,0.31,2,0,509.01,514.03
27-09-2022 18:00,457.15,21.44,34.26,7.47,0.48,2,0,500.45,513.41
27-09-2022 21:00,472.71,26.19,32.14,13.01,0.1,2,0,490.82,512.89
27-09-2022 22:00,456.64,21.86,82.68,12.02,0.44,2,0,489.31,512.27
27-09-2022 23:00,526.18,20.54,55.43,14.59,0.22,2,0,491.84,512.48
28-09-2022 03:00,582.13,12.76,69.58,5.33,0.24,3,0,498.02,513.64
28-09-2022 06:00,495.57,15.66,32.98,12.9,0.15,3,0,504.21,514.84
28-09-2022 07:00,565.81,28.34,66.91,6.12,0.32,3,0,509.73,515.28
28-09-2022 18:00,467.25,16.61,85.79,13.93,0.25,3,0,501.55,514.91
28-09-2022 22:00,552.62,24.02,57.86,2.46,0.07,3,0,503.56,514.12
29-09-2022 14:00,553.29,30.68,67.27,9.71,0.1,4,0,493.29,513.76
29-09-2022 18:00,542.1,23.03,44.13,11.82,0.11,4,0,496.87,513.71
29-09-2022 19:00,452.67,34.02,48.23,11.73,0.57,4,0,496.47,513.12
29-09-2022 20:00,479.56,29.22,72.62,11.26,0.06,4,0,496.57,512.55
29-09-2022 21:00,502.2,24.62,61.04,4.44,0.14,4,0,499.75,512.96
30-09-2022 06:00,587.06,27.27,33.69,8.96,0,5,0,505.74,513.82
30-09-2022 11:00,519.56,36.16,32.52,14.88,0.01,5,0,501.17,514.66
30-09-2022 19:00,479.87,22.55,31.32,2.11,0.02,5,0,502.36,513.33
30-09-2022 22:00,502.71,25.14,43.6,6.3,0.01,5,0,497.31,513
01-10-2022 08:00,452.77,40.8,79.58,8.54,0.21,6,1,497.87,512.26
01-10-2022 12:00,608.21,24.66,79.21,14.44,0.19,6,1,505.45,512.7
01-10-2022 20:00,499.73,28.85,60.95,0.54,0.12,6,1,515.88,513
01-10-2022 22:00,538.08,33.15,86.84,9.06,0.01,6,1,515.25,512.4
01-10-2022 23:00,530.27,16.79,82.4,10.02,0.26,6,1,517.35,512.54
02-10-2022 01:00,588.13,35.46,59.42,6.59,0.13,7,1,525.92,513.22
02-10-2022 02:00,478.14,24.08,49.96,7.71,0.2,7,1,525.1,512.81
02-10-2022 03:00,413.51,14.62,40.49,13.06,0.08,7,1,517.55,512.3
02-10-2022 05:00,550.56,23.03,61.01,6.02,0.17,7,1,521.61,512.94
02-10-2022 07:00,483.03,32.68,47.71,9.85,0.22,7,1,520.39,512.94
02-10-2022 11:00,454.82,17.93,81.26,0.44,0.04,7,1,513.84,512.56
02-10-2022 16:00,509.99,22.84,85.23,14.42,0.21,7,1,507.31,513.25
02-10-2022 21:00,415.89,31.45,35.01,11.03,0.24,7,1,503.83,513.54
02-10-2022 23:00,474.86,10.39,44.47,5.85,0.04,7,1,496.91,512.35
03-10-2022 01:00,577.52,28.64,47.77,6.91,0.05,1,0,493.33,512.22
03-10-2022 08:00,569.59,19.14,40.32,2.34,0.1,1,0,510.22,515.85
03-10-2022 13:00,372.19,36.21,70.31,4.31,0.05,1,0,507.77,515.41
03-10-2022 14:00,484.05,25.49,42.13,5.25,0.02,1,0,509.29,515.05
03-10-2022 18:00,508.51,21.1,62.14,13.11,0.06,1,0,507.04,513.58
03-10-2022 19:00,519.28,23.09,54.66,10.9,0.17,1,0,506.38,513.68
04-10-2022 09:00,494.87,20.45,41.83,13.66,0.21,2,0,509.06,514.79
04-10-2022 11:00,487.39,28.37,78.9,10.76,0.21,2,0,509.2,515.34
04-10-2022 12:00,566.08,34.56,74.16,14.7,0.78,2,0,509.04,516.12
04-10-2022 15:00,620.89,19.26,65.07,5.84,0.42,2,0,522.16,516.2
04-10-2022 18:00,533.65,12.99,45.54,1.2,0.12,2,0,523.74,516.97
04-10-2022 20:00,533.01,43.5,68.85,0.61,0.28,2,0,522.19,517.29
05-10-2022 00:00,483.81,26.71,65.94,0.82,0.13,3,0,510.59,516.46
05-10-2022 05:00,491.62,25.08,81.21,0.67,0.12,3,0,501.62,514.91
05-10-2022 14:00,445.25,34.08,42.56,12.56,0.2,3,0,486.64,513.29
05-10-2022 15:00,454.14,16.28,77.97,12.76,0.02,3,0,479.69,512.84
05-10-2022 19:00,558.96,20.06,75.42,2,0.1,3,0,486.06,514.7
05-10-2022 21:00,539.25,25.18,66.19,8.07,0.23,3,0,489.08,515.77
06-10-2022 05:00,438.96,26.28,70.53,10.24,0.01,4,0,495.19,515.74
06-10-2022 13:00,482.9,28.09,52.01,8.39,0.15,4,0,496.55,514.43
06-10-2022 23:00,438.51,13.98,46.65,5.56,0.07,4,0,481.99,513.33
07-10-2022 04:00,505.51,27.61,85.95,13.62,0.21,5,0,486.73,514.21
07-10-2022 05:00,507.34,25.29,40.86,10.6,0.02,5,0,489.58,514.24
07-10-2022 09:00,514.52,45,57.23,12.36,0.38,5,0,496.96,514.08
07-10-2022 10:00,592.61,33.26,87.18,10.76,0.09,5,0,503.7,514.74
07-10-2022 18:00,485.47,20.8,77.99,12.77,0.43,5,0,508.66,514.42
07-10-2022 22:00,548.05,36.58,70.19,0.47,0.07,5,0,515.43,516.18
08-10-2022 00:00,553.52,16.12,85.1,1.75,0.01,6,1,515.39,517.19
08-10-2022 09:00,500.49,23.57,58.18,12.18,0.08,6,1,517.45,517.14
08-10-2022 23:00,520.79,21.08,36.34,1.12,0.07,6,1,511.79,515.36
09-10-2022 01:00,460.82,23.99,87.55,1.95,0.19,7,1,504.03,514.33
09-10-2022 10:00,524.44,13.52,65.85,10.75,0.56,7,1,506.23,515.32
09-10-2022 13:00,501.36,17.02,82.42,8.6,0.26,7,1,504,515.05
09-10-2022 16:00,453.57,23.03,89.41,13.1,0.2,7,1,501.81,514.77
09-10-2022 17:00,543.68,27.28,77.14,5.18,0.02,7,1,506.29,514.82
09-10-2022 18:00,499.69,10.94,36.01,0.84,0.1,7,1,503.64,514.89
10-10-2022 03:00,500.42,31.53,88.36,2.44,0.15,1,0,493.82,514.56
10-10-2022 06:00,435.86,26.7,80.48,3.78,0.12,1,0,486.84,512.5
10-10-2022 09:00,486.09,5.94,64.93,11.41,0,1,0,488.84,511.88
10-10-2022 10:00,398.79,21.61,83.08,2.67,0.3,1,0,483.6,510.83
10-10-2022 21:00,526.73,30.58,58.32,9.06,0.22,1,0,484.73,510.84
11-10-2022 01:00,492.89,26.41,84.33,9.59,0.13,2,0,487.32,509.53
11-10-2022 09:00,523.31,17.45,89.26,6.9,0.11,2,0,479.34,507.55
12-10-2022 03:00,445.96,35.81,78.08,0.68,0.34,3,0,489.55,506.5
12-10-2022 07:00,485.09,26.46,47.89,3.86,0.1,3,0,494.34,506.64
12-10-2022 08:00,530.93,43.59,35.87,10.42,0.01,3,0,495.61,506.87
12-10-2022 09:00,557.21,33.68,63.02,0.09,0.39,3,0,497.03,506.92
12-10-2022 13:00,563.65,28.64,54.35,11.83,0.04,3,0,501.66,507.31
12-10-2022 14:00,459.37,37.47,65.02,2.92,0,3,0,497.35,507.4
12-10-2022 16:00,486.87,23.59,68.69,12.64,0.06,3,0,497.28,507.91
12-10-2022 20:00,417.67,39.58,36.67,2.5,0.12,3,0,504.95,508.06
13-10-2022 03:00,546.49,23.44,63.36,11.18,0.22,4,0,502.62,506.79
13-10-2022 07:00,630.15,34.44,41.75,0.05,0.03,4,0,512.73,509.41
13-10-2022 13:00,479.8,21.88,73.93,1.58,0.15,4,0,513.71,509.81
13-10-2022 20:00,548.99,25.13,51.19,3.77,0.03,4,0,500.41,509.9
13-10-2022 22:00,589.21,29.93,86.97,10.38,0.1,4,0,507.2,509.97
14-10-2022 02:00,468.61,37.68,87.96,14.16,0.23,5,0,508.33,509.76
14-10-2022 09:00,473.41,24,86.79,0.88,0.12,5,0,492.98,508.45
14-10-2022 15:00,429.12,30.99,47.96,14.92,0.33,5,0,485.76,507.67
15-10-2022 04:00,517.55,24.83,52.35,3.67,0.15,6,1,494.87,505.62
15-10-2022 11:00,501.71,19.03,30.7,2.14,0.12,6,1,501.74,505.44
15-10-2022 16:00,544.05,17.32,36.37,4.83,0.26,6,1,509.71,506.01
15-10-2022 18:00,566.11,25.91,57.28,9.47,0.43,6,1,504.45,506.05
16-10-2022 08:00,530.53,14.5,32.67,6.28,0,7,1,511.64,506.76
16-10-2022 09:00,578.7,38.46,58.51,4.58,0,7,1,512.32,506.75
16-10-2022 11:00,494.14,27.54,67.38,1.05,0.66,7,1,510.28,506.63
17-10-2022 00:00,476.88,21.12,43.01,14.65,0.01,1,0,517.88,509.85
17-10-2022 05:00,455.39,5.31,60.06,7.02,0.36,1,0,518.04,509.92
17-10-2022 06:00,491.44,20.39,57.28,11.98,0.16,1,0,517.46,510.26
17-10-2022 07:00,477.11,31.82,68.15,2.76,0,1,0,513.62,509.84
17-10-2022 10:00,494.97,24.18,55,11.17,0.11,1,0,506.46,509.76
18-10-2022 10:00,535.55,33.02,83.34,8.6,0.03,2,0,496.21,511.48
18-10-2022 17:00,473.13,22.07,62.62,4.09,0.4,2,0,487.82,511.02
18-10-2022 20:00,439.68,21.55,41.79,13.36,0.04,2,0,487.95,510.64
19-10-2022 02:00,499.49,19.68,86.93,14.25,0.1,3,0,498.84,511.63
19-10-2022 14:00,611.86,22.82,60.63,7.61,0.26,3,0,510.24,513.84
19-10-2022 16:00,549.19,16.55,32.11,9.23,0.21,3,0,516.76,514.07
19-10-2022 23:00,541.82,37.51,86.33,5.54,0.07,3,0,512.23,512.75
20-10-2022 00:00,435.07,29.69,52.49,12.64,0.09,4,0,508.62,512.2
20-10-2022 03:00,484.93,27.27,45.07,11.9,0.14,4,0,509.52,512.6
20-10-2022 04:00,524.83,35.4,41.34,10.34,0.36,4,0,509.93,512.18
20-10-2022 09:00,578.67,28.18,67.07,5.13,0.25,4,0,512.49,512.43
20-10-2022 10:00,496.68,23.65,77.75,11.72,0.26,4,0,510.18,512.24
20-10-2022 16:00,598.05,22.76,72.26,10.41,0.02,4,0,504.89,513.28
20-10-2022 17:00,432.78,24.18,53.83,14.75,0.85,4,0,503.43,513.18
21-10-2022 00:00,524.79,22.02,35.18,2.29,0.23,5,0,506.72,511.98
21-10-2022 08:00,499.3,33.31,39.29,3.26,0.09,5,0,498.96,512.67
21-10-2022 13:00,486.79,30.68,54.37,14.02,0.2,5,0,490.16,512.37
21-10-2022 16:00,584.64,24.96,77.89,3.76,0.09,5,0,488.61,513.64
21-10-2022 22:00,543.27,29.8,74.01,14.54,0.53,5,0,491.85,512.38
22-10-2022 10:00,512.95,37.08,51.07,1.73,0.16,6,1,492.46,511.78
22-10-2022 14:00,455.73,34.55,81.19,8.66,0.54,6,1,501.53,512.15
22-10-2022 21:00,567.15,24.51,78.94,0.29,0.06,6,1,509.79,513.1
23-10-2022 15:00,509.8,27.75,77.8,11.3,0.35,7,1,507.25,510.72
23-10-2022 18:00,462.98,17.33,77.33,8.14,0.23,7,1,500.57,509.1
23-10-2022 19:00,504.92,29.31,71.58,6.15,0.12,7,1,497.71,509.23
23-10-2022 20:00,516.4,26.27,76.61,2.38,0.49,7,1,498.98,509.26
24-10-2022 02:00,484.9,21.15,70.65,10.19,0.77,1,0,492.46,508.03
24-10-2022 03:00,498.35,23.81,33.56,9.56,0.04,1,0,489.79,508.01
24-10-2022 08:00,511.05,20.36,49.8,8.58,0.49,1,0,484.54,507.97
25-10-2022 07:00,451.9,30.61,71.02,0.44,0,2,0,494.65,508.26
25-10-2022 09:00,577.98,36.94,76.07,0.98,0.19,2,0,500.97,509.39
25-10-2022 10:00,603.69,22.11,63.24,1.76,0.05,2,0,504.45,509.8
25-10-2022 11:00,609.53,19.59,48.28,8.85,0.23,2,0,506.09,510.53
25-10-2022 13:00,455.79,25.43,49.41,10.56,0.1,2,0,500.73,510.27
25-10-2022 20:00,401.51,23.74,48.92,4.81,0.49,2,0,507.38,511.64
25-10-2022 22:00,526.22,23.55,32.62,0.74,0.04,2,0,513.62,511.42
26-10-2022 00:00,501.21,19.19,33.21,4.97,0.24,3,0,510.25,511.14
26-10-2022 01:00,509.04,27.96,69.09,5.13,0.37,3,0,511.81,510.95
27-10-2022 06:00,520.32,31.13,89.6,1.64,0.29,4,0,515.55,512.83
27-10-2022 15:00,556.72,11.53,45.8,10.99,0.04,4,0,521.53,512.24
28-10-2022 04:00,500.21,17.28,37.24,9.84,0.33,5,0,493.96,511.15
28-10-2022 09:00,498.94,26.81,46.1,12.77,0.3,5,0,490.1,511.25
28-10-2022 15:00,606.08,31.6,66.5,2.19,0.01,5,0,494.17,512.97
28-10-2022 16:00,511.11,31.34,82.95,9.93,0.2,5,0,494.09,512.53
28-10-2022 18:00,429.18,31.17,79.29,3.74,0.03,5,0,495.84,513.64
28-10-2022 21:00,493.89,24.01,49.45,4.71,0.11,5,0,498.3,513.02
29-10-2022 00:00,502.69,30.58,81.09,13.51,0.23,6,1,501.49,512.12
29-10-2022 02:00,494.48,28,82.67,14.83,0.3,6,1,503.18,513
29-10-2022 16:00,556.68,22.86,81.17,2.32,0.54,6,1,485.44,510.74
29-10-2022 20:00,560.31,24.37,89.4,1.6,0.16,6,1,489.75,510.54
29-10-2022 21:00,521.27,19.48,56.73,8.32,0.77,6,1,490.89,510.27
30-10-2022 01:00,571.13,31.63,87.63,12.52,0.53,7,1,498.08,511.71
30-10-2022 10:00,581.43,25.99,76.37,11.67,0.15,7,1,511.28,512.06
30-10-2022 13:00,524.84,27.62,72.17,5.03,0.31,7,1,509.4,511.71
30-10-2022 16:00,483.52,36.87,61.13,14.87,0.1,7,1,508.61,511.77
31-10-2022 04:00,529.34,23.42,71.82,4.89,0.28,1,0,495.94,512.33
31-10-2022 09:00,528.94,34.05,88.91,9.57,0.04,1,0,490.14,512.42
31-10-2022 17:00,509.67,24.62,64.11,10.97,0.05,1,0,497.08,512.66
01-11-2022 00:00,525.56,28.73,46.98,5.16,0.18,2,0,494.33,513
01-11-2022 03:00,483.53,29.32,74.07,11.21,0.23,2,0,499.17,513.6
01-11-2022 10:00,525.19,34.15,87.76,1.66,0.67,2,0,501.45,511.8
01-11-2022 15:00,506.77,28.63,67.61,1.81,0.06,2,0,495.05,510.33
01-11-2022 17:00,569.7,29.68,48.58,5.33,0.35,2,0,496.6,510.66
01-11-2022 20:00,532.85,36.88,84.81,2.86,0.01,2,0,492.99,511.01
01-11-2022 23:00,461.11,18.25,42.49,9.58,0.07,2,0,490.64,510
02-11-2022 00:00,350.13,35.31,70.87,4.57,0.03,3,0,483.33,509.08
02-11-2022 02:00,547,28.08,83.66,7.61,0.08,3,0,486.89,509.41
02-11-2022 03:00,545.83,24.33,53.11,6.04,0.18,3,0,489.49,509.48
02-11-2022 12:00,516.45,36.72,88.66,14.62,0.15,3,0,497.25,509.42
02-11-2022 13:00,579.06,24.02,73.38,1.7,0.23,3,0,503.02,510.24
02-11-2022 16:00,447.79,40.73,68.59,2.4,0.64,3,0,502.33,510.31
02-11-2022 18:00,545.12,27.63,72.48,6.89,0.2,3,0,503.25,510.49
03-11-2022 04:00,630.5,21.15,74.81,8.51,0.35,4,0,517.05,510.23
03-11-2022 15:00,425.95,21.52,64.23,5.32,0.05,4,0,516.55,509.99
03-11-2022 18:00,456.34,42.68,54.09,6.25,0,4,0,508.37,508.76
03-11-2022 19:00,436.14,25.04,32.7,6.46,0.03,4,0,503.15,508.74
03-11-2022 21:00,511.45,23.85,43.09,9.61,0.66,4,0,504.33,509.49
03-11-2022 23:00,501.3,24.68,44.11,1.08,0.41,4,0,505.1,509.94
04-11-2022 01:00,447.89,42.4,59,2.31,0.42,5,0,502.95,510.21
04-11-2022 05:00,449.08,12.78,83.18,12.61,0.63,5,0,487.12,509.43
04-11-2022 06:00,527.7,20.6,49.11,6.75,0.33,5,0,488.25,509.92
04-11-2022 07:00,401.62,27.96,81.47,3.77,0.04,5,0,484.55,509.21
04-11-2022 13:00,460.42,18.09,72.63,11.21,0.34,5,0,476.49,508.1
04-11-2022 17:00,508.04,33.47,67.37,8.48,0.65,5,0,493.28,508.22
04-11-2022 19:00,572.24,25.54,81.87,10.76,0.02,5,0,501.24,509.23
05-11-2022 00:00,519.54,19.97,59.09,2.32,0.1,6,1,497.02,509.79
05-11-2022 01:00,494.63,22.02,49.84,5.85,0.09,6,1,498.96,509.88
05-11-2022 02:00,545.37,29.65,58.07,14.62,0.37,6,1,504.87,510.19
05-11-2022 13:00,502.89,20.46,67.51,10.07,0.02,6,1,514.48,511.45
06-11-2022 00:00,526.71,15.41,67.55,5.76,0.15,7,1,505.29,511.39
06-11-2022 05:00,520.8,29.72,72.35,13.15,0.04,7,1,502.27,509.67
06-11-2022 09:00,491.02,25.41,63,1.35,0.01,7,1,500.59,510.12
06-11-2022 22:00,520.09,25.44,75.25,1.63,0.06,7,1,505.82,512.22
06-11-2022 23:00,461.36,15.74,32.1,8.15,0.15,7,1,504.09,511.41
07-11-2022 00:00,557.14,25.43,41.24,14.36,0.02,1,0,505.35,511.48
07-11-2022 01:00,528.26,23.48,56.07,8.26,0.02,1,0,509.19,511.86
07-11-2022 07:00,459.25,26.03,42.9,14.05,0.75,1,0,512.48,513.67
07-11-2022 11:00,394.99,30.49,52.88,1.35,0.74,1,0,508.08,512.29
07-11-2022 14:00,576.07,30.38,53.35,0.01,0.31,1,0,509.93,512.69
07-11-2022 15:00,563.01,34.38,76.82,14.1,0.07,1,0,512.16,513.43
07-11-2022 21:00,443.95,38.49,68.28,0.15,0.19,1,0,508,513.13
08-11-2022 01:00,469.51,32.08,74.43,5.36,0.04,2,0,505.43,513.27
08-11-2022 04:00,484.47,21.95,83.93,11.05,0.04,2,0,509.32,513.72
08-11-2022 10:00,490.85,7.93,78.13,8.5,0.04,2,0,510.52,514.31
08-11-2022 18:00,593.11,25.17,47.45,3.84,0.32,2,0,508.21,515.76
08-11-2022 21:00,571.71,15.16,80.94,11.37,0.12,2,0,521.34,517.39
09-11-2022 01:00,475.39,17.29,80.99,2.71,0.36,3,0,521.8,518.7
09-11-2022 06:00,456.28,21.17,63.17,8.95,0.02,3,0,509.12,516.31
09-11-2022 14:00,469.5,19.13,59.71,9,0.27,3,0,499.18,514.37
09-11-2022 16:00,450.06,28.16,74.96,1.28,0.09,3,0,490.89,514.35
10-11-2022 09:00,403.32,20.46,44.01,1.46,0.18,4,0,472.23,509.49
10-11-2022 11:00,553.14,38.88,30.89,13.6,0.06,4,0,478.21,510.21
11-11-2022 02:00,450.79,16.16,84.87,10.32,0.08,5,0,506.7,513.02
11-11-2022 03:00,458.01,25.07,34.6,5.57,0.81,5,0,505.25,512.55
11-11-2022 05:00,534.19,19.83,89.62,12.95,0.18,5,0,507.77,513.63
11-11-2022 08:00,501.25,28.14,84.41,1.26,0.39,5,0,503.99,513.37
11-11-2022 09:00,530.82,35.63,59,13.68,0.56,5,0,509.3,514.28
11-11-2022 18:00,481.35,30.45,85.96,14.13,0.97,5,0,501.53,512.51
11-11-2022 23:00,540.72,32.75,65.02,4.15,0.18,5,0,508.13,513.47
12-11-2022 00:00,541.08,33.4,84.06,7.52,0.25,6,1,505.68,513.6
12-11-2022 02:00,489.75,12.99,36.74,14.45,0.06,6,1,510.81,513.88
12-11-2022 03:00,559.45,21.82,50.42,5.36,0.03,6,1,515.03,514.6
12-11-2022 05:00,530.75,30.97,36.82,4.81,0.09,6,1,513.03,514.96
12-11-2022 06:00,489.27,27.89,68.45,10.91,0.09,6,1,515.82,514.88
12-11-2022 12:00,455.91,14.61,30.94,1.15,0.63,6,1,520.39,513.96
12-11-2022 13:00,456.33,37.17,56.51,0.84,0.41,6,1,515.14,513.67
12-11-2022 14:00,475.95,28.27,69.52,6.19,0.17,6,1,513.11,513.71
12-11-2022 15:00,433.58,27.98,41.27,11.77,0.08,6,1,508.25,513.4
12-11-2022 20:00,479.99,21.8,80.1,8.59,0.08,6,1,514.19,513.87
13-11-2022 03:00,473.93,36.24,57.75,14.71,0,7,1,502.26,514.69
13-11-2022 09:00,515.56,25.39,63.89,11.11,0.94,7,1,499.86,514.16
13-11-2022 11:00,479.51,24.34,77.66,4.53,0.71,7,1,500.88,514.55
13-11-2022 15:00,403.66,24.38,68.72,4.07,0.05,7,1,506.13,513.52
13-11-2022 18:00,454.19,41.38,39.74,0.68,0.22,7,1,497.53,512.14
13-11-2022 21:00,496.25,28.57,81.55,11.32,0.04,7,1,485.44,511.2
14-11-2022 06:00,478.32,26.43,84.24,4.81,0.7,1,0,479.74,509.51
14-11-2022 08:00,530.14,20.1,75.35,7.69,0.49,1,0,485.43,509.91
14-11-2022 20:00,553.65,39.26,75.25,6.56,0.18,1,0,497.69,509.38
15-11-2022 07:00,535.42,29.28,31.74,10.57,0.03,2,0,502.65,509.16
15-11-2022 12:00,523.5,15.98,65.11,9.87,0.18,2,0,499.51,508.61
15-11-2022 14:00,559.41,22.5,73.3,6.16,0.26,2,0,504.5,509.7
15-11-2022 18:00,529.55,23.07,39.81,7.79,0.02,2,0,510.23,509.34
15-11-2022 20:00,355.24,25.6,50.26,3.47,0.06,2,0,504.8,507.75
16-11-2022 01:00,504.47,26.74,89.73,10.7,0.14,3,0,504.55,507.04
16-11-2022 09:00,571.17,25.76,32.65,14.59,0.12,3,0,499.3,507.88
16-11-2022 18:00,489.46,31.08,49.25,1.38,0.17,3,0,495.39,510.56
17-11-2022 02:00,484.86,25.9,47.04,5.92,0.24,4,0,492.22,510.39
17-11-2022 03:00,530.22,33.59,52.59,1.37,0.1,4,0,492.75,510.62
17-11-2022 13:00,509.52,23.32,38.08,12.19,0.29,4,0,492.75,510.71
17-11-2022 16:00,595.64,23.73,85.35,0.82,0.22,4,0,493.77,510.71
17-11-2022 18:00,495.61,30,49.52,9.86,0.38,4,0,492.49,510
17-11-2022 20:00,507.76,24.18,45.22,4.77,0.32,4,0,493.36,509.83
17-11-2022 21:00,492.18,16.32,45.71,3.73,0.06,4,0,490.52,509.61
18-11-2022 04:00,521.84,30.13,87,4.09,0.1,5,0,507.09,509.83
18-11-2022 06:00,599.96,24.67,57.24,11.42,0.49,5,0,516.96,510.71
18-11-2022 07:00,403.92,17.35,82.96,4.91,0.13,5,0,510.86,510.61
18-11-2022 11:00,451.62,25.81,84.45,2.28,0.09,5,0,509.8,510.98
18-11-2022 12:00,483.04,32.9,88.65,5.48,0.29,5,0,507.22,511.22
18-11-2022 21:00,560.44,36.17,78.52,2.22,0.06,5,0,504.56,509.73
18-11-2022 22:00,659.65,24.19,48.5,0.64,0.12,5,0,508.8,510.13
19-11-2022 04:00,505.05,34.2,54.66,9.04,0.1,6,1,500.62,508
19-11-2022 06:00,567.96,23.87,72.53,9,0.23,6,1,498.32,508.16
19-11-2022 07:00,538.21,17.96,79.19,14.17,0.38,6,1,503.91,508.81
19-11-2022 12:00,526,29.08,85.03,2.89,0.27,6,1,507.15,509.29
19-11-2022 15:00,421.78,32.39,61.6,9.67,0.27,6,1,500.71,509.93
19-11-2022 20:00,508.86,26.1,36.78,5.63,0.31,6,1,509.11,508.96
20-11-2022 08:00,472.3,17.86,71.19,11.13,0.17,7,1,501.74,509.19
20-11-2022 13:00,550.5,30.47,72.92,10.72,0.19,7,1,500.29,508.74
20-11-2022 17:00,476.22,28.04,78.27,3.31,0.16,7,1,505.66,510.36
20-11-2022 20:00,521.69,15.89,37.19,11.97,0.64,7,1,505.23,511.45
20-11-2022 21:00,542.06,28.2,36.94,2.05,0.15,7,1,502.07,511.73
21-11-2022 08:00,461.09,28.83,74.11,3.39,0.09,1,0,507.35,512.39
21-11-2022 11:00,546.22,26.45,46.8,9.47,0.02,1,0,509.25,511.91
21-11-2022 14:00,556.42,20.98,69.03,4.07,0.26,1,0,504.59,511.81
21-11-2022 15:00,494.18,36.76,74.46,8.36,0.06,1,0,502.87,512.05
21-11-2022 19:00,481.61,30.64,31.85,2.22,0.73,1,0,508.93,513.28
22-11-2022 03:00,400.47,17.88,34.25,0.88,0.15,2,0,496.19,511.14
22-11-2022 04:00,490.79,18.46,68.5,14.55,0.43,2,0,494.87,511.52
22-11-2022 12:00,388.45,30.51,71.96,10.73,0.18,2,0,485.07,509.37
22-11-2022 14:00,440.7,31.4,51.79,10.54,0.1,2,0,480.62,508.33
23-11-2022 02:00,507.89,34.63,70.07,2.99,0.12,3,0,478.94,508.09
23-11-2022 06:00,532.43,25.58,88.38,3.91,0.02,3,0,484.97,508.78
23-11-2022 09:00,583.94,29.39,43.28,0.68,0.22,3,0,487.32,508.4
23-11-2022 10:00,492.53,38.5,80.93,9.78,0.11,3,0,488.12,508.44
23-11-2022 21:00,458.72,24.11,69.18,13.86,0.09,3,0,499.29,508.5
24-11-2022 02:00,520.12,27.53,68.67,9.77,0.22,4,0,502.58,509.59
24-11-2022 04:00,508.67,25.52,88.35,11.72,0.1,4,0,505.07,510.33
24-11-2022 07:00,587.81,26.49,32.34,5.91,0.13,4,0,508.22,511.17
24-11-2022 15:00,444.04,24.87,42.62,9.76,0.03,4,0,517.34,511.8
25-11-2022 09:00,397.03,25.18,49.58,14.47,0.25,5,0,495.52,509.04
25-11-2022 14:00,533.67,16.91,82.82,7.84,0.1,5,0,495.41,510.7
25-11-2022 17:00,514.81,32.1,49.54,5.74,0.21,5,0,499.13,511.24
25-11-2022 21:00,494.24,30.37,58.54,8.73,0.35,5,0,501.03,511.66
26-11-2022 00:00,450.6,16.29,61.26,1.47,0.08,6,1,499.17,510.89
26-11-2022 06:00,527.62,24.02,87.89,4.64,0.11,6,1,505.55,510.2
26-11-2022 16:00,450.06,31.2,78.19,6.45,0.01,6,1,497.08,510.22
26-11-2022 17:00,503.3,31.75,43.79,5.63,0.04,6,1,496.6,510.34
27-11-2022 00:00,438.3,15.42,81.44,0.16,0.11,7,1,499.08,509.54
27-11-2022 05:00,466.03,26.13,31.18,10.54,0.02,7,1,498.96,508.96
27-11-2022 08:00,458.51,34.87,80.43,13.73,0.07,7,1,492.44,508.13
28-11-2022 02:00,552.38,19.07,66.72,0.96,0.03,1,0,483.12,506.74
28-11-2022 03:00,470.89,15.43,40.78,9.2,0.07,1,0,484.05,506.27
28-11-2022 06:00,509.4,25.97,32.75,13.56,0.04,1,0,483.99,505.23
28-11-2022 09:00,398.23,29.26,62.08,5.95,0.06,1,0,485.76,505.07
28-11-2022 14:00,565.64,16.07,74.27,0.84,0.44,1,0,494.43,505.54
28-11-2022 17:00,382.99,37.08,45.5,3.41,0,1,0,490.89,503.48
28-11-2022 19:00,455.32,22.96,68.51,1.79,0.39,1,0,489.75,503.49
29-11-2022 03:00,532.34,23.94,77.88,2.41,0.16,2,0,491.87,505.64
29-11-2022 06:00,551.53,22.07,45.09,11.35,0.12,2,0,498.05,506.15
29-11-2022 08:00,490.93,28.52,42.16,4.9,0.21,2,0,494.58,505.56
29-11-2022 19:00,508.65,12.96,38.76,6.9,0.16,2,0,510.78,508.83
29-11-2022 20:00,495.04,22.61,87.54,11.48,0.17,2,0,509.32,508.78
29-11-2022 21:00,568.4,15.89,74.22,8.68,0.53,2,0,513.22,509.02
29-11-2022 22:00,494.95,27.91,36.77,5.09,0.01,2,0,508.8,508.9
30-11-2022 16:00,502.35,26.12,71.47,3.34,0.1,3,0,505.91,508.77
30-11-2022 17:00,544.68,24.91,59.36,13.44,0.65,3,0,505.38,508.98
30-11-2022 19:00,570.49,20.65,35.78,1.84,0.29,3,0,505.08,509.56
30-11-2022 20:00,576.7,15.77,39.49,11.97,0.19,3,0,508.48,509.69
30-11-2022 21:00,576.24,20.57,72.43,11.86,0.33,3,0,508.81,510.4
30-11-2022 23:00,476.09,24.39,84.6,3.34,0.47,3,0,505.52,510.37
01-12-2022 03:00,370.24,23.78,62.92,10.25,0.85,4,0,509.65,509.78
01-12-2022 04:00,515.29,36.18,69.07,11.54,0.27,4,0,508.25,509.82
01-12-2022 10:00,467.64,24.37,62.86,12.68,0.77,4,0,499.55,508.1
01-12-2022 15:00,456.11,37.95,38.17,6.84,0.43,4,0,500.91,507.05
01-12-2022 22:00,493.33,30.7,70.29,11.53,0.21,4,0,493.24,507.22
01-12-2022 23:00,510.13,25.59,41.15,4.67,0.04,4,0,494.66,507.64
02-12-2022 02:00,484.67,12.17,65.94,12.77,0.01,5,0,492.2,507.9
02-12-2022 10:00,487.36,34.97,48.21,1.81,0.2,5,0,515.16,510.39
02-12-2022 14:00,485.23,23.41,33.32,10.57,0.1,5,0,513.72,509.65
02-12-2022 15:00,603.33,14.32,57.14,0.82,0.72,5,0,519.85,509.57
02-12-2022 16:00,436.34,21.7,86,1.03,0.19,5,0,515.87,508.92
02-12-2022 20:00,508.38,24.12,76.48,8.68,0.03,5,0,513.64,508.75
02-12-2022 22:00,547.51,25.27,30.21,6.06,0.07,5,0,515.91,509.44
02-12-2022 23:00,554.07,35.88,32.49,11.08,0.42,5,0,517.74,509.6
03-12-2022 01:00,442.82,24.82,37.74,4.26,0.01,6,1,511.21,509.07
03-12-2022 05:00,318.42,33.16,35.1,2.03,0.04,6,1,495.23,508.84
03-12-2022 09:00,454.77,16.8,60.87,1.1,0.12,6,1,488.14,508.25
04-12-2022 00:00,529.46,28.65,73.67,4.4,0.05,7,1,483.64,507.43
04-12-2022 04:00,485.37,16.75,51.6,8.28,1,7,1,489.5,508.36
04-12-2022 05:00,516.55,26.56,76.28,1.97,0.11,7,1,497.76,508.66
04-12-2022 07:00,473.35,7.28,49.01,2.59,0.07,7,1,501.87,509.43
04-12-2022 13:00,489.29,13.02,82.68,6.63,0.29,7,1,505.44,510.93
04-12-2022 17:00,396.14,25.35,31.23,2.63,0.42,7,1,505.46,511.34
04-12-2022 23:00,478.18,34.35,84.42,12.44,0.03,7,1,501.75,510.43
05-12-2022 05:00,499.56,27.55,38.31,10.23,0.12,1,0,501.31,511.82
05-12-2022 06:00,549.86,22.24,36.66,13.57,0.12,1,0,502.47,512.06
05-12-2022 08:00,464.76,31.07,37.81,10.34,0.17,1,0,498.62,511.19
05-12-2022 10:00,473.51,14.63,84.3,12.9,0.26,1,0,494.87,511.87
05-12-2022 13:00,496.3,30.92,85.75,9.5,0.3,1,0,494.74,511.48
05-12-2022 17:00,388.74,31.57,50.06,6.98,0.48,1,0,498.58,512.46
05-12-2022 20:00,557.97,11.06,71.23,2.66,0.21,1,0,502.21,513.19
05-12-2022 21:00,529.92,15.1,69.69,9.73,0.01,1,0,506.21,513.52
05-12-2022 22:00,454.76,32.61,62.02,4.16,0.04,1,0,505.39,512.64
05-12-2022 23:00,544.5,26.86,46.12,2.69,0.1,1,0,508.15,512.36
06-12-2022 09:00,470.73,34.4,87.94,14.18,0.04,2,0,523.17,515.15
06-12-2022 10:00,513,18.86,51.07,3.41,0.05,2,0,524.82,515.01
06-12-2022 12:00,596,20.36,35.05,12.96,0.02,2,0,528.31,515.62
07-12-2022 02:00,493.77,17.47,73.98,3.14,0.05,3,0,526.79,516.35
07-12-2022 04:00,435.43,20.42,80.83,4.9,0.14,3,0,522.32,516.01
07-12-2022 07:00,422.73,29.08,31.91,13.92,0.01,3,0,513.15,515.13
07-12-2022 14:00,482.43,22.7,71.51,9.24,0.14,3,0,498.95,514.96
07-12-2022 15:00,421.63,27.75,71.93,11.88,0.04,3,0,493.05,514.68
07-12-2022 18:00,486.41,16.58,62.41,5.2,0.21,3,0,491.36,513.98
07-12-2022 20:00,406.6,22.76,38.03,5.82,0.03,3,0,484.44,512.79
07-12-2022 22:00,495.05,18.57,84.64,9.99,0.28,3,0,482.12,512.3
08-12-2022 11:00,484.05,23.61,49.84,2.22,0.23,4,0,487.49,513.31
08-12-2022 14:00,529.56,34.72,81.79,1.93,0.07,4,0,494.49,513.95
08-12-2022 18:00,549.57,21.58,52.21,9.61,0.06,4,0,497.62,513.57
09-12-2022 03:00,491.38,20.46,87.5,1.51,0.1,5,0,500.14,512.61
09-12-2022 04:00,551.44,21.42,88.29,13.35,0.27,5,0,504.21,512.66
09-12-2022 06:00,534.64,19.26,42.19,10.88,0.2,5,0,508.84,512.78
09-12-2022 10:00,465.56,22.33,39.47,6.64,0.1,5,0,503.84,511.76
09-12-2022 16:00,549.3,29.89,67.52,13.45,0.12,5,0,500.29,511.09
09-12-2022 17:00,445,31.59,61.47,14.51,0.06,5,0,498.39,510.51
10-12-2022 05:00,477.06,19.21,60.92,2.01,0.08,6,1,486.09,510.76
10-12-2022 12:00,515.44,40.23,30.17,10.38,0.26,6,1,485.07,511.12
10-12-2022 23:00,468.67,25.41,53.62,12.52,0.14,6,1,488.95,511.02
11-12-2022 01:00,405.06,27.99,37.3,6.62,0.26,7,1,484.96,509.98
11-12-2022 04:00,564.92,23.12,38.35,11.07,0.17,7,1,484,508.99
11-12-2022 05:00,551.6,36.06,56.49,4.03,0.32,7,1,487.11,509.21
11-12-2022 07:00,579.41,32.68,65.69,1.04,0.04,7,1,486.9,509.44
11-12-2022 10:00,520.55,17.98,77.6,5.55,0.19,7,1,494.6,510.01
11-12-2022 12:00,575.68,21.2,65.43,12.93,0,7,1,499.54,510.11
11-12-2022 14:00,488.63,25.2,45.16,10.03,0.05,7,1,494.63,509.72
11-12-2022 17:00,497.86,21.72,65.77,2.88,0.17,7,1,497.5,510.61
11-12-2022 20:00,505.69,36.1,67.79,14.39,0.01,7,1,503.13,510.91
11-12-2022 21:00,534.85,14.9,77.7,12.19,0.03,7,1,506,511.52
11-12-2022 23:00,502.51,37.43,43.05,12.57,0.02,7,1,507.14,511.81
12-12-2022 06:00,530.56,26.88,85.25,5.12,0.09,1,0,523.98,511.93
12-12-2022 07:00,501.16,4.3,72.05,9.07,0.81,1,0,520.72,512.58
12-12-2022 10:00,462.39,22.43,52.91,1.19,0.01,1,0,516.42,513.15
12-12-2022 12:00,475.32,39.19,84.27,14.45,0.11,1,0,511.85,512.65
13-12-2022 08:00,477.38,25.53,55.1,9.26,0.05,2,0,494.45,509.13
13-12-2022 19:00,530.63,29.77,40.52,11.07,0.29,2,0,493.08,507.51
13-12-2022 22:00,536.27,17.9,89.88,9.86,0.03,2,0,502.35,507.06
14-12-2022 00:00,483.93,35.59,66.4,9.97,0.08,3,0,503.1,506.75
14-12-2022 09:00,509.43,24.34,46.53,9.34,0.18,3,0,506.47,508.34
14-12-2022 10:00,434.36,35.55,82.36,5.24,0.01,3,0,502.36,507.87
14-12-2022 17:00,595.6,24.64,58.59,2.4,0.27,3,0,521.27,511.4
15-12-2022 00:00,562.24,19.3,65.11,0.35,0,4,0,507.84,511.11
15-12-2022 04:00,483.57,28.66,45.24,2.48,0.2,4,0,499.05,509.8
15-12-2022 14:00,450.87,23.92,72.87,10.47,0.08,4,0,492.58,509.66
15-12-2022 16:00,440.98,18.82,39.86,14.1,0.58,4,0,487.62,509.69
15-12-2022 18:00,502.61,24.28,48.49,4.54,0.08,4,0,486.92,509.38
15-12-2022 19:00,501.08,25.14,48.16,0.35,0.06,4,0,486.27,509.32
16-12-2022 03:00,439.85,26.84,34.98,6.24,0.06,5,0,497.07,509.17
16-12-2022 05:00,475.03,16.24,87.54,12.16,0.1,5,0,493.78,508.68
16-12-2022 08:00,500.75,12.93,60.11,11.93,0.12,5,0,493.58,508.78
16-12-2022 14:00,510.04,20.91,69.47,4.35,0.66,5,0,496.32,509.73
16-12-2022 17:00,470.03,21.95,79.83,7.88,0.08,5,0,495.77,509.29
16-12-2022 18:00,491.82,21.33,65.78,6.41,0.1,5,0,495.32,509.58
17-12-2022 21:00,429.38,28.32,72.87,4.58,0.03,6,1,501.91,511.72
17-12-2022 23:00,425.48,27.41,60.64,3.44,0.17,6,1,497.1,511.39
18-12-2022 04:00,504.27,38.86,49.24,2.74,0.08,7,1,504.92,513.65
18-12-2022 11:00,455.33,28.63,38.54,6.94,0.54,7,1,501.22,511.95
18-12-2022 14:00,527.91,25.83,57.76,0.93,0.04,7,1,499.97,511.93
18-12-2022 15:00,484.28,30.94,56.66,13.25,0.12,7,1,500.11,511.56
18-12-2022 16:00,527.98,35.63,54.15,11.3,0.36,7,1,501.27,511.48
19-12-2022 00:00,451.94,28.79,40.21,2.14,0.05,1,0,504.83,511.19
19-12-2022 05:00,503.17,31.76,47.03,2.16,0.1,1,0,505.17,511.43
19-12-2022 10:00,488.78,27.33,85.96,14.59,0.06,1,0,508.22,511.07
19-12-2022 12:00,493.13,34.42,50.75,5.9,0.13,1,0,504.09,510.65
19-12-2022 21:00,422.1,23.64,85.08,8.78,0.16,1,0,501.54,510.41
20-12-2022 00:00,502.24,12.02,71.21,3.84,0.75,2,0,503.37,511
20-12-2022 08:00,394.65,21.7,44.08,9.34,0.03,2,0,500.68,511.89
20-12-2022 16:00,578.24,26.19,74.88,6.85,0.12,2,0,513.17,513.78
20-12-2022 19:00,516.97,20.58,86.25,13.68,0.15,2,0,516.18,514.05
21-12-2022 03:00,515.91,40.33,82.21,6.29,0.07,3,0,507.79,512.12
21-12-2022 12:00,509.44,21.29,44.27,0.57,0.27,3,0,508.71,512.22
21-12-2022 19:00,585.41,7.58,35.46,4.29,0.16,3,0,504.88,512.37
21-12-2022 22:00,493.73,30.32,59.25,3.91,0.21,3,0,504.45,512.95
22-12-2022 02:00,517.84,27.98,43.03,3.44,0.15,4,0,512.09,513.58
22-12-2022 03:00,532.91,24.25,51.45,4.4,0.16,4,0,512.8,514.15
22-12-2022 04:00,477.72,27.39,66.09,12.53,0.06,4,0,514.22,514.11
22-12-2022 05:00,470.02,24.09,44.27,11.92,0.01,4,0,511.88,513.46
22-12-2022 17:00,513.62,23.69,78.02,0.77,0.17,4,0,509.81,515.66
22-12-2022 22:00,428.06,21.11,53.22,11.78,0.17,4,0,510,515.17
23-12-2022 00:00,505.62,26.79,81.11,13.74,0.28,5,0,504.95,514.65
23-12-2022 03:00,424.28,24.38,80.28,7.74,0.19,5,0,499.75,514.54
23-12-2022 08:00,493.48,36.09,73.93,8.92,0.04,5,0,499.18,513.7
23-12-2022 12:00,548.96,27.99,60.23,4.93,0.07,5,0,504.19,514.91
23-12-2022 14:00,473.19,26.86,61.17,9.88,0.01,5,0,498.81,513.83
23-12-2022 18:00,523.81,37.93,65.15,11.26,0.11,5,0,490.35,514.87
23-12-2022 23:00,471.28,35.65,65.4,0.72,0.22,5,0,492.01,513.83
24-12-2022 01:00,471.18,16.69,53.07,3.43,0.02,6,1,490.74,513.88
24-12-2022 06:00,485.23,17.57,76.27,7.45,0.39,6,1,498.92,513.56
24-12-2022 07:00,491.27,31.75,63.61,9.77,0.02,6,1,497.11,513.83
24-12-2022 14:00,461.75,14.39,82.92,8.25,0.49,6,1,489.32,512.47
24-12-2022 16:00,527.29,27.26,71.79,13.52,0.48,6,1,492.93,513.26
24-12-2022 19:00,404.59,25.18,50.81,7.12,0.08,6,1,483.85,510.68
24-12-2022 21:00,539.1,24.23,56.39,6.47,0.09,6,1,484.4,511.6
25-12-2022 06:00,440.28,29.14,37.79,4.78,0.38,7,1,486.83,510.63
25-12-2022 07:00,460.19,25.51,84.09,2.7,0.04,7,1,485.54,510.82
25-12-2022 13:00,511.48,18.71,33.58,3.17,0.24,7,1,495.17,512.17
25-12-2022 16:00,529.5,26.47,49.63,9.97,0.12,7,1,496.8,512.61
25-12-2022 19:00,491.67,26.81,64.99,1.62,0.07,7,1,509.38,512.91
26-12-2022 01:00,474.39,16.56,52.28,12.29,0.08,1,0,507.57,512.14
26-12-2022 02:00,516.59,28.84,51.17,14.62,0.08,1,0,509.03,512.05
26-12-2022 04:00,478.63,16.61,67.08,6.41,0.33,1,0,504.51,511.09
26-12-2022 16:00,499.17,16.91,59.08,13.6,0.15,1,0,496.22,510.58
26-12-2022 20:00,511.16,24.97,85.24,8.15,0.12,1,0,489.79,510.7
27-12-2022 14:00,476.42,35.32,79.11,4.59,0.37,2,0,500.61,509.78
27-12-2022 19:00,584.14,23.6,33.08,9.97,0.01,2,0,507.89,508.96
27-12-2022 20:00,453.13,17.88,54.44,4.4,0.02,2,0,505.48,508.88
28-12-2022 16:00,482.92,15.42,63.38,0.61,0.29,3,0,494.35,506.64
28-12-2022 23:00,445.81,13.32,35.98,5.01,1.12,3,0,491.92,505.97
29-12-2022 00:00,469.83,14.37,82.9,11.3,0.11,4,0,490.7,505.93
29-12-2022 02:00,509.99,27.48,50.18,11.99,0.58,4,0,486.88,506.35
29-12-2022 07:00,575.89,19.43,64.32,11.25,0.15,4,0,503.81,508.07
29-12-2022 09:00,501.59,29.8,79.69,0.24,0.13,4,0,499.38,507.74
29-12-2022 15:00,441.6,17.22,31.3,3.89,0.31,4,0,496.07,505.43
29-12-2022 16:00,504.67,26.07,58.64,11.21,0.44,4,0,496.97,505.03
29-12-2022 18:00,563.47,23.84,58.85,5.71,0.21,4,0,498.89,504.98
30-12-2022 00:00,575.37,34.43,67.53,5.15,0.27,5,0,506.83,506.2
30-12-2022 04:00,439.55,9.55,62.05,14.44,0.11,5,0,489.25,505.84
30-12-2022 13:00,555.46,23.89,61.03,3.85,0.19,5,0,502.49,506.87
30-12-2022 16:00,496.3,32.68,65.77,11.93,0.44,5,0,504.54,507.13
30-12-2022 23:00,470.44,13.72,84.44,14.98,0.28,5,0,497.29,506.54
31-12-2022 00:00,556.8,25.95,67.88,9.88,0.3,6,1,496.51,506.83
31-12-2022 08:00,485.28,34.95,74.88,13.7,0.32,6,1,515.68,508.81
31-12-2022 09:00,509.86,20.92,60.24,10.4,0.11,6,1,516.07,509.18
31-12-2022 14:00,392.09,21.15,35.66,2.58,0.09,6,1,495.64,508.27
31-12-2022 20:00,538.33,28.58,48.09,5.45,0.18,6,1,494.69,508.77
31-12-2022 23:00,556.13,20.35,41.82,2.49,0.13,6,1,498.8,508.74
01-01-2023 01:00,540.21,19.95,58.01,8.04,0.03,7,1,497.63,509.07
01-01-2023 11:00,430.28,32.87,69.41,8.79,0.04,7,1,481.79,507.97
01-01-2023 20:00,499.79,39.81,76.22,13.19,0.12,7,1,495.22,506.53
02-01-2023 00:00,561.97,23.28,33.79,2.78,0.12,1,0,503.57,508.09
02-01-2023 02:00,511.01,31.23,68.14,6.39,0.07,1,0,499.71,508.38
02-01-2023 03:00,450.61,23.47,46.95,7.11,0.07,1,0,496,508.03
02-01-2023 10:00,464.89,25.9,72.11,6.45,0.01,1,0,499.35,507.92
02-01-2023 11:00,454.22,28.68,60.77,4.6,0.25,1,0,500.35,507.8
02-01-2023 12:00,460.43,20.26,83.94,10.38,0.18,1,0,499.63,507.67
02-01-2023 14:00,380.97,27.15,71.38,14.64,0.23,1,0,495.46,506.79
02-01-2023 15:00,462.69,20.31,48.35,7.81,0.57,1,0,490.88,506.43
02-01-2023 17:00,516.19,23.36,48.01,12.88,0.01,1,0,491.83,507.19
02-01-2023 18:00,521,23.09,41.02,12.59,0.04,1,0,493.5,507.61
02-01-2023 21:00,494.21,20.8,69.39,8.99,0.1,1,0,487.74,506.78
03-01-2023 02:00,471.88,26.73,51.32,1.33,0.11,2,0,483.62,507.49
03-01-2023 04:00,482,45,69.09,4.53,0.19,2,0,488.3,507.79
03-01-2023 05:00,445.87,32.02,35.4,5.82,0.59,2,0,486.8,507.8
03-01-2023 13:00,546.29,15.56,49.32,0.25,0.49,2,0,497.25,506.88
03-01-2023 14:00,578.25,25.31,68.8,13.38,0.02,2,0,505.47,507.49
03-01-2023 15:00,424.39,18.03,63.71,0.68,0.38,2,0,503.87,506.99
03-01-2023 18:00,503.44,30.74,88.4,0.31,0.25,2,0,498,506.63
04-01-2023 03:00,509.2,15.6,73.77,2.84,0.34,3,0,497.89,506.52
04-01-2023 11:00,496.98,20.65,62.85,2.06,0.35,3,0,486.56,504.9
04-01-2023 17:00,446.69,34.68,62.72,4.36,0.05,3,0,484.07,505.67
04-01-2023 19:00,457.28,20.21,56.49,3.74,0.1,3,0,480.9,505.48
04-01-2023 21:00,589.99,15.86,45.49,7.58,0.83,3,0,488.32,506.08
05-01-2023 11:00,504.98,18.19,85.04,2.23,0.11,4,0,503.13,506.01
05-01-2023 17:00,556.91,23.78,57.72,8.97,0.05,4,0,510.11,507.69
05-01-2023 18:00,520.76,24.15,40.46,3.67,0.08,4,0,511.18,507.43
05-01-2023 21:00,524.13,26.8,60.57,4.99,0.01,4,0,509.84,507.4
05-01-2023 23:00,576.76,39.99,59.77,8.75,0.21,4,0,513.3,508.11
06-01-2023 02:00,492.58,29.99,49.76,13.82,0,5,0,513.25,509.35
06-01-2023 12:00,459.19,19.24,32.08,4.01,0.31,5,0,522.29,509.74
06-01-2023 14:00,507.98,28.31,32.18,0.03,0.21,5,0,521.38,509.22
06-01-2023 19:00,537.15,24.03,45.86,14.27,0.3,5,0,519.73,509.46
06-01-2023 20:00,408.87,26.16,48.12,5.4,0.16,5,0,513.96,509.13
06-01-2023 21:00,429.43,24.69,86.79,10.52,0.33,5,0,510.01,508.79
06-01-2023 22:00,481.37,28.99,45.17,2.65,0.59,5,0,507.95,509.02
06-01-2023 23:00,546.34,28.54,38.62,14.05,0.24,5,0,506.68,509.48
07-01-2023 02:00,500.24,36.74,33.82,14.13,0.24,6,1,502.75,509.14
07-01-2023 08:00,557.31,20.23,41.23,13.44,0.89,6,1,495.86,507.48
07-01-2023 10:00,422.18,15.45,74.87,8.34,0.03,6,1,487.15,506.56
07-01-2023 13:00,536.68,31.03,68.71,4.58,0.03,6,1,489.45,507.61
07-01-2023 15:00,436.45,17.64,87.35,7.94,0.18,6,1,483.02,508
07-01-2023 20:00,415.24,39.6,73.02,7.1,0.33,6,1,486.6,507.95
08-01-2023 00:00,573.58,30.33,76.91,13.78,0,7,1,491.74,508.26
08-01-2023 04:00,468.92,37.46,66.79,13.28,0.71,7,1,496.81,508.22
08-01-2023 17:00,542.88,31.98,60.1,7.15,0.19,7,1,523.16,512.06
08-01-2023 18:00,510.67,28.21,82.46,5.4,0.08,7,1,526.25,512.24
09-01-2023 02:00,500.73,31,54.71,1.25,0.76,1,0,514.25,510.35
09-01-2023 03:00,576.97,27.3,76.76,8.25,0.09,1,0,517.08,511.12
09-01-2023 09:00,476.33,29.05,33.1,1.71,0.04,1,0,510.91,512.24
09-01-2023 15:00,509.39,31.67,30.08,6.9,0.01,1,0,512.61,514.94
09-01-2023 16:00,626.95,23.52,43.63,1.37,0.29,1,0,516.01,515.42
10-01-2023 09:00,491.02,21.38,72.27,1.18,0.08,2,0,523.67,517.3
10-01-2023 11:00,425.45,12.42,86.16,6.85,0.22,2,0,512.55,516.13
10-01-2023 15:00,503.65,17.75,44.96,0.72,0.48,2,0,513.11,516.29
10-01-2023 17:00,515.45,27.18,87.59,7.38,0.06,2,0,507.2,516.52
11-01-2023 01:00,488.4,18.56,67.75,12.51,0.4,3,0,503.82,517.67
11-01-2023 07:00,479.13,30.77,46.81,11.89,0.26,3,0,505.46,518.34
11-01-2023 08:00,572.34,18.84,46.93,2.65,0.05,3,0,505.85,519.38
11-01-2023 10:00,538.38,17.97,75.36,5.98,0.75,3,0,513.46,520.48
11-01-2023 20:00,506.44,20.07,76.51,14.6,0.04,3,0,511.99,521.38
11-01-2023 22:00,566.23,29.5,79.27,13.16,0.43,3,0,513.93,521.02
12-01-2023 01:00,480.68,35.73,51.15,4.86,0.16,4,0,513.53,520.6
12-01-2023 02:00,449.08,26.02,64.7,9.41,0.02,4,0,511.57,520.13
12-01-2023 04:00,443.75,25.84,81.04,4.07,0.03,4,0,508.13,519.16
12-01-2023 07:00,430.15,23.65,75.84,11.22,0,4,0,502.35,519
12-01-2023 09:00,533.88,15.29,60.49,7.68,0.09,4,0,501.37,519.94
13-01-2023 00:00,470.51,27.1,81.29,0.97,0.45,5,0,502.2,519.38
13-01-2023 08:00,510.87,29.14,39.63,5.88,0.24,5,0,509.52,517.91
13-01-2023 13:00,485.68,16.39,43.79,1.25,0.39,5,0,509.89,517.91
13-01-2023 16:00,495.28,17.79,35.78,2.98,0.31,5,0,507.49,517.34
13-01-2023 18:00,493.95,15.52,86.83,9.03,0.03,5,0,509.85,518.35
13-01-2023 23:00,533.84,22.9,33.75,9.04,0.01,5,0,497.62,518.45
14-01-2023 07:00,550.35,27.06,75.02,9.08,0.38,6,1,500.81,518.91
14-01-2023 13:00,432.07,24.44,81.71,0.25,0.05,6,1,495.83,518.84
14-01-2023 15:00,477.29,28.14,50.02,14.39,0.26,6,1,495.87,519.33
14-01-2023 16:00,575.61,39,47.14,7.26,0.26,6,1,499.22,519.84
14-01-2023 19:00,547.59,24.93,31.98,6.68,0.04,6,1,506.57,520.5
14-01-2023 20:00,448.81,34.78,78.43,2.62,0.05,6,1,505.37,520.7
14-01-2023 23:00,435.67,25.05,45.08,12.81,0.46,6,1,498.08,519.89
15-01-2023 03:00,491.34,18.03,59.91,1.74,0.03,7,1,500.22,518.48
15-01-2023 15:00,466.67,24,84.49,12.16,0.06,7,1,498.67,515.99
15-01-2023 17:00,450.08,27.99,79.1,3.84,0.11,7,1,490.17,515.2
16-01-2023 00:00,500.28,18.14,49.91,6.14,0.04,1,0,491.63,515.94
16-01-2023 03:00,460.96,16.6,72.6,7.44,0.03,1,0,490.3,514.57
16-01-2023 04:00,526.55,16.9,47.65,2.38,0.23,1,0,490.08,514.19
16-01-2023 08:00,515.14,19.25,89.03,11.57,0.11,1,0,493.57,514.13
16-01-2023 11:00,465.93,25.87,80.92,3.06,0.29,1,0,493.95,513.86
16-01-2023 13:00,407.15,18.85,64.73,14.3,0.25,1,0,490.18,513.16
16-01-2023 22:00,505.71,17.43,30.9,14.1,0.23,1,0,495.73,511.02
17-01-2023 02:00,484.23,26.86,31.78,10.41,0.02,2,0,497.18,510.38
17-01-2023 03:00,474.55,32.88,39.51,10.7,0.8,2,0,497.75,510.35
17-01-2023 10:00,541.87,26.35,76.46,4.61,0.4,2,0,496.4,511.26
17-01-2023 11:00,520.41,24.59,74.97,10.01,0.03,2,0,498.67,511.84
17-01-2023 18:00,497.35,24.41,37.07,8.84,0.15,2,0,501.6,510.85
17-01-2023 19:00,557.8,26.83,32.09,0.28,0.05,2,0,505.62,510.79
18-01-2023 00:00,512.45,18.58,73.25,3.13,0.42,3,0,504.49,510.96
18-01-2023 01:00,497.9,30.07,68.66,11.15,0.32,3,0,504.72,511.02
18-01-2023 04:00,478.65,24.23,82.88,14.75,0.05,3,0,506.29,511.02
18-01-2023 05:00,578.62,24.4,55.84,4.57,0.02,3,0,513.36,510.92
18-01-2023 16:00,477.14,11.32,54.56,1.63,0.43,3,0,501.82,509.77
18-01-2023 17:00,474.51,19.82,41.58,13.31,0.3,3,0,502.57,509.81
18-01-2023 21:00,524.99,27.48,72,14.35,0.09,3,0,499.53,508.91
19-01-2023 02:00,502.76,31.51,33.94,1.18,0.53,4,0,502.93,509.63
19-01-2023 03:00,546.46,23.97,62.16,9.1,0.36,4,0,502.78,510.03
19-01-2023 04:00,534.66,12.26,65.64,7.62,0.18,4,0,505.11,510.58
19-01-2023 07:00,409.83,28.22,69.48,6.96,0.03,4,0,494.2,510.06
19-01-2023 10:00,493.6,14.62,47.03,12.41,0.12,4,0,487.66,508.99
19-01-2023 13:00,538.75,33.83,31.65,8.55,0.13,4,0,485.01,508.7
20-01-2023 23:00,385.31,28.57,37.59,8.32,0.73,5,0,487.28,504.91
21-01-2023 06:00,433.44,25.89,78.34,10.83,0.19,6,1,489.78,504.71
21-01-2023 15:00,532.03,17.12,84.66,9.16,0.16,6,1,495.12,505.78
21-01-2023 17:00,478.14,27.95,73.01,8.07,0.29,6,1,485.77,503.91
21-01-2023 22:00,460.79,25.56,57.68,4.7,0.36,6,1,488.76,503.86
22-01-2023 01:00,515.1,23.9,44.84,10.13,0.26,7,1,496.15,504.6
22-01-2023 04:00,519.81,24.56,50.52,1.08,0.27,7,1,495.47,504.15
22-01-2023 06:00,514.5,11.14,52.33,2.85,0.49,7,1,497.41,504.37
22-01-2023 09:00,543.85,22.34,45.53,0.44,0.11,7,1,500,505.67
22-01-2023 11:00,504.89,26.65,38.38,11.61,0.59,7,1,500.49,505.25
22-01-2023 12:00,473.66,24.94,37.86,6.13,0.3,7,1,497.73,504.83
22-01-2023 18:00,517.69,28.04,37.58,9.35,0.16,7,1,494.97,504.92
22-01-2023 23:00,544.07,16.9,43.59,7.31,0.3,7,1,502.2,505.7
23-01-2023 03:00,529.38,18.01,86.66,3.78,0.27,1,0,505.44,506.43
23-01-2023 04:00,509.02,17.37,49.22,3.71,0.07,1,0,504.99,506.32
23-01-2023 20:00,490.17,24.55,66.17,8.37,0.11,1,0,517.95,508.49
23-01-2023 23:00,563.26,28.6,64.86,5.79,0.42,1,0,523,509.48
24-01-2023 05:00,491.4,17.67,56.08,4.95,0.07,2,0,525.74,511.11
24-01-2023 10:00,553.01,28.89,58.46,7.01,0.26,2,0,522.13,510.42
24-01-2023 11:00,521.51,22.44,72.84,7.72,0.03,2,0,524.2,510.43
25-01-2023 05:00,429.26,26.82,44.65,12.85,0.01,3,0,513.33,511.1
25-01-2023 07:00,503.06,28.58,84.76,2.59,0.12,3,0,515.8,511.53
25-01-2023 14:00,669.03,21.87,80.3,6.78,0.02,3,0,521.9,512.53
25-01-2023 18:00,432.13,22.08,51.28,11.97,0.27,3,0,518.28,513.32
25-01-2023 21:00,585.69,5.23,60.95,2.56,0.51,3,0,525.44,514.51
26-01-2023 03:00,465.59,7.18,40.84,7.4,0.06,4,0,514.98,513.4
26-01-2023 12:00,481.57,22.29,83.19,5.19,0.11,4,0,513.25,515.61
26-01-2023 15:00,462.34,28.91,39.7,10.66,0.18,4,0,505.12,515.46
26-01-2023 23:00,493.23,19.65,38.88,5.33,0.42,4,0,495.24,515.78
27-01-2023 07:00,570.81,18.89,67.05,5.54,0.3,5,0,506.96,517.9
27-01-2023 08:00,509.06,44.07,85.61,11.85,0.14,5,0,504.05,517.88
27-01-2023 13:00,486.09,31.97,62.24,11.8,0.08,5,0,511.24,518.83
27-01-2023 15:00,502.35,25.5,63.16,10.29,0.58,5,0,506.66,517.73
27-01-2023 23:00,508.7,17.78,83.73,3.46,0.47,5,0,504.7,518.32
28-01-2023 02:00,588.99,14.98,37.55,9.68,0.03,6,1,505.91,519.06
28-01-2023 04:00,574.34,25.65,88.13,7.85,0.06,6,1,505.5,520.18
28-01-2023 08:00,587.62,22.82,31.93,13.55,0.04,6,1,507.99,520.39
28-01-2023 12:00,458.73,33.06,36.97,14.63,0.15,6,1,505.01,520.38
28-01-2023 18:00,502.21,32.01,50.05,10.3,0.11,6,1,519.48,521.4
28-01-2023 20:00,539.42,21.9,74.86,6.03,0.2,6,1,523.86,522.49
28-01-2023 22:00,406.83,16.42,72.98,8.96,0.21,6,1,519.59,522.06
29-01-2023 02:00,473.56,24.77,68.05,2.04,0.32,7,1,505.82,520.78
29-01-2023 11:00,586.36,20.51,39.02,11.84,0.07,7,1,497.64,520.46
29-01-2023 17:00,497.89,23.43,49.45,12.6,0,7,1,486.57,520.27
29-01-2023 22:00,555.61,34.86,80.25,2.15,0.47,7,1,491.52,520.77
30-01-2023 00:00,535,28.36,61.83,8.38,0.06,1,0,494.15,520.55
30-01-2023 07:00,581.56,27.24,84.13,4.23,0.08,1,0,491.17,519.27
30-01-2023 09:00,464.03,25.7,88.26,10.85,0.05,1,0,494.68,518.76
30-01-2023 10:00,436.4,20.79,53.71,2.66,0.29,1,0,494.57,518.4
30-01-2023 15:00,456.79,25.92,60.75,2.85,0.02,1,0,492.58,517.05
30-01-2023 23:00,440.26,21.36,76.11,11.96,0.09,1,0,487.25,514.79
31-01-2023 00:00,498.54,28.47,50.97,8.85,0.23,2,0,485.73,514.47
31-01-2023 02:00,451.61,31.2,59.39,2.42,0.09,2,0,488.28,514.34
31-01-2023 06:00,502.17,14.41,67.41,2.24,0.12,2,0,487.93,513.99
31-01-2023 07:00,429.03,31.4,78.07,5.13,0.08,2,0,481.58,513.27
31-01-2023 17:00,426.79,14.97,36.21,0.94,0.15,2,0,490.46,512.52
31-01-2023 19:00,514.12,23.95,78.83,12.23,0.1,2,0,488.84,512.47
31-01-2023 20:00,530.16,29.57,62.31,6.95,0.31,2,0,492.11,511.89
31-01-2023 21:00,514.9,26.66,32.79,13.27,0.12,2,0,493.08,512.14
01-02-2023 00:00,578.06,40.22,84.08,10.9,0.25,3,0,494.8,511.39
01-02-2023 04:00,383.59,34.34,64.2,13.6,0.4,3,0,495.63,510.62
01-02-2023 08:00,471.63,32.25,65.09,9.4,0.08,3,0,497.81,510.94
01-02-2023 09:00,482.59,19.99,53.67,3.04,0.02,3,0,498.95,511.01
01-02-2023 14:00,601.83,29.3,35.54,4.94,0.51,3,0,501.03,510.14
02-02-2023 08:00,527.94,29.41,37.12,0.99,0.02,4,0,498.84,508.19
02-02-2023 11:00,595.46,25.04,46.21,10.58,0.06,4,0,507.46,509.74
02-02-2023 13:00,504.9,29.81,66.57,12.45,0.33,4,0,506.94,509.6
02-02-2023 15:00,452.51,26.28,78.53,7.14,0.09,4,0,503.72,509.61
02-02-2023 22:00,434.25,41.26,66.11,12.7,0.2,4,0,506.27,510.01
02-02-2023 23:00,463.78,30.85,58.2,3.71,0.15,4,0,507.33,509.83
03-02-2023 09:00,488.84,14.78,78.05,13.02,0.53,5,0,505.7,508.79
03-02-2023 15:00,468.34,20.65,57.64,8.8,0.14,5,0,501.62,508.87
04-02-2023 03:00,496,17.25,71.16,4.34,0.06,6,1,498.47,508.3
04-02-2023 15:00,414.39,21.88,53.89,2.12,0.27,6,1,507.74,507.69
04-02-2023 18:00,513.44,24.27,59.76,14.37,0.42,6,1,509.18,507.44
04-02-2023 20:00,416.37,34.83,76.44,2.61,0.11,6,1,504.58,506.77
05-02-2023 00:00,520.76,29.42,54.52,3.38,0.12,7,1,503.49,507.98
05-02-2023 01:00,520.87,30.41,48.57,7.66,0.06,7,1,505.84,508.46
05-02-2023 04:00,372.41,13.29,64.51,5.48,0.05,7,1,499.72,507.36
05-02-2023 05:00,519.84,27.2,50.54,7.92,0.2,7,1,497.72,507.44
05-02-2023 14:00,512.64,29.8,31.55,2.53,0.02,7,1,487.77,508.07
05-02-2023 15:00,475.56,23.29,42.06,9.37,0.25,7,1,490.32,508.22
05-02-2023 16:00,476.06,18.93,30.7,13.25,0,7,1,488.77,508.05
05-02-2023 20:00,567.42,24.33,41.83,6.72,1.08,7,1,497.99,508.74
05-02-2023 21:00,537.75,23.86,57.09,8.39,0.06,7,1,501.44,508.85
06-02-2023 00:00,442.69,29.97,87.37,9.36,0.56,1,0,499.54,508.76
06-02-2023 03:00,512.26,25.77,51.69,7.59,0.12,1,0,503.79,510.06
06-02-2023 07:00,526.73,28.84,72.94,13.99,0.03,1,0,509.85,509.6
06-02-2023 12:00,547.06,35.7,32.21,6.38,0.06,1,0,514.78,511.41
06-02-2023 20:00,557.55,3.72,82.85,14.7,0.03,1,0,510.23,512.2
07-02-2023 01:00,495.74,26.29,59.46,0.73,0.09,2,0,505.28,511.92
07-02-2023 02:00,499.76,32.56,44.51,4.32,0.02,2,0,503.29,512.21
07-02-2023 15:00,388.27,32.64,44.3,7.2,0.55,2,0,488.91,511.31
07-02-2023 18:00,466.62,29.44,53.21,7.13,0.22,2,0,485.68,511.34
07-02-2023 19:00,439.43,26.72,54.78,8.72,0.36,2,0,484.25,510.89
08-02-2023 00:00,524.09,31.52,61.9,11.52,0.15,3,0,480.67,510.03
08-02-2023 14:00,499.87,25.07,60.82,0.8,0.28,3,0,489.21,509.64
09-02-2023 03:00,545.95,24.66,56.67,8.57,0.45,4,0,511.84,511.72
09-02-2023 07:00,557.3,30.69,51.15,4.06,0.13,4,0,511.94,512.06
09-02-2023 09:00,510.22,35.82,46.23,7.1,0.01,4,0,513.2,511.84
09-02-2023 13:00,435.11,28.79,62.27,4.02,0.23,4,0,509.91,510.69
09-02-2023 17:00,540.75,25.29,56.07,13.91,0.09,4,0,515.16,511.66
09-02-2023 18:00,537.65,40.52,54.45,7.38,0.05,4,0,520.92,511.6
10-02-2023 00:00,441.9,26.34,30.19,11.41,0.22,5,0,507.54,511.36
10-02-2023 01:00,495.18,23.69,83.67,4.16,0.03,5,0,504.74,510.98
10-02-2023 05:00,499.96,16.92,54.39,10.59,0.17,5,0,500.66,509.89
10-02-2023 07:00,498.2,13.08,45.33,2.61,0.22,5,0,495.96,509.79
10-02-2023 09:00,452.1,22.71,34.81,9.4,0.23,5,0,493.32,510.04
10-02-2023 10:00,514.07,25.52,62.13,2.04,0.03,5,0,494.57,510.37
10-02-2023 12:00,499.71,27.01,87.19,14.94,0.01,5,0,494.14,509.45
10-02-2023 13:00,495.91,15.75,78.98,1.41,0.24,5,0,496.67,509.26
10-02-2023 14:00,517.78,25.29,58.32,9.24,0.47,5,0,493.78,509.92
10-02-2023 17:00,498.7,37.35,35.6,5.23,0.06,5,0,492.38,510.96
10-02-2023 19:00,546.49,36.04,65.96,5.35,0.01,5,0,493.51,510.9
10-02-2023 20:00,516.55,26.87,53.36,5.94,0.23,5,0,492.87,510.57
11-02-2023 07:00,492.83,25.11,53.54,0.78,0.29,6,1,501.39,509.96
11-02-2023 17:00,501.99,36.27,61.03,10.03,0.45,6,1,499.24,509.59
11-02-2023 18:00,498.55,26.82,68.53,3.16,0.04,6,1,500.49,509.5
12-02-2023 00:00,546.22,33.83,53.36,13.88,0.06,7,1,496.16,509.9
12-02-2023 03:00,541.97,30.95,77.24,13.43,0.02,7,1,499.48,509.87
12-02-2023 05:00,479.68,24.32,65.99,1.87,0.13,7,1,498,509.9
12-02-2023 09:00,541.56,21.91,85.82,4.79,0.05,7,1,497.77,510.53
12-02-2023 13:00,410.79,18.19,62.12,10.32,0.04,7,1,500.2,510.89
12-02-2023 17:00,485.56,21.06,41.4,7.16,0.23,7,1,496.4,509.86
12-02-2023 19:00,463.72,27.1,35,3.73,0.06,7,1,493.52,509.4
12-02-2023 21:00,470.51,24.88,57.15,14.48,0.03,7,1,488.67,508.51
13-02-2023 00:00,488.94,24.34,34,10.17,0.02,1,0,491.33,508.7
13-02-2023 04:00,436.33,16.17,31.08,7.28,0.27,1,0,492.12,507.59
13-02-2023 15:00,469.74,26.05,37.01,14.99,0.18,1,0,490.53,507.16
13-02-2023 23:00,502.92,23.47,67.48,11.19,0.01,1,0,496.02,507.21
14-02-2023 00:00,504.82,18.76,54.78,11.98,0.03,2,0,496.68,506.97
14-02-2023 05:00,446.2,11.23,45.73,1.39,0.2,2,0,502.91,507
14-02-2023 11:00,533.87,7.54,40.01,5.81,0.03,2,0,501.05,509.26
14-02-2023 14:00,553.66,24.09,71.87,4.38,0.13,2,0,509.35,509.64
14-02-2023 16:00,459.4,25.58,86.03,13.7,0.01,2,0,513.76,510.31
14-02-2023 17:00,469.85,19.02,83.18,12.83,0.1,2,0,508.11,509.88
14-02-2023 22:00,496.23,11.13,57.73,0.65,0.39,2,0,502.6,510.04
14-02-2023 23:00,543.02,31.56,48.38,14.65,0.16,2,0,504.27,510.52
15-02-2023 01:00,517.32,15.63,47.28,0.82,0.16,3,0,499.2,509.93
15-02-2023 12:00,360.98,27.17,50.54,13.42,0.63,3,0,487.66,509.02
15-02-2023 17:00,404.16,25.88,68.46,8.84,0.15,3,0,487.95,508.64
15-02-2023 20:00,452.86,16.61,80.46,9.18,0,3,0,489.27,508.52
16-02-2023 04:00,482.08,23.54,33.58,13.31,0.21,4,0,487.3,507.21
16-02-2023 07:00,524.17,30.06,51.78,7.18,0.06,4,0,486.06,506.24
16-02-2023 14:00,548.76,21.15,40.26,9.75,0.44,4,0,499.9,507.6
16-02-2023 23:00,454.79,27.63,40.4,5.05,0.13,4,0,504.39,506.61
17-02-2023 06:00,469.56,16.68,39.22,5.57,0.04,5,0,506.55,507.63
17-02-2023 09:00,518.85,16.06,62.09,0.63,0.18,5,0,504.96,507.89
17-02-2023 21:00,539.84,18.98,78.45,4.68,0.33,5,0,498.2,507.21
18-02-2023 04:00,428.57,33.8,36.25,8.02,1.05,6,1,494.94,506.5
18-02-2023 05:00,487.27,25.42,47.92,9.36,0.01,6,1,492.64,506.54
18-02-2023 10:00,448.18,20.27,51.06,4.4,0.11,6,1,485.29,505.32
18-02-2023 13:00,500.69,34.83,64.94,14.41,0.04,6,1,487.61,505.71
18-02-2023 14:00,492.71,32.27,77.07,7.4,0.12,6,1,487.95,505.7
18-02-2023 15:00,500.36,8.13,66.65,1.39,0.01,6,1,487.25,505.98
19-02-2023 06:00,401.66,24.7,53.43,14.21,0.22,7,1,491.99,505.13
19-02-2023 07:00,417.56,32.95,53.31,11.26,0.29,7,1,488.7,504.68
19-02-2023 18:00,453.76,34.09,40.35,12.37,0.22,7,1,497.76,506.42
20-02-2023 03:00,479.42,34.64,47.6,14.58,0.28,1,0,503.42,507.09
20-02-2023 06:00,467.76,19.83,81.35,6.04,0.2,1,0,504.27,507.39
20-02-2023 11:00,550.73,26.41,45.69,1.21,0.04,1,0,507.01,506.94
20-02-2023 14:00,480.43,27.13,51.04,9.66,0.08,1,0,501.91,508.03
20-02-2023 22:00,523.78,33.35,72.01,5.42,0.49,1,0,499.13,507.17
20-02-2023 23:00,484.03,12.06,32.61,14.01,0.02,1,0,498.24,507.06
21-02-2023 00:00,470.94,26.68,81.62,12.56,0.07,2,0,495.44,506.85
21-02-2023 10:00,519.72,20.34,83.71,11.56,0.22,2,0,496.03,506.11
21-02-2023 11:00,470.88,32.77,56.72,10.31,0.5,2,0,492.7,505.72
21-02-2023 13:00,634.39,23.75,33.19,13.21,0.66,2,0,496.48,506.6
21-02-2023 15:00,530.61,30.93,48.05,12.56,0.06,2,0,502.36,506.57
21-02-2023 16:00,487.3,26.38,85.04,5.16,0.27,2,0,503.32,506.74
21-02-2023 21:00,589.67,39.99,48.25,8.89,0.18,2,0,507.55,507.73
21-02-2023 22:00,483.11,32.49,62.78,12.38,0.04,2,0,505.86,507.65
22-02-2023 00:00,519.37,36.58,81.72,10.56,0.24,3,0,511.07,508.31
22-02-2023 03:00,464.18,32.29,76.72,10.67,0.09,3,0,504.77,507.83
22-02-2023 10:00,647.56,23.2,35.05,4.72,0.1,3,0,525.11,510.45
22-02-2023 16:00,519.46,25.08,87.95,1.14,0.03,3,0,523.94,511.59
22-02-2023 17:00,461.3,21.24,37.42,12.45,0.16,3,0,524.66,511.93
23-02-2023 13:00,513.45,23.02,48.27,11.48,0.31,4,0,507.15,512.92
23-02-2023 15:00,510.19,34.28,88.09,8.97,0.36,4,0,508.48,512.88
23-02-2023 16:00,604.51,27.22,37.89,11.83,0.01,4,0,512.03,513.34
24-02-2023 07:00,597.91,31.79,74.05,4.63,0.07,5,0,509.35,514.37
24-02-2023 13:00,528.67,29.79,40.78,9.61,0.12,5,0,511.69,514.77
25-02-2023 00:00,500.48,27.08,40.18,14.7,0.25,6,1,504.7,514.29
25-02-2023 02:00,516.9,14.78,43.9,5.2,0.02,6,1,502.7,514.35
25-02-2023 05:00,523.4,35.57,57.61,4.83,0.46,6,1,506.19,515.43
26-02-2023 03:00,523.72,20.82,84.87,7.21,0.45,7,1,498.36,515.71
26-02-2023 04:00,489.16,18.1,57.04,0.62,0.29,7,1,496.4,515.38
26-02-2023 12:00,541.37,16.37,67.45,13.22,0.12,7,1,508.85,517.43
26-02-2023 14:00,487.94,16.91,54.41,4.47,0.4,7,1,510.9,516.42
26-02-2023 19:00,528.95,13.09,65.44,8.19,0.06,7,1,516.72,517.59
27-02-2023 02:00,440.88,32.34,32.01,13.42,0.12,1,0,516.38,517.32
27-02-2023 20:00,421.23,22.5,73.6,1.04,0.19,1,0,492.22,517.12
28-02-2023 00:00,502.36,21.95,69.17,6.63,0.39,2,0,493.75,517.73
28-02-2023 03:00,527.2,17.34,45.22,5.24,0.07,2,0,495.42,517
28-02-2023 04:00,507.1,24.2,81.07,14.27,0.86,2,0,498.72,516.92
28-02-2023 07:00,500.99,30.01,63.87,0.8,0.21,2,0,498.16,517.75
28-02-2023 09:00,470.37,25.39,67.18,13.4,0.23,2,0,501.72,518.17
28-02-2023 10:00,497.59,24.41,31.73,5.58,0.29,2,0,502.63,518.04
28-02-2023 18:00,459.57,20.4,50.44,8.49,0.03,2,0,503.48,517.46
01-03-2023 00:00,445.09,15.9,81.11,2.31,0.26,3,0,504.06,516.71
01-03-2023 02:00,503.46,22.85,36.14,6.87,0.17,3,0,507.41,517
01-03-2023 11:00,415.72,28.35,34.46,12.9,0.09,3,0,489.2,512.46
01-03-2023 15:00,522.07,26.92,49.78,6.4,0.44,3,0,488.22,512.01
01-03-2023 21:00,591.44,22.26,80.09,12.67,0.02,3,0,484.54,511.74
02-03-2023 09:00,496.03,31.6,51.55,12.61,0.14,4,0,487.55,510.13
02-03-2023 21:00,541.6,25.68,58.65,10.71,0.2,4,0,488.85,508.35
03-03-2023 00:00,454.41,31.57,41.62,7.26,0.34,5,0,487.21,508.43
03-03-2023 05:00,499.26,22.74,31.49,10.01,0.06,5,0,483.22,507.45
03-03-2023 06:00,514.93,37.61,75.65,13.73,0.21,5,0,483.86,507.15
03-03-2023 10:00,538.98,28.13,50.05,10.08,0.26,5,0,478.36,505.65
03-03-2023 15:00,474.67,19.14,31.79,14.4,0.01,5,0,483.78,506.1
03-03-2023 21:00,558.26,28.73,61.85,6.44,0.28,5,0,489.79,506.77
03-03-2023 23:00,469.15,31.64,77.45,8.49,0.06,5,0,491.1,506.73
04-03-2023 00:00,338.15,17.43,71.38,1.43,0.54,6,1,486.26,505.74
04-03-2023 03:00,458.62,14.16,59.83,10.1,0.71,6,1,486.38,505.21
04-03-2023 11:00,481.84,8.23,68.44,2.01,0.09,6,1,496.15,505.97
04-03-2023 14:00,534.6,22.71,52.67,6.9,0.1,6,1,495.86,506.46
04-03-2023 18:00,423.51,24.44,50.96,14.58,0.37,6,1,489.91,506.45
04-03-2023 19:00,446.37,20.89,73.07,8.38,0.07,6,1,490.49,506.13
04-03-2023 20:00,528.13,23.88,67.59,11.54,0.03,6,1,494.58,506.52
04-03-2023 23:00,500.44,17.42,68.94,3.83,0.12,6,1,488.91,505.75
05-03-2023 04:00,529.65,19.04,33.48,6.76,0.15,7,1,504.88,506.28
05-03-2023 05:00,499.93,21.67,82.82,0.02,0.17,7,1,504.22,506.04
06-03-2023 03:00,400.09,22.82,65.72,6.57,0.36,1,0,522.23,507.06
06-03-2023 05:00,521.21,20.86,41.8,1.35,0.4,1,0,518.96,506.87
06-03-2023 16:00,500.81,25.43,41,11.78,0.62,1,0,519.83,509.14
06-03-2023 20:00,457.13,22.58,44.04,12.3,0.11,1,0,512.3,509.23
07-03-2023 01:00,432.68,15.48,86.26,7.08,0.15,2,0,504.04,508.94
07-03-2023 06:00,559.36,30.66,34.46,12.92,0.16,2,0,509.76,508.72
07-03-2023 08:00,439.03,26.07,68.37,13.84,0.02,2,0,505.06,508.33
07-03-2023 09:00,511.17,27.34,32.03,1.09,0.06,2,0,500.13,508.58
07-03-2023 18:00,391.6,24.45,48.42,7.28,1.05,2,0,499.23,507.91
07-03-2023 22:00,473.73,12.37,40.94,3.89,0.23,2,0,498.19,507.63
08-03-2023 17:00,509.07,32.13,41.43,7.72,0.25,3,0,485.74,509.1
09-03-2023 10:00,511.99,19.76,61.74,2.16,0.01,4,0,507.85,510.28
09-03-2023 15:00,490.63,31.75,52.21,11.15,0.42,4,0,516.52,511.93
09-03-2023 18:00,589.01,22.97,89.62,0.23,0.09,4,0,516.47,512.29
10-03-2023 01:00,483.5,14.64,79.53,10.97,0.06,5,0,514.93,513.49
10-03-2023 04:00,464.51,28.86,76.14,12,0.08,5,0,511.36,514.86
10-03-2023 06:00,508.27,26.54,87.23,12.37,0.03,5,0,513.21,514.49
10-03-2023 10:00,608.71,16.66,39.46,2.24,0.35,5,0,505.17,514.19
10-03-2023 11:00,477.64,30.56,61.02,3.95,0.1,5,0,503.54,514.34
10-03-2023 22:00,418.75,23.06,61.13,10.59,0.16,5,0,495.54,513.17
11-03-2023 00:00,491.82,21.85,32.05,12.83,0.07,6,1,493.14,514.46
11-03-2023 01:00,541.32,23.94,44.39,2.99,0.59,6,1,495.55,514.69
11-03-2023 02:00,502.55,32.81,72.79,3.87,0,6,1,492.92,515.17
11-03-2023 15:00,468,29.58,57.95,11.06,0.36,6,1,492.45,513.4
12-03-2023 00:00,446.33,22.22,67.69,2.04,0.07,7,1,497.46,514.46
12-03-2023 02:00,450.22,20.12,30.86,14.06,0.01,7,1,494.03,514.14
12-03-2023 03:00,569.69,26.48,35.77,9.04,0.07,7,1,499.79,514.38
12-03-2023 13:00,458.35,33.79,62.32,7.54,0.5,7,1,489.94,510.95
12-03-2023 14:00,476.84,27.72,36.07,12.35,0.22,7,1,486.66,510.61
12-03-2023 15:00,499,31.52,37.51,8.66,0.02,7,1,487.95,510.25
12-03-2023 17:00,498.67,28.22,62.51,10,0.11,7,1,484.83,510.04
12-03-2023 20:00,437.71,28.07,54.83,5.66,0.15,7,1,486.07,509.15
13-03-2023 01:00,501.4,30.65,83.48,13.18,0.24,1,0,480.48,507.58
13-03-2023 04:00,516.54,31.24,46,9.21,0.14,1,0,478.65,507.77
13-03-2023 07:00,507.81,38.35,55.56,7.3,0.46,1,0,478.75,506.99
13-03-2023 10:00,462.21,32.5,88.21,12.78,0.14,1,0,483.85,506.04
13-03-2023 18:00,503.03,24.65,40.48,13.14,0.25,1,0,491.01,506.38
13-03-2023 20:00,439.97,33.35,73.46,3.95,0.13,1,0,488.42,505.67
13-03-2023 23:00,533.89,18.86,40.18,6.28,0.17,1,0,496.48,506.06
14-03-2023 02:00,473.1,32.69,47.71,3.66,0.06,2,0,499.84,506.32
14-03-2023 23:00,505.3,23.93,73.36,7.13,0.33,2,0,487.23,505.17
15-03-2023 01:00,393.6,25.71,57.04,8.59,0.1,3,0,487.08,505.46
15-03-2023 07:00,523.35,3.76,86.6,14.83,0.46,3,0,479.52,505.16
15-03-2023 14:00,482.37,27.8,57.2,7.33,0.11,3,0,478.31,505.22
15-03-2023 20:00,385.41,19.28,50.76,3.38,0.13,3,0,484.4,504.99
15-03-2023 22:00,466.82,17.16,52.91,7.66,0.12,3,0,489.15,504.45
16-03-2023 02:00,540.04,27.7,65,5.1,0.04,4,0,491.36,504.17
16-03-2023 09:00,524.34,34.16,80.92,3.13,0.18,4,0,502.34,503.65
16-03-2023 12:00,553.92,23.46,42.46,4.69,0.18,4,0,505.84,503.22
16-03-2023 18:00,583.87,16.48,71.9,14.6,0,4,0,496.02,502.46
16-03-2023 19:00,472.53,21.28,31.47,9.59,0.03,4,0,493.93,502.68
16-03-2023 21:00,449.08,26.46,63.21,5.52,0.02,4,0,498.71,502.15
17-03-2023 03:00,488.65,23.75,50.25,9.06,0.79,5,0,500.13,501.54
17-03-2023 07:00,435.19,22.11,72.59,5.91,0.24,5,0,493.82,501.8
17-03-2023 08:00,508.95,40.1,48.93,12.18,0.58,5,0,496.89,502.74
17-03-2023 09:00,399.51,23.9,73.65,2.74,0.07,5,0,491.69,502.27
17-03-2023 21:00,422.53,39.1,64.65,3.89,0.06,5,0,502.67,502.86
17-03-2023 22:00,601.65,16.24,70.25,0.88,0.02,5,0,505.76,503.97
18-03-2023 09:00,448.22,33.33,36.69,9.93,0.45,6,1,521.83,504.81
18-03-2023 17:00,497.59,30.28,77.81,8.24,0.09,6,1,507.93,504.69
18-03-2023 18:00,428.82,32.91,79.67,3.04,0.11,6,1,503.66,504.21
18-03-2023 22:00,566.32,25.15,47.58,0.63,0.04,6,1,501.4,504.35
19-03-2023 15:00,533.14,24.47,81.45,10.16,0.44,7,1,501.77,507.09
19-03-2023 16:00,468.96,25.82,74.66,2.55,0.24,7,1,501.86,507.18
19-03-2023 17:00,544.76,23.3,86.67,1.83,0.01,7,1,503.83,507.46
19-03-2023 22:00,497.29,16.85,82.35,12.3,0.2,7,1,509.36,508.15
20-03-2023 04:00,494.85,29.79,86.15,13.15,0.02,1,0,509.5,510.16
20-03-2023 09:00,422.97,25.73,42.02,7.87,0.46,1,0,500.08,509.41
20-03-2023 15:00,602.95,20.37,77.47,7,0.06,1,0,516.17,511.71
20-03-2023 16:00,465.79,22.13,34.47,4.57,0.04,1,0,516.04,511.15
21-03-2023 01:00,497.39,15.67,80.97,5.3,0.13,2,0,500.15,509.92
21-03-2023 08:00,469.68,20.27,50.32,13.05,0.24,2,0,502.56,510.44
21-03-2023 09:00,526.79,30.08,45.93,3.59,0.05,2,0,506.88,510.94
21-03-2023 13:00,603.72,14.64,44.7,10.43,0.22,2,0,504.48,511.27
21-03-2023 16:00,565.49,33.02,75.56,4.45,0.08,2,0,499.91,510.99
22-03-2023 00:00,495.03,31.05,69.43,11.67,0.2,3,0,501.81,511.43
22-03-2023 02:00,506.29,27.38,33.04,9.94,0.59,3,0,498.01,512.24
22-03-2023 05:00,533.47,24.2,50.81,14.15,0.29,3,0,502.72,513.52
23-03-2023 01:00,514.82,30.33,58.1,6.87,0.33,4,0,495.08,512.99
23-03-2023 03:00,515.71,14.41,78.91,1.4,0.62,4,0,494.33,512.45
23-03-2023 14:00,463.35,30.99,68.58,4.05,0.01,4,0,495.73,512.69
23-03-2023 15:00,601.68,36.04,35.22,3.93,0.02,4,0,499.05,513.4
23-03-2023 16:00,524.32,20.07,54.27,13.75,0.24,4,0,500.8,513.62
23-03-2023 19:00,555.66,23.66,76.81,8.32,0.11,4,0,502.3,513.79
23-03-2023 20:00,472.72,36.68,55.95,4.79,0.08,4,0,502.7,513.39
23-03-2023 22:00,610.15,20.71,70.68,14.57,0.02,4,0,508.16,514.24
24-03-2023 06:00,477.2,29.89,78.14,8.1,0.06,5,0,507.19,514.08
24-03-2023 12:00,462.12,21.67,77.5,9.44,0.14,5,0,495.7,512.95
25-03-2023 00:00,571.17,34.19,87.07,8.47,0.02,6,1,509.75,514.54
25-03-2023 01:00,363.13,23.58,87.78,1.6,0.2,6,1,503.45,513.56
25-03-2023 07:00,482.85,31.97,79.15,7.18,0.02,6,1,523.58,514.5
25-03-2023 10:00,546.54,28.51,88.04,4.67,0.04,6,1,526.49,514.65
26-03-2023 01:00,623.91,31.07,53.49,11.04,1.69,7,1,513.93,515.48
26-03-2023 02:00,536.32,27.52,53.21,6.01,0.19,7,1,510.57,515.39
26-03-2023 08:00,479.93,17.19,55.48,7.7,0.08,7,1,509.34,515.04
26-03-2023 11:00,561.57,32.61,47.44,1.4,0.07,7,1,515.36,516.02
26-03-2023 14:00,531.25,19.09,35.83,12.49,0.35,7,1,516.07,517.17
26-03-2023 20:00,475.74,11.13,34.08,7.79,0.02,7,1,517.38,515.9
27-03-2023 04:00,439.4,37.4,45.52,13.82,0.41,1,0,506.67,515.62
27-03-2023 10:00,416.45,15.29,65.26,3.88,0.01,1,0,503.36,515.31
27-03-2023 15:00,598.41,33.9,68.64,2.42,0.2,1,0,499.53,514.6
27-03-2023 16:00,564.25,24.56,61.89,10.78,0.06,1,0,501.54,515.2
27-03-2023 19:00,551.62,22.31,72.03,5.15,0.03,1,0,507.07,515.47
28-03-2023 07:00,552.53,23.84,60.27,5.51,0.08,2,0,500.68,515.13
28-03-2023 11:00,442.14,24.24,41.21,4.61,0.29,2,0,501.31,515.01
28-03-2023 17:00,422.04,28.42,69.68,11.11,0.34,2,0,489.7,514.06
29-03-2023 07:00,473.18,10.16,75.24,10.38,0.1,3,0,487.87,513.22
29-03-2023 08:00,507.51,23,33.92,12.62,0.04,3,0,487.91,513.45
30-03-2023 01:00,563.3,26.43,76.52,11.05,0.06,4,0,492.91,515.18
30-03-2023 02:00,512.4,21.58,78.74,4.59,0.81,4,0,494.82,515.55
30-03-2023 03:00,483.06,33.25,68.23,0.78,0.19,4,0,499.9,515.35
30-03-2023 20:00,497.59,30.13,39.79,0.38,0.7,4,0,509.44,516.17
30-03-2023 22:00,453.12,28.2,53.23,5.05,0.6,4,0,514.29,515.38
31-03-2023 03:00,554.19,22.93,62.34,12.82,0.36,5,0,511.1,515.29
31-03-2023 16:00,516.8,26.58,73.31,13.65,0.04,5,0,525.55,518.84
31-03-2023 20:00,536.98,27.37,51.33,8.38,0.15,5,0,517.71,518.44
31-03-2023 21:00,460.1,22.15,45.42,13.26,0.12,5,0,514.63,517.81
01-04-2023 07:00,490.17,20.34,51.44,13.12,0.15,6,1,493.48,513.07
01-04-2023 13:00,470.19,37.46,38.8,6.12,1.02,6,1,478.1,513.19
01-04-2023 16:00,525.6,31.54,67.05,5.12,0.25,6,1,474.68,513.35
01-04-2023 17:00,507.08,21.62,38.94,13.21,0.17,6,1,477.04,513.57
01-04-2023 18:00,508.54,26.73,63.69,10.2,0.27,6,1,479.18,513.6
01-04-2023 19:00,483.05,20.44,71.9,11.56,0.01,6,1,477.61,513.23
02-04-2023 00:00,443.76,31.36,48.15,6.99,0.09,7,1,476.33,511.97
02-04-2023 02:00,421.25,27.14,65.1,9.89,0.02,7,1,479.3,510.75
02-04-2023 09:00,439.98,23.81,47.84,12.15,0.05,7,1,483.58,509.61
02-04-2023 14:00,498.82,17.06,81.7,7.46,0.6,7,1,487.53,508.25
02-04-2023 17:00,527.55,35.94,58.54,7.02,0.19,7,1,492.43,508.74
02-04-2023 22:00,464.95,25.43,65.45,9.16,0.08,7,1,491.41,508.94
03-04-2023 01:00,459.15,15.98,75.3,2.02,0.08,1,0,489.5,507.59
03-04-2023 14:00,525.45,29.35,69.78,7.83,0.04,1,0,501.02,509
03-04-2023 21:00,452.24,36.08,64.89,2.13,0.08,1,0,506.58,509.02
04-04-2023 03:00,492.17,22.74,65.52,8.1,0.21,2,0,510.3,509.32
04-04-2023 04:00,495.18,29.35,52.99,6.98,0.06,2,0,512.26,509.58
04-04-2023 09:00,524.36,23.34,82.67,0.35,0.07,2,0,512.57,509.9
04-04-2023 18:00,582.86,14.21,31.95,7.25,0.12,2,0,497.15,509.89
04-04-2023 19:00,503.77,24.86,49.96,2.4,0.26,2,0,494.85,509.92
04-04-2023 20:00,510.85,31.12,75.13,6.73,0.47,2,0,493.55,509.66
04-04-2023 21:00,437.16,26.35,49.78,10.82,0.12,2,0,492.93,509.11
05-04-2023 00:00,570.85,18.89,79.2,14.14,0.14,3,0,490.59,508.41
05-04-2023 04:00,438.61,31.27,51.85,6.66,0.31,3,0,488.02,508.82
05-04-2023 07:00,504.86,18.51,71.51,12.51,0.06,3,0,486.65,508.93
05-04-2023 10:00,462.08,23.57,66.18,10.74,0.13,3,0,483.45,507.79
05-04-2023 14:00,552.68,27.87,68.01,12.73,0.01,3,0,489.06,508.68
05-04-2023 19:00,464.3,25.37,31.69,1.94,0.15,3,0,488.26,507.45
05-04-2023 21:00,550.9,27.45,55.06,0.87,0.2,3,0,492.86,508.21
06-04-2023 10:00,496.94,24.32,65.98,2.7,0.32,4,0,506.81,508.49
06-04-2023 15:00,493.61,28.79,41.96,11.28,0.17,4,0,497.39,507.08
06-04-2023 17:00,495.4,15.16,84.3,6.28,0.04,4,0,500.72,507.83
07-04-2023 09:00,463.34,12.96,58.15,4.37,0.02,5,0,504.8,505.44
07-04-2023 15:00,451.18,41.9,57.49,5.84,0.28,5,0,514.13,505.64
07-04-2023 16:00,547.83,16.25,79.11,11.23,0.42,5,0,512.49,505.83
08-04-2023 03:00,495.58,19.93,47.06,14.27,0.71,6,1,511.27,507.54
08-04-2023 06:00,524.56,35.04,59.69,13.44,0.43,6,1,504.05,507.73
08-04-2023 20:00,557.94,29.12,66.9,12.99,0.05,6,1,501.54,509.08
09-04-2023 04:00,401.5,31.87,61.58,11.25,0.25,7,1,488.19,508.57
09-04-2023 19:00,543.85,19.48,71.49,14.87,0.07,7,1,496.4,509.41
09-04-2023 22:00,472.4,19.21,86.79,2.18,0.01,7,1,494.86,509.1
09-04-2023 23:00,386.38,21.07,34.3,10.55,0.28,7,1,486.79,508.44
10-04-2023 01:00,465.75,20.85,70.7,8.27,0.03,1,0,487.62,508.66
10-04-2023 03:00,559.07,23.46,85.37,4.03,0.01,1,0,488.67,509.04
10-04-2023 05:00,464.09,29.21,81.63,12.57,0.24,1,0,488.05,508.34
10-04-2023 11:00,439.98,20.03,85.05,8.44,0.03,1,0,493.93,508.58
10-04-2023 12:00,509.96,22.08,86.11,3.03,0.13,1,0,492.99,508.13
10-04-2023 18:00,533.86,21.96,46.09,4.97,0.25,1,0,486.54,506.72
11-04-2023 03:00,514.96,39.48,56.27,7.61,0.08,2,0,509.92,508.98
11-04-2023 05:00,429.13,34.45,72.21,2.72,0.02,2,0,512.14,509.02
11-04-2023 06:00,535,21.69,31.46,8.51,0.29,2,0,515.97,508.99
11-04-2023 10:00,571.06,19.95,60.57,8.41,0.11,2,0,512.57,509.42
11-04-2023 12:00,450.64,33.74,52.63,6.96,0.16,2,0,510.8,508.61
11-04-2023 17:00,497.67,22.71,73.71,10.61,0.05,2,0,512.91,509.31
12-04-2023 09:00,501.43,21.76,59.84,5.17,0.84,3,0,499.66,511.12
12-04-2023 20:00,544.15,21.47,62.38,10.25,0.05,3,0,497.88,510.52
12-04-2023 21:00,555.95,17.41,86.12,13.53,0.03,3,0,500.38,510.55
12-04-2023 22:00,366.82,23.26,48.79,1.07,0.32,3,0,494.73,509.57
13-04-2023 00:00,488.97,27.54,80.52,14.85,0.19,4,0,495.25,509.8
13-04-2023 11:00,575.18,35.4,64.2,0.73,0.17,4,0,496.43,509.9
13-04-2023 18:00,484.72,24.96,64.32,5.13,0.56,4,0,499.27,509.86
13-04-2023 20:00,339.97,35.86,63.23,11.29,0.09,4,0,493.88,509.07
13-04-2023 21:00,593.46,32.51,43.93,11.3,0.06,4,0,495.45,509.65
13-04-2023 22:00,490.71,29.7,57.9,0.62,0.37,4,0,500.61,509.36
14-04-2023 06:00,457.93,29.5,36.34,1.92,0.01,5,0,509.95,510.57
14-04-2023 07:00,417.55,24.55,40.35,0.56,0.4,5,0,504.5,509.64
14-04-2023 09:00,554.37,20.73,82.02,8.46,0.2,5,0,507.89,509.9
14-04-2023 14:00,501.93,22.84,34.68,1.9,0.83,5,0,501.64,508.12
14-04-2023 20:00,538.54,35.55,64.73,5.44,0.11,5,0,510.73,509.53
15-04-2023 00:00,513.11,12.45,66.19,12.65,0.07,6,1,504.51,509.05
15-04-2023 04:00,420.73,25.94,60.85,11.16,0.41,6,1,498.32,509.08
15-04-2023 10:00,483.58,35.16,46.72,11.78,0.66,6,1,499.63,508.72
15-04-2023 14:00,497.57,22.59,63,14.09,0.4,6,1,499.79,507.79
15-04-2023 15:00,544.24,33.04,33.87,10.08,0.06,6,1,500.37,508.38
15-04-2023 23:00,519.57,28.46,44.42,3.84,0.31,6,1,483.63,507.48
16-04-2023 00:00,366.44,21.93,53.63,13.6,0.05,7,1,477.52,506.94
16-04-2023 17:00,430.62,27.89,43.18,9.64,0,7,1,482.73,507.26
16-04-2023 20:00,538.88,34.82,86.52,2.34,0.09,7,1,488.04,506.78
16-04-2023 21:00,530.34,12.51,44.07,12.29,0.43,7,1,492.61,507.46
16-04-2023 23:00,527.91,18.79,45.81,6.21,0.1,7,1,496.3,508.87
17-04-2023 06:00,530.01,15.43,82.54,3.59,0.06,1,0,499.85,509.74
17-04-2023 07:00,596.9,29.82,61.28,2.96,1.2,1,0,506.42,510
17-04-2023 20:00,462.88,27.08,71.54,5.12,0.01,1,0,503.38,508.76
18-04-2023 00:00,577.14,28.47,57.26,8.35,0.06,2,0,503.89,507.95
18-04-2023 03:00,561.84,22.46,49.75,2.07,0.43,2,0,506.43,507.9
18-04-2023 06:00,519.16,26.06,71.13,9.72,0.26,2,0,503.1,507.86
18-04-2023 13:00,485.16,11.75,35.33,1.69,0.13,2,0,495.3,507.47
18-04-2023 16:00,491.54,20.02,64.52,9.39,0.26,2,0,504.88,508.59
18-04-2023 21:00,503.59,24.91,72.44,3.74,0.72,2,0,508.5,508.6
19-04-2023 01:00,561.01,26.26,69.6,2.87,0.01,3,0,506.14,509.22
19-04-2023 03:00,509.4,14.59,73.73,8.72,0.26,3,0,504.4,508.62
19-04-2023 05:00,501.88,23.83,54.4,8.38,0.57,3,0,508.68,508.65
19-04-2023 14:00,553.04,22.32,75.71,6.41,0.11,3,0,502.48,507.83
19-04-2023 16:00,463.78,23.08,45.7,1.71,0.02,3,0,501.12,508.39
19-04-2023 19:00,509.86,19.92,49.53,6.45,0.01,3,0,507.68,510.28
19-04-2023 20:00,575,27.37,45.76,1.96,0.61,3,0,511.02,510.47
19-04-2023 21:00,467.91,31.3,81.65,4.64,0.95,3,0,509.54,509.93
19-04-2023 23:00,523.16,30.21,56.16,8.46,0.05,3,0,512.61,510.67
20-04-2023 00:00,465.4,18.76,61.88,9.6,0.17,4,0,509.59,510.52
20-04-2023 01:00,435.78,21.6,56.47,2.8,0.02,4,0,504.37,510.11
20-04-2023 15:00,490.74,24.38,70.57,4.17,0.27,4,0,503.03,509.45
20-04-2023 17:00,462.34,16.61,74.73,8.14,0.43,4,0,492.13,508.32
21-04-2023 03:00,523.99,35.02,50.83,13.93,0.31,5,0,492.56,507.28
21-04-2023 04:00,430.91,22.94,81.76,6.5,0.21,5,0,488.71,506.73
21-04-2023 09:00,544.84,16.03,53.27,8.9,0.09,5,0,484.23,506.39
21-04-2023 10:00,551.82,30.55,56.82,4.97,0.37,5,0,482.92,506.99
21-04-2023 16:00,514.89,24.23,66.02,2.34,0.08,5,0,486.98,506.24
21-04-2023 20:00,508.38,43.71,59.89,8.03,0.24,5,0,479.34,505.18
21-04-2023 23:00,459.73,20.86,41.79,0.71,0.25,5,0,482.01,505.11
22-04-2023 04:00,561.91,36.85,65,4.98,0.67,6,1,489.67,505.47
22-04-2023 06:00,477.1,31.24,31.32,5.66,0.13,6,1,490.61,505.07
22-04-2023 07:00,566.23,17.49,71.54,5.53,0.08,6,1,495.67,505.89
22-04-2023 09:00,505.86,24.34,48.84,12.35,0.45,6,1,496.43,506.11
22-04-2023 11:00,532.79,24.62,45.77,7.35,0.04,6,1,495.78,506.67
22-04-2023 17:00,500.06,17.44,81.46,13.77,0.13,6,1,505.08,507.18
22-04-2023 18:00,577.6,9.42,57.08,0.09,0.35,6,1,510.56,507.41
22-04-2023 23:00,463.04,33.16,82.57,3.46,0.19,6,1,512.67,509.34
23-04-2023 04:00,453.09,23.52,88.17,8.48,0.08,7,1,511.22,510.97
23-04-2023 06:00,537.98,26.13,88.71,3.38,0.1,7,1,515.25,510.27
23-04-2023 08:00,636.02,12.75,58.77,6.14,0.28,7,1,515.21,511.1
23-04-2023 10:00,546.28,21.53,56.4,4.16,0.07,7,1,513.15,510.87
23-04-2023 14:00,477.3,32.22,67.14,6.71,0.45,7,1,507.98,510.79
23-04-2023 15:00,579.58,27.91,82.07,8.66,0.35,7,1,508.49,510.83
23-04-2023 17:00,528.11,34.31,72.16,14.38,0.7,7,1,507.29,510.76
24-04-2023 10:00,543.43,32.18,89.12,0.09,0.21,1,0,508.45,511.08
24-04-2023 16:00,472.28,18.63,80.28,12.29,0.37,1,0,511.7,512.03
24-04-2023 20:00,494.77,24.9,47.5,3.01,0.41,1,0,509.66,512.17
24-04-2023 22:00,464.09,31.58,45.81,6.57,0.12,1,0,507.79,511.32
25-04-2023 02:00,560.39,31.83,47.17,5.69,0.19,2,0,511.64,511.63
25-04-2023 04:00,544.67,22.56,44.8,9.37,0.16,2,0,506.13,511.29
25-04-2023 07:00,450.16,28.75,88.73,2.01,0.11,2,0,501.23,511.46
25-04-2023 09:00,531.46,7.91,75.54,7.33,0.05,2,0,501.68,511.74
25-04-2023 11:00,470.91,21.58,78.31,11.58,0.14,2,0,499.58,510.85
25-04-2023 13:00,467.44,35.62,88.71,4.67,0.05,2,0,495.31,511.07
25-04-2023 19:00,543.17,28.04,69.67,10.18,0.22,2,0,489.18,509.45
26-04-2023 02:00,602.59,37.42,77.2,4.17,0.17,3,0,497.19,510.26
26-04-2023 03:00,500.56,29.01,42.81,11.48,0.11,3,0,499.61,510.21
26-04-2023 09:00,461,16.65,64.4,8.13,0.06,3,0,486.76,508.44
26-04-2023 11:00,508.38,28.67,51.54,10.01,0.19,3,0,493.14,509.34
26-04-2023 12:00,418.15,22.44,51.75,1.04,0.16,3,0,488.66,509.05
26-04-2023 17:00,525.12,19.87,59.87,12.45,0.06,3,0,499.15,508.33
26-04-2023 21:00,620.04,30.22,41.35,3.29,0.01,3,0,511.32,509.51
27-04-2023 00:00,471.59,34.15,78.11,2.06,0.04,4,0,506.62,509.61
27-04-2023 01:00,473.87,30.63,84.45,2.4,0.08,4,0,506.56,509.85
27-04-2023 03:00,470.87,33,89.23,8.36,0.06,4,0,501.35,510.06
27-04-2023 04:00,371.8,18.22,45.14,2.96,0.07,4,0,500.33,509.14
27-04-2023 07:00,503.64,35.63,40.14,9.82,0.31,4,0,506.77,509.74
27-04-2023 19:00,428.73,24.21,89.52,8.02,0.05,4,0,500.98,510.13
27-04-2023 21:00,545.09,19.61,44.15,13.94,0.01,4,0,494.97,510.43
27-04-2023 22:00,543.9,31.57,65.5,4.15,0.01,4,0,496.76,510.83
28-04-2023 01:00,618.57,20.56,52.34,6.19,0.48,5,0,503.59,511.77
28-04-2023 02:00,501.7,15.51,67.27,5.7,0.46,5,0,503.36,511.95
28-04-2023 05:00,610.6,21.86,60.67,7.84,0.18,5,0,514.67,513.05
28-04-2023 16:00,426.48,31.23,74.66,7.55,0.18,5,0,493.58,512.69
29-04-2023 01:00,413.53,30.86,84.65,12.31,0.21,6,1,497.87,513.88
29-04-2023 09:00,517.14,33.72,54.99,1.27,0.2,6,1,501.37,513.41
29-04-2023 16:00,440.69,23.36,31.35,13.81,0.02,6,1,505.76,512.99
29-04-2023 21:00,454.43,11.75,54.9,11.82,0.13,6,1,494.52,511.19
29-04-2023 22:00,500.39,18.22,67.96,6.6,0.16,6,1,493.23,511.12
30-04-2023 00:00,496.34,27.59,88.3,0.57,0.12,7,1,489.66,510.89
30-04-2023 02:00,493.94,19.48,58.86,1.66,0.52,7,1,496.26,510.39
30-04-2023 03:00,519.67,15.19,67.71,13.58,0.14,7,1,496.54,510.44
30-04-2023 07:00,551.16,25.03,30.87,8.16,0.3,7,1,492.85,510.7
30-04-2023 08:00,563.82,19.16,38.56,12.94,0.03,7,1,494.06,510.26
30-04-2023 12:00,490.9,33.25,35.14,3.71,0,7,1,485.32,510.04
30-04-2023 13:00,427.42,23.36,55.12,11.94,0.34,7,1,481.13,509.43
01-05-2023 05:00,508.49,27.4,88.88,11.13,0.12,1,0,490,508.04
01-05-2023 16:00,481.04,23.8,77.57,6.51,0.11,1,0,482.99,505.05
01-05-2023 21:00,445.51,10.68,83.05,11.07,0.4,1,0,486.59,505.34
02-05-2023 09:00,432.94,21.37,35.32,1.65,0.26,2,0,482.04,504.39
02-05-2023 12:00,525.65,18.98,71.83,9.05,0.05,2,0,483.03,505.26
03-05-2023 03:00,488.36,22.1,34.69,1.49,0.13,3,0,488.74,503.88
03-05-2023 04:00,482.11,17.36,73.36,10.15,0.43,3,0,487.34,504.41
03-05-2023 10:00,516.53,25.97,75.74,11.88,0.02,3,0,497.59,505.6
03-05-2023 16:00,520.46,29.6,36.79,11.24,0.5,3,0,514.05,507.29
03-05-2023 18:00,437.07,24.68,82.28,14.94,0.21,3,0,507.82,506.04
03-05-2023 21:00,485.92,29.39,56.39,11.08,0,3,0,503.03,503.91
04-05-2023 02:00,479.1,15,65.19,2.8,0.02,4,0,502.65,503.97
04-05-2023 13:00,481.26,30.61,86.88,3.85,0.04,4,0,489.18,503.15
04-05-2023 15:00,510.33,19.2,85.47,6.23,0.37,4,0,487.73,503.07
04-05-2023 18:00,533.79,12.2,53.89,2.01,0.2,4,0,499.38,504.66
05-05-2023 05:00,433.84,32.17,63.6,13.28,0.02,5,0,500.78,503.15
05-05-2023 07:00,440.84,25.36,53.7,14.93,0.16,5,0,492.62,502.4
05-05-2023 08:00,578.56,15.49,44.78,8.74,0.48,5,0,500.36,503.23
05-05-2023 09:00,436.61,21.49,31.05,11.45,0.26,5,0,499.47,503.35
05-05-2023 12:00,420.42,24.22,71.78,1.36,0.36,5,0,495.22,503.5
05-05-2023 13:00,456.38,40.03,55.55,4.25,0.06,5,0,494.19,502.91
05-05-2023 14:00,533.84,26.5,41.51,14.48,0.04,5,0,494.64,502.85
05-05-2023 16:00,584.17,44.51,51.24,1.6,0.35,5,0,495.33,503.22
05-05-2023 19:00,478.11,24.3,47.63,2.02,0.1,5,0,481.64,502.46
05-05-2023 22:00,470.98,31.11,35.27,6.56,0.04,5,0,475.45,501.15
06-05-2023 03:00,502.45,28.86,45.68,6.12,0.04,6,1,484.59,502.56
06-05-2023 13:00,442.92,26.46,78.48,12.27,0.15,6,1,498.57,501.43
06-05-2023 15:00,530.69,27.09,55.77,1.16,0.07,6,1,500.85,501.63
06-05-2023 17:00,536.51,26.93,84.27,12.82,0.23,6,1,501.9,502.33
06-05-2023 23:00,469.61,34.93,53.98,14.69,0.18,6,1,506.79,503.72
07-05-2023 03:00,550.3,16.69,48.59,9.56,0.01,7,1,509.87,504.5
07-05-2023 04:00,555.31,23.82,63.76,8.14,0,7,1,510.9,504.96
07-05-2023 11:00,462.92,33.83,64.97,13.14,0.01,7,1,514.26,505.79
07-05-2023 12:00,492.07,22.79,71.52,11.47,0.52,7,1,511.78,505.8
07-05-2023 23:00,522.65,29.94,52.06,0.9,0.11,7,1,509.72,507.05
08-05-2023 03:00,504.76,9.37,70.21,4.47,0.04,1,0,502.11,507.13
08-05-2023 16:00,421.86,23.23,60.32,14.86,0.04,1,0,485.44,506.94
09-05-2023 01:00,523.33,23.06,79.01,0.69,0.1,2,0,484.82,505.93
09-05-2023 09:00,417.01,14.45,44.74,14.4,0.39,2,0,478.88,506.22
09-05-2023 20:00,437.28,29.86,79.79,0.31,0.09,2,0,488.92,507.44
09-05-2023 22:00,427.3,19.56,66.17,6.99,0.26,2,0,483.78,506.43
10-05-2023 09:00,529.46,15.73,31.89,7.41,0.41,3,0,494.79,505.92
10-05-2023 15:00,456.17,18.64,35.08,10.74,0.05,3,0,491.13,504.52
10-05-2023 21:00,464.67,28.84,45,11.76,0,3,0,493.7,505.29
10-05-2023 23:00,461.41,22.77,55.49,2.47,0.01,3,0,495.13,505.31
11-05-2023 00:00,504.52,28.17,74.84,13.53,0.08,4,0,495.53,505.02
11-05-2023 02:00,589.66,11.38,49.67,1.78,0.19,4,0,506.71,506.57
11-05-2023 09:00,464.43,35.67,36.4,8,0.46,4,0,509.81,507.87
12-05-2023 05:00,560.43,35.19,39.13,11.66,0.12,5,0,504.67,507.75
12-05-2023 12:00,568.43,29.12,84.32,13.78,0.31,5,0,499.97,508.55
12-05-2023 14:00,525.21,17.42,89.95,4.85,0.25,5,0,486.43,507.96
12-05-2023 17:00,488.18,32.23,70.02,8.62,0.06,5,0,491.73,508.61
12-05-2023 23:00,463.15,20.15,63.71,14.55,0.09,5,0,486.3,508.13
13-05-2023 07:00,393.87,27.98,41.73,13.71,0.31,6,1,479.64,506.31
13-05-2023 12:00,541.9,27.71,80.76,8.24,0.15,6,1,486.97,506.78
13-05-2023 14:00,520.32,19.4,43.91,6.89,0.3,6,1,494.54,507.36
13-05-2023 15:00,590.15,31.35,36.62,0.19,0.15,6,1,497.7,507.72
13-05-2023 17:00,599.96,20.48,59.03,11.31,0.22,6,1,499.52,508.26
13-05-2023 21:00,498.13,29.08,40.9,0.03,0.13,6,1,499.58,507.28
14-05-2023 04:00,515.86,29.6,86.45,8.75,0.37,7,1,507.96,506.82
14-05-2023 05:00,416.19,27.9,44.46,14.9,0.29,7,1,504.16,506.37
14-05-2023 07:00,521.68,34.14,46.77,2.39,0.04,7,1,515.14,506.4
15-05-2023 15:00,473.57,28.65,50.77,8.1,0.01,1,0,501.83,509.22
15-05-2023 16:00,497.4,20.13,89.84,3.14,0.95,1,0,498.32,509.68
15-05-2023 18:00,438.28,30.99,60.81,14.71,0.08,1,0,495.15,508.86
15-05-2023 19:00,502.05,20.83,70.6,4.76,0.08,1,0,493.31,508.98
16-05-2023 04:00,434.46,26.17,74.63,7.79,0.01,2,0,483.68,508.66
16-05-2023 06:00,527.88,22.51,76.86,8.06,0.16,2,0,477.02,508.02
16-05-2023 11:00,554.86,33.45,88.28,14.89,0.15,2,0,478.24,508.96
16-05-2023 16:00,507.83,36.62,53.05,1.26,0.04,2,0,485.58,508.83
16-05-2023 17:00,447.58,13.94,67.06,6.1,0.15,2,0,485.66,508.57
17-05-2023 01:00,489.38,31.09,65.47,13.31,0.06,3,0,496.97,510.45
17-05-2023 03:00,439.19,27.55,62.62,12.28,0.17,3,0,493.9,509.89
17-05-2023 07:00,487.66,20.06,42.83,8.09,0.05,3,0,498.37,509.31
17-05-2023 08:00,502.35,36.99,64.18,1.04,0.02,3,0,499.29,509.89
17-05-2023 09:00,590.64,38.95,70.11,11.17,0.05,3,0,503.01,510.26
17-05-2023 14:00,563.2,15.03,73.56,2.84,0.23,3,0,497.53,509.59
17-05-2023 22:00,432.63,32.61,79.61,13.37,0.06,3,0,494.85,508.87
18-05-2023 03:00,553.52,19.42,60.95,13.97,0.09,4,0,492.69,507.15
18-05-2023 06:00,569.02,25.7,88.81,4.46,0.58,4,0,493.87,507.49
18-05-2023 10:00,512.61,32.4,80.96,8.64,0.03,4,0,489.37,507.53
18-05-2023 20:00,472.67,21.77,41.4,12.95,0.27,4,0,497.16,505.39
18-05-2023 22:00,467.55,28.51,51.52,5.74,0.33,4,0,500.48,506
18-05-2023 23:00,575.44,13.16,74.33,1.99,0.02,4,0,503.26,506.9
19-05-2023 03:00,489.57,21.41,49.57,14.07,0.44,5,0,496.33,506.48
19-05-2023 05:00,561.53,23.09,61.83,2.04,0.06,5,0,501.27,506.66
19-05-2023 08:00,479.14,19.38,38.16,2.4,0.02,5,0,500.06,506.77
19-05-2023 11:00,528.46,40.71,85.07,12.44,0.05,5,0,501.88,507.98
19-05-2023 14:00,546.94,16.46,63.28,14.44,0.39,5,0,505.78,508.99
20-05-2023 02:00,438.73,18.63,88.42,8.32,0.36,6,1,489.92,506.85
20-05-2023 03:00,539.81,20.2,76.24,10.6,0.03,6,1,492.02,507.15
20-05-2023 09:00,523.31,32.16,66.32,1.33,0.01,6,1,486.17,507.72
20-05-2023 14:00,476.02,16.98,68.85,3.14,0.02,6,1,478.44,506.64
21-05-2023 02:00,543.9,28.82,66.41,14.01,0.54,7,1,506.17,506.94
21-05-2023 03:00,450.65,-0.94,58.73,5.9,0.31,7,1,502.45,506.27
21-05-2023 04:00,494.7,24.92,69.44,10.18,0.32,7,1,503.91,506.15
21-05-2023 12:00,427.98,21.35,83.11,13.46,0.36,7,1,490.67,504.16
21-05-2023 20:00,530.8,24.78,80.5,13.59,0,7,1,479.03,501.79
22-05-2023 00:00,409.26,33.93,36.12,4.37,0.07,1,0,471.21,500.89
22-05-2023 05:00,638.05,36.5,63.85,5.48,0.01,1,0,479.12,500.76
22-05-2023 11:00,392.21,16.03,86.97,7.88,0.11,1,0,483.05,500.07
22-05-2023 15:00,503.78,23.96,73,2.89,0.02,1,0,478.41,500.22
22-05-2023 17:00,489.76,29.89,70.69,0.21,0.22,1,0,479.22,499.99
22-05-2023 19:00,457.51,42.09,44.12,11.14,0.27,1,0,482.34,500.07
22-05-2023 20:00,473.28,32.88,37.77,9.57,0.01,1,0,479.95,499.94
22-05-2023 22:00,523.22,25.02,81.46,10.41,0,1,0,483.48,500.32
23-05-2023 07:00,440.93,37.42,85.38,2.27,0.4,2,0,472.13,499.74
23-05-2023 10:00,498.92,32.69,85.7,2.41,0.03,2,0,476.31,500.77
23-05-2023 11:00,515.8,25.3,34.19,11.57,0.15,2,0,481.46,500.54
23-05-2023 12:00,394.24,23.94,33.41,8.34,0.09,2,0,481.71,499.96
23-05-2023 16:00,467.12,31.72,77.21,14.46,0.48,2,0,481.99,499.2
24-05-2023 00:00,548.84,22.42,65.06,9.51,0.05,3,0,486.04,498.61
24-05-2023 01:00,458.69,28.04,59,9.18,0.03,3,0,482.32,498.43
24-05-2023 18:00,441.41,28.62,60.69,12.5,0.18,3,0,485.69,497.77
25-05-2023 01:00,523.91,35.23,64.07,12.33,0.13,4,0,481.87,497.57
25-05-2023 02:00,518.15,26.22,62.76,0.07,0.02,4,0,482.06,497.92
25-05-2023 04:00,589.25,21.17,65.9,3.17,0.15,4,0,483.03,497.68
25-05-2023 05:00,493.85,34.42,67.69,11.3,0.11,4,0,487,497.69
25-05-2023 11:00,492.69,21.93,57.65,7.26,0.02,4,0,483.23,496.32
25-05-2023 23:00,493.55,31.1,42.66,13.25,0,4,0,493.11,495.89
26-05-2023 09:00,502.53,20.64,67.47,11.72,0.23,5,0,488.04,494.83
26-05-2023 11:00,545.36,24.09,40.95,0.95,0.21,5,0,486.69,494.1
26-05-2023 14:00,468.02,28.32,88,3.99,0.03,5,0,488.8,493.59
26-05-2023 23:00,475.38,22.57,67.24,5.05,0.17,5,0,475.66,494.64
27-05-2023 00:00,429.94,15.91,78.27,11.69,0.11,6,1,472.94,494.36
27-05-2023 10:00,459.27,25.05,41.66,13.94,0.14,6,1,494.86,495.76
27-05-2023 12:00,555.77,17.29,83.82,6.9,0.04,6,1,494.38,495.65
27-05-2023 17:00,549.17,37.24,50.53,1.25,0.49,6,1,505.48,497.16
27-05-2023 18:00,531.1,22.19,32.75,0.36,0.27,6,1,509.81,497.16
28-05-2023 00:00,555.49,13.32,61.89,6.47,0.22,7,1,526.3,497.52
28-05-2023 06:00,544.17,17.72,47.11,3.4,0.33,7,1,527.17,499.28
28-05-2023 07:00,477.9,22.47,41.52,7.57,0.4,7,1,523.24,499.42
28-05-2023 08:00,536.55,16.83,35.21,1.53,0.32,7,1,521.51,499.72
28-05-2023 16:00,534.81,30.43,85.28,4.7,0.21,7,1,514.5,499.83
28-05-2023 19:00,441.08,27.46,54.13,13.36,0.25,7,1,505.27,500.71
28-05-2023 22:00,468.2,23.36,48.65,1.92,0.05,7,1,497.91,500.68
29-05-2023 04:00,481.86,37.27,59.26,11.04,0.54,1,0,487.2,500.57
29-05-2023 07:00,551.19,26.48,34.53,13.45,0.46,1,0,488.22,499.85
29-05-2023 18:00,600.61,33.73,30.84,12.99,0.02,1,0,487.15,501.51
29-05-2023 22:00,529.39,30.39,74.71,13.13,0.05,1,0,498.45,502.86
30-05-2023 01:00,436.73,13.39,33.2,6.24,0,2,0,495.39,502.63
30-05-2023 07:00,422.47,28.05,79.05,8.67,0.12,2,0,505.14,504.66
30-05-2023 10:00,476.45,28.13,78.21,3.06,0.04,2,0,501.3,503.55
30-05-2023 14:00,461.67,18.71,61.81,9.18,0.26,2,0,502.1,504.02
30-05-2023 16:00,527.13,23.33,39.27,13.08,0.17,2,0,510.21,504.95
31-05-2023 02:00,526.95,19.78,80.8,0.86,0.48,3,0,488.58,503.54
31-05-2023 17:00,441.49,23.39,62.06,11.26,0.32,3,0,478.08,503.84
31-05-2023 22:00,469.63,19.42,82.38,11.49,0.1,3,0,500.45,506.28
01-06-2023 03:00,507.1,36.63,79.47,9.98,0.12,4,0,506.09,507.17
01-06-2023 05:00,565.17,29.72,43.6,3.44,0.11,4,0,515.37,507.38
01-06-2023 19:00,486.39,32.23,42.21,5.07,0.39,4,0,519.24,510.05
01-06-2023 22:00,452.77,28.48,81.75,11.1,0.45,4,0,512.4,509.02
01-06-2023 23:00,495.93,26.1,33.44,9.84,0.02,4,0,512.58,509.04
02-06-2023 06:00,436.83,27,35.92,12.65,0.02,5,0,497.62,509.35
02-06-2023 07:00,517.56,23.77,31.67,14.4,0.06,5,0,497.88,509.51
02-06-2023 08:00,498.11,22.45,58.02,13.02,0,5,0,496.59,509.59
02-06-2023 10:00,558.5,30.45,38.37,6.3,0.04,5,0,493.89,509.91
02-06-2023 21:00,557.13,15.58,69.58,10.48,0.28,5,0,488.19,511
03-06-2023 02:00,529.43,24.41,71.26,2.67,0.63,6,1,493.81,511.97
03-06-2023 03:00,477.81,15.35,53.87,9.89,0.19,6,1,496.48,511.35
03-06-2023 04:00,557.56,30.52,81.84,8.83,0.19,6,1,500.11,512.04
03-06-2023 05:00,478.78,13.71,33.27,0.05,0.23,6,1,502.94,512.05
03-06-2023 09:00,505.14,25.15,83.67,6.25,0.09,6,1,508.16,511.25
03-06-2023 10:00,441.37,33.62,33.05,1.62,0.1,6,1,503.28,511.14
03-06-2023 19:00,547,20.07,70.13,0.43,0.25,6,1,508.89,509.99
03-06-2023 20:00,525.82,26.34,69.91,13.13,0.02,6,1,512.41,510.52
03-06-2023 23:00,556.76,24.6,46.25,4.38,0.01,6,1,511.9,510.37
04-06-2023 01:00,444.31,24.26,38.74,14.91,0.12,7,1,509.62,509.94
04-06-2023 09:00,445.26,18.86,36.67,14.32,0.25,7,1,513.82,509.98
04-06-2023 13:00,489.94,31.17,41.05,2.72,0.29,7,1,514.66,510.68
04-06-2023 17:00,524.59,15.11,43.01,13.49,0.25,7,1,512.95,510.82
04-06-2023 23:00,484.38,24.22,86.9,6.46,0.16,7,1,506.46,511.61
05-06-2023 02:00,513.23,14.54,50.75,11.62,0.23,1,0,502.75,511.77
05-06-2023 13:00,515.74,28.72,50.64,9.05,0.42,1,0,501.07,512.42
05-06-2023 21:00,482.04,29.64,54.99,12.09,0.02,1,0,494.55,511.48
05-06-2023 22:00,574.08,28.16,70.04,12.29,0.02,1,0,499.07,511.75
06-06-2023 02:00,439.08,15.66,78.64,0.99,0.17,2,0,503.67,512.11
06-06-2023 19:00,522.9,21.3,31.27,14.76,0.87,2,0,502.91,512.91
06-06-2023 20:00,561.5,24.08,69.49,2.91,0.01,2,0,509.79,513.82
07-06-2023 00:00,465.56,18.62,79.88,3.81,0.08,3,0,504.93,514.77
07-06-2023 02:00,498.42,25.59,71.08,9.01,0.29,3,0,504.75,514.47
07-06-2023 11:00,436,45,81.73,0.14,0.3,3,0,495.58,515.7
07-06-2023 14:00,451.36,21.94,57.67,12.55,0.07,3,0,499.4,514.67
07-06-2023 17:00,457.08,28.51,39.08,9.69,0.01,3,0,502.52,516.33
07-06-2023 20:00,569.76,24.86,31.56,1.58,0.08,3,0,506.77,515.69
08-06-2023 05:00,522.55,33.4,71.82,4.53,0.06,4,0,508.09,514.29
08-06-2023 14:00,547.22,37.09,47.7,13.06,0.28,4,0,518.98,514.98
09-06-2023 06:00,523.32,33.96,57.31,10.6,0.09,5,0,520.29,518.63
09-06-2023 08:00,550.48,31.15,67.19,1.97,0.01,5,0,525.5,518.83
09-06-2023 17:00,425.02,20.62,74.17,2.09,0.34,5,0,519.03,519.16
09-06-2023 18:00,480.24,27.13,81.05,7.31,0.16,5,0,518.17,519.18
10-06-2023 08:00,492.36,39.44,58.31,10.05,0.09,6,1,488.87,516.57
10-06-2023 12:00,451.2,25.03,50.89,14.48,0.03,6,1,474.44,516.05
10-06-2023 14:00,425.1,17.53,61.95,12.62,0.08,6,1,476.97,515.98
10-06-2023 16:00,543.41,19.77,51.26,7.62,0.41,6,1,479.87,515.76
10-06-2023 18:00,533.6,25.61,53.95,13.42,0.23,6,1,484.38,515.96
10-06-2023 21:00,439.9,28.96,67.94,5.88,0.27,6,1,491.86,515.44
10-06-2023 23:00,490.63,39.79,82.64,4.82,0.78,6,1,487.9,514.71
11-06-2023 02:00,460.75,25.14,85.16,0.68,0.05,7,1,493.65,514.86
11-06-2023 09:00,545.57,34.18,42.36,12.98,0.11,7,1,502.54,514.78
11-06-2023 14:00,494.48,45,32.18,9.27,0.04,7,1,515.29,515.55
12-06-2023 00:00,463.91,12.38,57.47,9.82,0.45,1,0,517.55,517.28
12-06-2023 12:00,534.38,29.37,58.94,8.7,0.37,1,0,501.56,515.72
12-06-2023 18:00,507.14,22.34,31.45,11.8,0.08,1,0,489.47,514.57
12-06-2023 23:00,533.17,23.14,77.96,8.89,0.21,1,0,494.31,515.49
13-06-2023 02:00,474.87,25.91,78.83,0.78,0.75,2,0,508.19,516.44
13-06-2023 03:00,489.57,23.19,43.08,4.15,0.24,2,0,508.75,516.34
13-06-2023 20:00,519.3,37.98,77.81,14.37,0.23,2,0,486.23,512.54
14-06-2023 01:00,432.67,29.79,30.26,13.56,0.02,3,0,475.17,512.27
14-06-2023 05:00,604.28,26.82,37.5,5.26,0.09,3,0,489.09,513.42
14-06-2023 16:00,474.37,21.46,83.75,2.7,0.02,3,0,512.55,513.52
14-06-2023 18:00,483.39,42.98,69.92,4.19,0.15,3,0,509.28,513.86
14-06-2023 20:00,540.41,27.55,88.6,5.62,0.15,3,0,513.14,513.46
15-06-2023 01:00,395.09,34.54,45.56,9.7,0.41,4,0,514.09,512.82
15-06-2023 02:00,508.7,29.69,60.95,13.94,0.45,4,0,510.73,512.69
15-06-2023 08:00,539.51,27.56,31.39,6.75,0.18,4,0,500.79,512.61
15-06-2023 09:00,491.31,37.07,80.65,1.39,0.2,4,0,498.1,512.47
15-06-2023 14:00,531.53,17.7,47.57,10.31,0.01,4,0,492.33,511.14
15-06-2023 20:00,453.46,31.63,80.69,12.93,0.06,4,0,486.18,509.58
16-06-2023 01:00,485.48,30.95,60.79,6.65,0.04,5,0,487.96,508.81
16-06-2023 02:00,531.61,15.77,82.8,12.64,0.06,5,0,488.91,508.92
16-06-2023 05:00,504.74,27.36,33.68,3.91,0.3,5,0,496.88,508.68
16-06-2023 06:00,469.41,30.67,83.5,4.94,0.22,5,0,495.79,508.35
16-06-2023 07:00,480.4,25.3,85,0.49,0.55,5,0,495.02,508.24
16-06-2023 13:00,477.67,18.52,81.01,3.2,0.32,5,0,505.7,507.16
16-06-2023 15:00,534.47,28.49,71.49,11.13,0.18,5,0,503.65,507.82
16-06-2023 18:00,481.29,33.4,61.17,14.49,0.04,5,0,506.46,508.92
16-06-2023 20:00,514.21,21.1,44.71,3.93,0.08,5,0,513.94,510.22
17-06-2023 05:00,386.48,10.19,79.55,14.14,0.02,6,1,501.62,510.27
17-06-2023 07:00,549.45,25.42,67.3,3.04,0.01,6,1,506.26,510.42
17-06-2023 15:00,434.95,20.81,60.85,12.38,0.31,6,1,501.06,511.31
18-06-2023 03:00,424.51,29.81,59.77,1.41,0.24,7,1,491.85,510.22
18-06-2023 05:00,472.01,32.27,51.54,14.25,0.16,7,1,498.5,510.37
18-06-2023 06:00,459.59,28.63,78.98,10.63,0.37,7,1,496.32,509.67
18-06-2023 10:00,556.14,23.6,59.74,8.77,0.21,7,1,489.57,509.23
18-06-2023 11:00,526.05,25.99,84.45,2.62,0.57,7,1,493.48,509.4
18-06-2023 15:00,489.31,33.55,41.23,9.92,0.62,7,1,503.5,509.56
18-06-2023 17:00,585.38,13.37,61.82,14.43,0,7,1,510.02,509.25
18-06-2023 22:00,538.21,21.84,36.7,14.83,0.07,7,1,514.49,509.77
19-06-2023 04:00,399.07,29.42,30.8,2.72,0.01,1,0,510.04,510.3
19-06-2023 11:00,545.16,26.99,67.74,4.51,0.19,1,0,514.93,511.18
19-06-2023 12:00,571.26,38.86,66.82,5.78,0.16,1,0,516.58,511.4
19-06-2023 20:00,570.97,10.74,56.99,14.01,0.52,1,0,516.39,512.78
20-06-2023 00:00,523,36.34,53.14,2.54,0.75,2,0,519.64,512.5
20-06-2023 02:00,432.3,28.26,77.12,1.33,0.14,2,0,514.87,512
20-06-2023 06:00,365.51,38.07,40.18,7.74,0.4,2,0,511.76,512.43
20-06-2023 07:00,538.37,23.97,44.83,4.58,0.46,2,0,510.7,512.8
20-06-2023 12:00,458.4,22.43,51.97,6.95,0.03,2,0,500.1,513.54
20-06-2023 15:00,477.85,23.05,49.21,1.97,0.43,2,0,499.23,514.16
20-06-2023 17:00,409.78,31.07,62.72,4.65,0.13,2,0,487.95,512.81
20-06-2023 21:00,462.32,23.8,76.73,12.42,0.19,2,0,483.36,512.37
21-06-2023 10:00,533.28,38.45,76.18,2.03,0,3,0,483.05,510.5
21-06-2023 15:00,589.6,23.24,49.11,1.46,0.18,3,0,482.62,509.57
21-06-2023 16:00,477.73,18.84,59.32,14.87,0.28,3,0,487.17,509.59
21-06-2023 17:00,529.6,21.77,61.34,7.76,0.03,3,0,492.16,509.77
21-06-2023 19:00,545.63,26.89,53.17,7.59,0.37,3,0,492.71,509.77
21-06-2023 23:00,482.46,27.21,77.23,9.42,0.13,3,0,490.03,508.62
22-06-2023 10:00,508.12,9.13,49.38,5.19,0.7,4,0,476.76,507.37
22-06-2023 14:00,572.16,17.85,86.5,12.89,0.4,4,0,487.71,508.18
22-06-2023 22:00,434.54,8.77,85.95,2.82,0.11,4,0,472.83,507.1
23-06-2023 03:00,457.99,33.29,81.77,11.74,0.51,5,0,475.61,505.34
23-06-2023 05:00,544.59,22.8,49.74,10.35,0.06,5,0,478.15,505.6
24-06-2023 02:00,486.53,20.53,61.47,5.61,0.26,6,1,481.88,501.86
24-06-2023 13:00,564.33,18.1,45.26,8.69,0.17,6,1,487.2,502.8
24-06-2023 17:00,522.95,22.76,83.09,9.19,0.27,6,1,498.24,503.79
24-06-2023 21:00,426.35,23.15,54.59,13.32,0.02,6,1,500.04,503.42
25-06-2023 17:00,475.98,27.87,46.98,7.38,0.26,7,1,499.75,502.3
25-06-2023 18:00,500.96,30.54,59.56,8.85,0.2,7,1,502.06,502.57
25-06-2023 19:00,521.53,37.27,57.12,13.27,0.33,7,1,500.96,502.83
26-06-2023 00:00,512.14,17.42,32.22,1.67,0.07,1,0,509.69,502.22
26-06-2023 11:00,518.15,30.56,71.02,10.89,0.01,1,0,504.64,501.94
26-06-2023 14:00,545.26,21.66,50.57,14.24,0.01,1,0,504.95,501.42
26-06-2023 21:00,450.55,32.63,42.23,14.71,0.03,1,0,501.2,500.2
27-06-2023 00:00,481.34,25.48,41.43,9.82,0.04,2,0,500.9,499.49
27-06-2023 01:00,485.74,17.65,63.03,4.69,0.07,2,0,497.93,499.44
27-06-2023 06:00,439.19,24,75.58,8.81,0.09,2,0,500.66,501.35
27-06-2023 09:00,480.58,15.6,40.12,11.41,0.58,2,0,498.04,500.52
27-06-2023 10:00,450.98,31.33,41.98,9.57,0.31,2,0,499.34,500.38
27-06-2023 12:00,493,19.81,89.94,12.25,0.57,2,0,502.02,501.75
27-06-2023 14:00,446.39,27.32,86.47,13.97,0.42,2,0,499.27,501.16
27-06-2023 17:00,526.07,31.83,62.17,13.86,0.26,2,0,494.79,502.23
28-06-2023 01:00,527.76,15.67,74.34,8.08,0.22,3,0,504.18,503.8
28-06-2023 09:00,430.96,37.22,48.53,2.63,0.01,3,0,512.43,505.16
28-06-2023 11:00,502.82,11.73,75.96,2.73,0.14,3,0,513.07,505.1
28-06-2023 12:00,546.84,19.82,42.37,5.88,0.53,3,0,515.32,505.7
28-06-2023 19:00,533.18,22.48,71.91,0.14,0.03,3,0,522.03,506.51
29-06-2023 05:00,546.61,33.16,63.06,13.7,0.17,4,0,506.16,508.2
29-06-2023 07:00,491.47,26.17,58.02,8.58,0.31,4,0,503.27,507.96
29-06-2023 15:00,542.15,28.25,58.26,12.15,0.03,4,0,505.07,510.55
29-06-2023 16:00,549.45,41.41,51.86,1.89,0,4,0,509.4,511.15
29-06-2023 17:00,513.91,26.63,34,7.73,0.42,4,0,508.86,511.26
30-06-2023 03:00,582.84,21.08,32.43,12.56,0.05,5,0,525.95,515.83
30-06-2023 12:00,480.59,19.23,46.33,14.09,0,5,0,525.8,515.69
30-06-2023 16:00,486.92,14,58.05,1.62,0.17,5,0,522.89,517.36
