time,day_temperature_C,day_humidity_percent,dayofweek_sin,dayofweek_cos,dayofmonth_sin,dayofmonth_cos,dayofyear_sin,dayofyear_cos,complaint_count
2022-06-10,34.6,47,-0.433883739117558,-0.9009688679024191,0.8978045395707416,-0.4403941515576344,0.36171373072976765,-0.9322892131745133,10.0
2022-06-11,34.8,42,-0.9749279121818236,-0.2225209339563146,0.7907757369376989,-0.6121059825476626,0.3456123126707335,-0.9383773917408641,12.0
2022-06-12,34.4,45,-0.7818314824680299,0.6234898018587334,0.6513724827222223,-0.758758122692791,0.3294084822245304,-0.9441875088341993,5.0
2022-06-13,34.7,45,0.0,1.0,0.48530196253108104,-0.8743466161445821,0.3131070409358269,-0.9497178427914316,15.0
2022-06-14,32.9,52,0.7818314824680298,0.6234898018587336,0.29936312297335804,-0.9541392564000488,0.29671281927349075,-0.9549667548552551,16.0
2022-06-15,30.7,66,0.9749279121818236,-0.22252093395631434,0.10116832198743272,-0.994869323391895,0.28023067519921585,-0.9599326896597447,15.0
2022-06-16,30.4,68,0.43388373911755823,-0.900968867902419,-0.10116832198743204,-0.9948693233918952,0.26366549272800704,-0.9646141756912435,11.0
2022-06-17,28.6,78,-0.433883739117558,-0.9009688679024191,-0.2993631229733582,-0.9541392564000488,0.24702218048093552,-0.9690098257244062,13.0
2022-06-18,27.6,84,-0.9749279121818236,-0.2225209339563146,-0.4853019625310808,-0.8743466161445822,0.23030567023061221,-0.9731183372332619,26.0
2022-06-19,27.3,88,-0.7818314824680299,0.6234898018587334,-0.651372482722222,-0.7587581226927911,0.21352091543979612,-0.9769384927771817,19.0
2022-06-20,27.2,87,0.0,1.0,-0.7907757369376986,-0.6121059825476627,0.19667288979357647,-0.980469160361632,20.0
2022-06-21,27.6,82,0.7818314824680298,0.6234898018587336,-0.8978045395707417,-0.44039415155763423,0.1797665857255624,-0.9837092937736097,14.0
2022-06-22,28.1,80,0.9749279121818236,-0.22252093395631434,-0.9680771188662041,-0.2506525322587213,0.16280701293851715,-0.986657932891657,11.0
2022-06-23,28.2,83,0.43388373911755823,-0.900968867902419,-0.9987165071710528,-0.05064916883871355,0.1457991969198751,-0.9893142039703663,7.0
2022-06-24,27.2,84,-0.433883739117558,-0.9009688679024191,-0.9884683243281114,0.15142777750457667,0.12874817745258132,-0.99167731989929,12.0
2022-06-25,26.7,86,-0.9749279121818236,-0.2225209339563146,-0.9377521321470804,0.3473052528448203,0.11165900712169512,-0.993746580436178,8.0
2022-06-26,28.1,80,-0.7818314824680299,0.6234898018587334,-0.8486442574947509,0.5289640103269624,0.09453674981719912,-0.9955213724144752,11.0
2022-06-27,29.2,77,0.0,1.0,-0.72479278722912,0.6889669190756865,0.07738647923346301,-0.9970011699250151,9.0
2022-06-28,29.4,75,0.7818314824680298,0.6234898018587336,-0.5712682150947924,0.8207634412072763,0.06021327736579302,-0.9981855344718586,5.0
2022-06-29,28.9,79,0.9749279121818236,-0.22252093395631434,-0.3943558551133187,0.9189578116202306,0.04302223300453059,-0.99907411510223,5.0
2022-06-30,27.9,84,0.43388373911755823,-0.900968867902419,-0.20129852008866114,0.9795299412524943,0.02581844022713308,-0.9996666485105112,5.0
2022-07-01,27.9,86,-0.433883739117558,-0.9009688679024191,0.20129852008866006,0.9795299412524945,0.008606996888688698,-0.9999629591162655,7.0
2022-07-02,28.0,85,-0.9749279121818236,-0.2225209339563146,0.39435585511331855,0.9189578116202306,-0.008606996888688009,-0.9999629591162655,7.0
2022-07-03,26.4,91,-0.7818314824680299,0.6234898018587334,0.5712682150947923,0.8207634412072763,-0.02581844022713239,-0.9996666485105112,6.0
2022-07-04,26.6,89,0.0,1.0,0.72479278722912,0.6889669190756866,-0.04302223300453034,-0.99907411510223,9.0
2022-07-05,27.0,88,0.7818314824680298,0.6234898018587336,0.8486442574947509,0.5289640103269624,-0.060213277365792774,-0.9981855344718586,9.0
2022-07-06,27.0,87,0.9749279121818236,-0.22252093395631434,0.9377521321470804,0.3473052528448203,-0.07738647923346322,-0.9970011699250151,11.0
2022-07-07,27.8,85,0.43388373911755823,-0.900968867902419,0.9884683243281114,0.1514277775045767,-0.09453674981719933,-0.9955213724144752,5.0
2022-07-08,27.8,85,-0.433883739117558,-0.9009688679024191,0.9987165071710528,-0.05064916883871264,-0.11165900712169444,-0.9937465804361781,3.0
2022-07-09,27.6,83,-0.9749279121818236,-0.2225209339563146,0.9680771188662043,-0.2506525322587204,-0.12874817745258066,-0.99167731989929,9.0
2022-07-10,27.8,84,-0.7818314824680299,0.6234898018587334,0.8978045395707416,-0.4403941515576344,-0.14579919691987442,-0.9893142039703664,16.0
2022-07-11,27.8,84,0.0,1.0,0.7907757369376989,-0.6121059825476626,-0.16280701293851646,-0.9866579328916572,6.0
2022-07-12,27.5,86,0.7818314824680298,0.6234898018587336,0.6513724827222223,-0.758758122692791,-0.17976658572556214,-0.9837092937736098,11.0
2022-07-13,27.3,87,0.9749279121818236,-0.22252093395631434,0.48530196253108104,-0.8743466161445821,-0.19667288979357622,-0.9804691603616321,11.0
2022-07-14,25.9,91,0.43388373911755823,-0.900968867902419,0.29936312297335804,-0.9541392564000488,-0.2135209154397959,-0.9769384927771817,12.0
2022-07-15,26.5,89,-0.433883739117558,-0.9009688679024191,0.10116832198743272,-0.994869323391895,-0.23030567023061196,-0.973118337233262,14.0
2022-07-16,26.7,88,-0.9749279121818236,-0.2225209339563146,-0.10116832198743204,-0.9948693233918952,-0.24702218048093527,-0.9690098257244063,12.0
2022-07-17,27.4,85,-0.7818314824680299,0.6234898018587334,-0.2993631229733582,-0.9541392564000488,-0.2636654927280072,-0.9646141756912435,13.0
2022-07-18,27.4,85,0.0,1.0,-0.4853019625310808,-0.8743466161445822,-0.2802306751992161,-0.9599326896597445,12.0
2022-07-19,27.5,79,0.7818314824680298,0.6234898018587336,-0.651372482722222,-0.7587581226927911,-0.2967128192734901,-0.9549667548552553,8.0
2022-07-20,27.9,79,0.9749279121818236,-0.22252093395631434,-0.7907757369376986,-0.6121059825476627,-0.3131070409358267,-0.9497178427914317,8.0
2022-07-21,27.4,85,0.43388373911755823,-0.900968867902419,-0.8978045395707417,-0.44039415155763423,-0.3294084822245302,-0.9441875088341994,9.0
2022-07-22,26.5,91,-0.433883739117558,-0.9009688679024191,-0.9680771188662041,-0.2506525322587213,-0.3456123126707333,-0.9383773917408642,10.0
2022-07-23,26.7,88,-0.9749279121818236,-0.2225209339563146,-0.9987165071710528,-0.05064916883871355,-0.3617137307297674,-0.9322892131745134,12.0
2022-07-24,26.4,90,-0.7818314824680299,0.6234898018587334,-0.9884683243281114,0.15142777750457667,-0.37770796520396466,-0.9259247771938499,12.0
2022-07-25,26.4,88,0.0,1.0,-0.9377521321470804,0.3473052528448203,-0.39359027665646645,-0.9192859697186105,11.0
2022-07-26,27.4,84,0.7818314824680298,0.6234898018587336,-0.8486442574947509,0.5289640103269624,-0.4093559588156211,-0.9123747579707274,7.0
2022-07-27,28.0,82,0.9749279121818236,-0.22252093395631434,-0.72479278722912,0.6889669190756865,-0.42500033996955394,-0.9051931898913975,3.0
2022-07-28,27.5,87,0.43388373911755823,-0.900968867902419,-0.5712682150947924,0.8207634412072763,-0.4405187843504952,-0.8977433935342336,12.0
2022-07-29,27.7,88,-0.433883739117558,-0.9009688679024191,-0.3943558551133187,0.9189578116202306,-0.455906693508459,-0.8900275764346766,8.0
2022-07-30,28.3,85,-0.9749279121818236,-0.2225209339563146,-0.20129852008866114,0.9795299412524943,-0.47115950767386394,-0.8820480249558535,6.0
2022-07-31,28.4,86,-0.7818314824680299,0.6234898018587334,-2.4492935982947064e-16,1.0,-0.4862727071086902,-0.8738071036110807,13.0
2022-08-01,28.5,85,0.0,1.0,0.20129852008866006,0.9795299412524945,-0.5012418134457756,-0.8653072543632061,11.0
2022-08-02,28.1,87,0.7818314824680298,0.6234898018587336,0.39435585511331855,0.9189578116202306,-0.5160623910158526,-0.8565509959010037,7.0
2022-08-03,28.0,85,0.9749279121818236,-0.22252093395631434,0.5712682150947923,0.8207634412072763,-0.5307300481619331,-0.8475409228928312,17.0
2022-08-04,28.7,78,0.43388373911755823,-0.900968867902419,0.72479278722912,0.6889669190756866,-0.5452404385406507,-0.8382797052177745,5.0
2022-08-05,29.0,78,-0.433883739117558,-0.9009688679024191,0.8486442574947509,0.5289640103269624,-0.5595892624101763,-0.828770087174504,13.0
2022-08-06,27.8,86,-0.9749279121818236,-0.2225209339563146,0.9377521321470804,0.3473052528448203,-0.5737722679043243,-0.8190148866680802,8.0
2022-08-07,26.8,89,-0.7818314824680299,0.6234898018587334,0.9884683243281114,0.1514277775045767,-0.5877852522924734,-0.8090169943749472,7.0
2022-08-08,27.1,87,0.0,1.0,0.9987165071710528,-0.05064916883871264,-0.6016240632249227,-0.7987793728863648,1.0
2022-08-09,26.5,89,0.7818314824680298,0.6234898018587336,0.9680771188662043,-0.2506525322587204,-0.6152845999633277,-0.7883050558305253,9.0
2022-08-10,25.7,90,0.9749279121818236,-0.22252093395631434,0.8978045395707416,-0.4403941515576344,-0.6287628145958345,-0.7775971469736268,10.0
2022-08-11,25.5,90,0.43388373911755823,-0.900968867902419,0.7907757369376989,-0.6121059825476626,-0.6420547132365636,-0.7666588193001592,7.0
2022-08-12,25.8,92,-0.433883739117558,-0.9009688679024191,0.6513724827222223,-0.758758122692791,-0.655156357209085,-0.7554933140726804,4.0
2022-08-13,25.7,91,-0.9749279121818236,-0.2225209339563146,0.48530196253108104,-0.8743466161445821,-0.6680638642135333,-0.7441039398713608,4.0
2022-08-14,25.4,94,-0.7818314824680299,0.6234898018587334,0.29936312297335804,-0.9541392564000488,-0.6807734094770159,-0.7324940716135792,10.0
2022-08-15,25.4,87,0.0,1.0,0.10116832198743272,-0.994869323391895,-0.6932812268869771,-0.7206671495538615,13.0
2022-08-16,27.2,81,0.7818314824680298,0.6234898018587336,-0.10116832198743204,-0.9948693233918952,-0.7055836101071774,-0.70862667826446,5.0
2022-08-17,28.0,82,0.9749279121818236,-0.22252093395631434,-0.2993631229733582,-0.9541392564000488,-0.7176769136759615,-0.6963762255968726,2.0
2022-08-18,27.5,85,0.43388373911755823,-0.900968867902419,-0.4853019625310808,-0.8743466161445822,-0.7295575540864876,-0.6839194216246105,6.0
2022-08-19,26.1,92,-0.433883739117558,-0.9009688679024191,-0.651372482722222,-0.7587581226927911,-0.7412220108485957,-0.6712599575675315,11.0
2022-08-20,25.4,92,-0.9749279121818236,-0.2225209339563146,-0.7907757369376986,-0.6121059825476627,-0.7526668275320083,-0.6584015846980489,14.0
2022-08-21,26.6,87,-0.7818314824680299,0.6234898018587334,-0.8978045395707417,-0.44039415155763423,-0.7638886127905429,-0.64534811322955,7.0
2022-08-22,27.5,82,0.0,1.0,-0.9680771188662041,-0.2506525322587213,-0.7748840413670406,-0.6321034111873488,8.0
2022-08-23,28.0,82,0.7818314824680298,0.6234898018587336,-0.9987165071710528,-0.05064916883871355,-0.7856498550787144,-0.6186714032625032,9.0
2022-08-24,26.6,87,0.9749279121818236,-0.22252093395631434,-0.9884683243281114,0.15142777750457667,-0.7961828637826154,-0.6050560696488494,5.0
2022-08-25,26.8,86,0.43388373911755823,-0.900968867902419,-0.9377521321470804,0.3473052528448203,-0.8064799463209447,-0.5912614448635782,7.0
2022-08-26,28.0,82,-0.433883739117558,-0.9009688679024191,-0.8486442574947509,0.5289640103269624,-0.8165380514459157,-0.5772916165517278,3.0
2022-08-27,28.2,84,-0.9749279121818236,-0.2225209339563146,-0.72479278722912,0.6889669190756865,-0.8263541987239094,-0.5631507242749187,8.0
2022-08-28,27.3,89,-0.7818314824680299,0.6234898018587334,-0.5712682150947924,0.8207634412072763,-0.8359254794186365,-0.5488429582847199,8.0
2022-08-29,28.2,84,0.0,1.0,-0.3943558551133187,0.9189578116202306,-0.8452490573530634,-0.5343725582809785,13.0
2022-08-30,29.1,77,0.7818314824680298,0.6234898018587336,-0.20129852008866114,0.9795299412524943,-0.8543221697498269,-0.5197438121555157,13.0
2022-08-31,28.5,82,0.9749279121818236,-0.22252093395631434,-2.4492935982947064e-16,1.0,-0.8631421280499115,-0.5049610547215202,7.0
2022-09-01,28.2,84,0.43388373911755823,-0.900968867902419,0.20129852008866006,0.9795299412524945,-0.8717063187093217,-0.4900286664290594,4.0
2022-09-02,28.4,85,-0.433883739117558,-0.9009688679024191,0.39435585511331855,0.9189578116202306,-0.8800122039735356,-0.4749510720670502,5.0
2022-09-03,27.8,87,-0.9749279121818236,-0.2225209339563146,0.5712682150947923,0.8207634412072763,-0.888057322629493,-0.4597327394521046,7.0
2022-09-04,27.2,88,-0.7818314824680299,0.6234898018587334,0.72479278722912,0.6889669190756866,-0.8958392907349089,-0.4443781781046134,6.0
2022-09-05,27.4,85,0.0,1.0,0.8486442574947509,0.5289640103269624,-0.9033558023246842,-0.4288919379124841,6.0
2022-09-06,27.8,86,0.7818314824680298,0.6234898018587336,0.9377521321470804,0.3473052528448203,-0.9106046300942162,-0.41327860778290443,4.0
2022-09-07,27.9,86,0.9749279121818236,-0.22252093395631434,0.9884683243281114,0.1514277775045767,-0.9175836260593934,-0.3975428142825566,8.0
2022-09-08,28.0,84,0.43388373911755823,-0.900968867902419,0.9987165071710528,-0.05064916883871264,-0.9242907221930934,-0.3816892202666586,7.0
2022-09-09,28.1,81,-0.433883739117558,-0.9009688679024191,0.9680771188662043,-0.2506525322587204,-0.9307239310379793,-0.3657225234972692,6.0
2022-09-10,27.3,84,-0.9749279121818236,-0.2225209339563146,0.8978045395707416,-0.4403941515576344,-0.9368813462954315,-0.34964745525122826,3.0
2022-09-11,26.4,86,-0.7818314824680299,0.6234898018587334,0.7907757369376989,-0.6121059825476626,-0.9427611433904206,-0.33346877891818705,9.0
2022-09-12,26.5,88,0.0,1.0,0.6513724827222223,-0.758758122692791,-0.9483615800121716,-0.31719128858910595,4.0
2022-09-13,26.1,90,0.7818314824680298,0.6234898018587336,0.48530196253108104,-0.8743466161445821,-0.9536809966304455,-0.300819807635668,4.0
2022-09-14,26.7,87,0.9749279121818236,-0.22252093395631434,0.29936312297335804,-0.9541392564000488,-0.9587178169872964,-0.2843591872810036,8.0
2022-09-15,27.5,81,0.43388373911755823,-0.900968867902419,0.10116832198743272,-0.994869323391895,-0.9634705485641486,-0.26781430516217486,2.0
2022-09-16,27.1,84,-0.433883739117558,-0.9009688679024191,-0.10116832198743204,-0.9948693233918952,-0.9679377830240642,-0.25119006388481957,6.0
2022-09-17,27.1,85,-0.9749279121818236,-0.2225209339563146,-0.2993631229733582,-0.9541392564000488,-0.9721181966290612,-0.23449138957041052,9.0
2022-09-18,26.7,89,-0.7818314824680299,0.6234898018587334,-0.4853019625310808,-0.8743466161445822,-0.9760105506323682,-0.21772323039653224,7.0
2022-09-19,26.2,90,0.0,1.0,-0.651372482722222,-0.7587581226927911,-0.9796136916454901,-0.20089055513063528,12.0
2022-09-20,26.0,91,0.7818314824680298,0.6234898018587336,-0.7907757369376986,-0.6121059825476627,-0.9829265519799822,-0.18399835165767986,7.0
2022-09-21,25.9,88,0.9749279121818236,-0.22252093395631434,-0.8978045395707417,-0.44039415155763423,-0.9859481499638303,-0.1670516255021195,9.0
2022-09-22,26.2,89,0.43388373911755823,-0.900968867902419,-0.9680771188662041,-0.2506525322587213,-0.9886775902323404,-0.15005539834465262,10.0
2022-09-23,25.8,89,-0.433883739117558,-0.9009688679024191,-0.9987165071710528,-0.05064916883871355,-0.9911140639934546,-0.13301470653419636,6.0
2022-09-24,27.0,82,-0.9749279121818236,-0.2225209339563146,-0.9884683243281114,0.15142777750457667,-0.9932568492674143,-0.11593459959550066,7.0
2022-09-25,27.4,79,-0.7818314824680299,0.6234898018587334,-0.9377521321470804,0.3473052528448203,-0.9951053111006974,-0.09882013873287211,7.0
2022-09-26,27.1,86,0.0,1.0,-0.8486442574947509,0.5289640103269624,-0.99665890175417,-0.08167639533042288,8.0
2022-09-27,26.6,90,0.7818314824680298,0.6234898018587336,-0.72479278722912,0.6889669190756865,-0.9979171608653922,-0.06450844944931625,8.0
2022-09-28,26.8,88,0.9749279121818236,-0.22252093395631434,-0.5712682150947924,0.8207634412072763,-0.9988797155850335,-0.04732138832243232,6.0
2022-09-29,26.6,89,0.43388373911755823,-0.900968867902419,-0.3943558551133187,0.9189578116202306,-0.9995462806873573,-0.03012030484690836,12.0
2022-09-30,27.1,86,-0.433883739117558,-0.9009688679024191,-0.20129852008866114,0.9795299412524943,-0.9999166586547379,-0.012910296075008843,5.0
2022-10-01,27.1,85,-0.9749279121818236,-0.2225209339563146,0.20129852008866006,0.9795299412524945,-0.9999907397361901,0.004303538296243821,5.0
2022-10-02,27.0,87,-0.7818314824680299,0.6234898018587334,0.39435585511331855,0.9189578116202306,-0.9997685019798909,0.021516097436222233,7.0
2022-10-03,26.5,89,0.0,1.0,0.5712682150947923,0.8207634412072763,-0.9992500112396835,0.03872228089217399,9.0
2022-10-04,25.6,92,0.7818314824680298,0.6234898018587336,0.72479278722912,0.6889669190756866,-0.9984354211555643,0.05591699010060302,4.0
2022-10-05,26.9,84,0.9749279121818236,-0.22252093395631434,0.8486442574947509,0.5289640103269624,-0.9973249731081555,0.07309512989807776,3.0
2022-10-06,26.4,84,0.43388373911755823,-0.900968867902419,0.9377521321470804,0.3473052528448203,-0.9959189961471792,0.0902516100310407,5.0
2022-10-07,26.2,85,-0.433883739117558,-0.9009688679024191,0.9884683243281114,0.1514277775045767,-0.994217906893952,0.10738134666416306,3.0
2022-10-08,26.2,86,-0.9749279121818236,-0.2225209339563146,0.9987165071710528,-0.05064916883871264,-0.9922222094179324,0.12447926388678869,6.0
2022-10-09,26.2,85,-0.7818314824680299,0.6234898018587334,0.9680771188662043,-0.2506525322587204,-0.989932495087353,0.141540295217043,1.0
2022-10-10,26.0,88,0.0,1.0,0.8978045395707416,-0.4403941515576344,-0.9873494423939864,0.15855938510313475,4.0
2022-10-11,25.5,90,0.7818314824680298,0.6234898018587336,0.7907757369376989,-0.6121059825476626,-0.9844738167520923,0.17553149042142777,7.0
2022-10-12,25.3,89,0.9749279121818236,-0.22252093395631434,0.6513724827222223,-0.758758122692791,-0.9813064702716093,0.19245158197082995,6.0
2022-10-13,25.8,88,0.43388373911755823,-0.900968867902419,0.48530196253108104,-0.8743466161445821,-0.9778483415056567,0.20931464596304888,9.0
2022-10-14,25.2,90,-0.433883739117558,-0.9009688679024191,0.29936312297335804,-0.9541392564000488,-0.9741004551724206,0.22611568550828803,7.0
2022-10-15,26.1,86,-0.9749279121818236,-0.2225209339563146,0.10116832198743272,-0.994869323391895,-0.970063921851507,0.2428497220959358,12.0
2022-10-16,26.2,86,-0.7818314824680299,0.6234898018587334,-0.10116832198743204,-0.9948693233918952,-0.965739937654855,0.25951179706979943,5.0
2022-10-17,25.9,88,0.0,1.0,-0.2993631229733582,-0.9541392564000488,-0.9611297838723007,0.27609697309746883,7.0
2022-10-18,25.0,89,0.7818314824680298,0.6234898018587336,-0.4853019625310808,-0.8743466161445822,-0.9562348265919058,0.2926003356333479,5.0
2022-10-19,25.4,84,0.9749279121818236,-0.22252093395631434,-0.651372482722222,-0.7587581226927911,-0.9510565162951536,0.30901699437494723,6.0
2022-10-20,24.6,76,0.43388373911755823,-0.900968867902419,-0.7907757369376986,-0.6121059825476627,-0.9455963874271428,0.3253420847119795,5.0
2022-10-21,23.8,69,-0.433883739117558,-0.9009688679024191,-0.8978045395707417,-0.44039415155763423,-0.9398560579418953,0.341570769167856,8.0
2022-10-22,23.7,73,-0.9749279121818236,-0.2225209339563146,-0.9680771188662041,-0.2506525322587213,-0.9338372288229252,0.35769823883312546,3.0
2022-10-23,24.7,69,-0.7818314824680299,0.6234898018587334,-0.9987165071710528,-0.05064916883871355,-0.9275416835791965,0.3737197147904692,1.0
2022-10-24,25.2,68,0.0,1.0,-0.9884683243281114,0.15142777750457667,-0.9209712877166347,0.38963044953078774,1.0
2022-10-25,24.6,72,0.7818314824680298,0.6234898018587336,-0.9377521321470804,0.3473052528448203,-0.9141279881853337,0.4054257283599973,2.0
2022-10-26,23.9,73,0.9749279121818236,-0.22252093395631434,-0.8486442574947509,0.5289640103269624,-0.9070138128026362,0.42110087079608916,7.0
2022-10-27,24.1,65,0.43388373911755823,-0.900968867902419,-0.72479278722912,0.6889669190756865,-0.8996308696522434,0.4366512319560638,1.0
2022-10-28,23.0,64,-0.433883739117558,-0.9009688679024191,-0.5712682150947924,0.8207634412072763,-0.8919813464595487,0.45207220393230374,4.0
2022-10-29,21.5,65,-0.9749279121818236,-0.2225209339563146,-0.3943558551133187,0.9189578116202306,-0.8840675099433637,0.46735921715800205,2.0
2022-10-30,22.0,64,-0.7818314824680299,0.6234898018587334,-0.20129852008866114,0.9795299412524943,-0.8758917051442433,0.48250774176121763,2.0
2022-10-31,22.4,71,0.0,1.0,-2.4492935982947064e-16,1.0,-0.8674563547295971,0.4975132889071803,4.0
2022-11-01,23.8,69,0.7818314824680298,0.6234898018587336,0.20129852008866006,0.9795299412524945,-0.858763958275803,0.5123714121284235,5.0
2022-11-02,24.0,76,0.9749279121818236,-0.22252093395631434,0.39435585511331855,0.9189578116202306,-0.8498170915275277,0.5270777086423724,2.0
2022-11-03,23.2,70,0.43388373911755823,-0.900968867902419,0.5712682150947923,0.8207634412072763,-0.8406184056344783,0.5416278206559811,5.0
2022-11-04,23.5,63,-0.433883739117558,-0.9009688679024191,0.72479278722912,0.6889669190756866,-0.8311706263658079,0.5560174366570446,3.0
2022-11-05,23.5,66,-0.9749279121818236,-0.2225209339563146,0.8486442574947509,0.5289640103269624,-0.8214765533024145,0.5702422926917867,4.0
2022-11-06,23.7,68,-0.7818314824680299,0.6234898018587334,0.9377521321470804,0.3473052528448203,-0.8115390590073611,0.5842981736283683,2.0
2022-11-07,23.7,71,0.0,1.0,0.9884683243281114,0.1514277775045767,-0.801361088174677,0.5981809144059158,1.0
2022-11-08,24.2,74,0.7818314824680298,0.6234898018587336,0.9987165071710528,-0.05064916883871264,-0.7909456567567774,0.6118864012687242,3.0
2022-11-09,23.6,75,0.9749279121818236,-0.22252093395631434,0.9680771188662043,-0.2506525322587204,-0.780295851070776,0.6254105729852457,5.0
2022-11-10,22.8,71,0.43388373911755823,-0.900968867902419,0.8978045395707416,-0.4403941515576344,-0.7694148268839381,0.6387494220515268,8.0
2022-11-11,22.1,71,-0.433883739117558,-0.9009688679024191,0.7907757369376989,-0.6121059825476626,-0.7583058084785625,0.6518989958787125,7.0
2022-11-12,22.5,70,-0.9749279121818236,-0.2225209339563146,0.6513724827222223,-0.758758122692791,-0.7469720876965551,0.6648553979642866,7.0
2022-11-13,21.2,67,-0.7818314824680299,0.6234898018587334,0.48530196253108104,-0.8743466161445821,-0.7354170229639858,0.6776147890466887,6.0
2022-11-14,20.6,65,0.0,1.0,0.29936312297335804,-0.9541392564000488,-0.7236440382959124,0.690173388242972,6.0
2022-11-15,20.3,69,0.7818314824680298,0.6234898018587336,0.10116832198743272,-0.994869323391895,-0.711656622281775,0.7025274741691566,10.0
2022-11-16,20.4,73,0.9749279121818236,-0.22252093395631434,-0.10116832198743204,-0.9948693233918952,-0.6994583270516471,0.7146733860429608,4.0
2022-11-17,20.7,67,0.43388373911755823,-0.900968867902419,-0.2993631229733582,-0.9541392564000488,-0.6870527672236675,0.7266075247685652,3.0
2022-11-18,21.1,62,-0.433883739117558,-0.9009688679024191,-0.4853019625310808,-0.8743466161445822,-0.6744436188329457,0.7383263540031063,6.0
2022-11-19,20.1,64,-0.9749279121818236,-0.2225209339563146,-0.651372482722222,-0.7587581226927911,-0.661634618242279,0.749826401204568,10.0
2022-11-20,19.6,67,-0.7818314824680299,0.6234898018587334,-0.7907757369376986,-0.6121059825476627,-0.6486295610349818,0.7611042586607742,3.0
2022-11-21,20.9,67,0.0,1.0,-0.8978045395707417,-0.44039415155763423,-0.6354323008901775,0.7721565844991641,5.0
2022-11-22,22.0,71,0.7818314824680298,0.6234898018587336,-0.9680771188662041,-0.2506525322587213,-0.622046748440868,0.7829801036770624,3.0
2022-11-23,21.2,72,0.9749279121818236,-0.22252093395631434,-0.9987165071710528,-0.05064916883871355,-0.6084768701151264,0.7935716089521472,12.0
2022-11-24,20.1,71,0.43388373911755823,-0.900968867902419,-0.9884683243281114,0.15142777750457667,-0.594726686960764,0.8039279618328208,2.0
2022-11-25,19.8,68,-0.433883739117558,-0.9009688679024191,-0.9377521321470804,0.3473052528448203,-0.5808002734538013,0.8140460935082175,9.0
2022-11-26,19.7,64,-0.9749279121818236,-0.2225209339563146,-0.8486442574947509,0.5289640103269624,-0.5667017562911184,0.8239230057575536,1.0
2022-11-27,19.6,62,-0.7818314824680299,0.6234898018587334,-0.72479278722912,0.6889669190756865,-0.5524353131676203,0.8335557718385695,5.0
2022-11-28,19.4,65,0.0,1.0,-0.5712682150947924,0.8207634412072763,-0.5380051715382992,0.8429415373547832,5.0
2022-11-29,20.2,68,0.7818314824680298,0.6234898018587336,-0.3943558551133187,0.9189578116202306,-0.5234156073655503,0.8520775211013093,6.0
2022-11-30,20.9,71,0.9749279121818236,-0.22252093395631434,-0.20129852008866114,0.9795299412524943,-0.5086709438521042,0.8609610158889945,8.0
2022-12-01,21.0,70,0.43388373911755823,-0.900968867902419,0.20129852008866006,0.9795299412524945,-0.49377555015997737,0.8695893893466109,4.0
2022-12-02,21.0,69,-0.433883739117558,-0.9009688679024191,0.39435585511331855,0.9189578116202306,-0.4787338401157883,0.8779600847008883,5.0
2022-12-03,21.8,69,-0.9749279121818236,-0.2225209339563146,0.5712682150947923,0.8207634412072763,-0.4635502709028512,0.8860706215341378,7.0
2022-12-04,21.2,71,-0.7818314824680299,0.6234898018587334,0.72479278722912,0.6889669190756866,-0.4482293417404106,0.893918596519257,6.0
2022-12-05,21.4,68,0.0,1.0,0.8486442574947509,0.5289640103269624,-0.4327755925504317,0.9015016841318838,2.0
2022-12-06,20.2,68,0.7818314824680298,0.6234898018587336,0.9377521321470804,0.3473052528448203,-0.41719360261231697,0.9088176373395028,6.0
2022-12-07,19.1,62,0.9749279121818236,-0.22252093395631434,0.9884683243281114,0.1514277775045767,-0.4014879892059737,0.9158642882672868,10.0
2022-12-08,18.8,62,0.43388373911755823,-0.900968867902419,0.9987165071710528,-0.05064916883871264,-0.38566340624360745,0.9226395488404875,6.0
2022-12-09,19.2,65,-0.433883739117558,-0.9009688679024191,0.9680771188662043,-0.2506525322587204,-0.3697245428906732,0.9291414114031743,12.0
2022-12-10,19.8,65,-0.9749279121818236,-0.2225209339563146,0.8978045395707416,-0.4403941515576344,-0.3536761221763721,0.935367949313148,4.0
2022-12-11,21.4,67,-0.7818314824680299,0.6234898018587334,0.7907757369376989,-0.6121059825476626,-0.33752289959411347,0.941317317512847,5.0
2022-12-12,22.3,69,0.0,1.0,0.6513724827222223,-0.758758122692791,-0.32126966169236515,0.9469877530760751,15.0
2022-12-13,23.8,61,0.7818314824680298,0.6234898018587336,0.48530196253108104,-0.8743466161445821,-0.3049212246562894,0.9523775757303973,12.0
2022-12-14,23.4,58,0.9749279121818236,-0.22252093395631434,0.29936312297335804,-0.9541392564000488,-0.2884824328806098,0.9574851883550389,20.0
2022-12-15,23.4,56,0.43388373911755823,-0.900968867902419,0.10116832198743272,-0.994869323391895,-0.27195815753410524,0.9623090774541487,10.0
2022-12-16,22.1,60,-0.433883739117558,-0.9009688679024191,-0.10116832198743204,-0.9948693233918952,-0.2553532951161881,0.9668478136052773,20.0
2022-12-17,19.8,53,-0.9749279121818236,-0.2225209339563146,-0.2993631229733582,-0.9541392564000488,-0.23867276600594997,0.9711000518829505,6.0
2022-12-18,18.8,57,-0.7818314824680299,0.6234898018587334,-0.4853019625310808,-0.8743466161445822,-0.22192151300416674,0.9750645322571945,3.0
2022-12-19,19.0,58,0.0,1.0,-0.651372482722222,-0.7587581226927911,-0.20510449986861926,0.9787400799669153,4.0
2022-12-20,19.4,56,0.7818314824680298,0.6234898018587336,-0.7907757369376986,-0.6121059825476627,-0.1882267098432439,0.9821256058680006,5.0
2022-12-21,18.8,62,0.9749279121818236,-0.22252093395631434,-0.8978045395707417,-0.44039415155763423,-0.1712931441814778,0.9852201067560606,11.0
2022-12-22,18.2,62,0.43388373911755823,-0.900968867902419,-0.9680771188662041,-0.2506525322587213,-0.154308820664281,0.9880226656636976,6.0
2022-12-23,19.0,57,-0.433883739117558,-0.9009688679024191,-0.9987165071710528,-0.05064916883871355,-0.13727877211326517,0.9905324521322227,8.0
2022-12-24,20.7,55,-0.9749279121818236,-0.2225209339563146,-0.9884683243281114,0.15142777750457667,-0.12020804489935275,0.9927487224577402,9.0
2022-12-25,20.9,57,-0.7818314824680299,0.6234898018587334,-0.9377521321470804,0.3473052528448203,-0.10310169744743544,0.9946708199115211,8.0
2022-12-26,22.0,54,0.0,1.0,-0.8486442574947509,0.5289640103269624,-0.0859647987374467,0.9962981749346077,18.0
2022-12-27,22.8,56,0.7818314824680298,0.6234898018587336,-0.72479278722912,0.6889669190756865,-0.06880242680232064,0.9976303053065857,14.0
2022-12-28,22.1,61,0.9749279121818236,-0.22252093395631434,-0.5712682150947924,0.8207634412072763,-0.05161966722325418,0.9986668162884759,3.0
2022-12-29,19.2,46,0.43388373911755823,-0.900968867902419,-0.3943558551133187,0.9189578116202306,-0.034421611622745804,0.9994074007397048,16.0
2022-12-30,19.0,54,-0.433883739117558,-0.9009688679024191,-0.20129852008866114,0.9795299412524943,-0.01721335615583528,0.9998518392091162,5.0
2022-12-31,21.2,49,-0.9749279121818236,-0.2225209339563146,-2.4492935982947064e-16,1.0,6.432490598706546e-16,1.0,3.0
2023-01-01,20.4,56,-0.7818314824680299,0.6234898018587334,0.20129852008866006,0.9795299412524945,0.017213356155834685,0.9998518392091162,2.0
2023-01-02,20.4,64,0.0,1.0,0.39435585511331855,0.9189578116202306,0.03442161162274574,0.9994074007397048,6.0
2023-01-03,20.7,73,0.7818314824680298,0.6234898018587336,0.5712682150947923,0.8207634412072763,0.051619667223253764,0.998666816288476,10.0
2023-01-04,21.7,65,0.9749279121818236,-0.22252093395631434,0.72479278722912,0.6889669190756866,0.06880242680231986,0.9976303053065857,19.0
2023-01-05,22.0,60,0.43388373911755823,-0.900968867902419,0.8486442574947509,0.5289640103269624,0.08596479873744647,0.9962981749346078,8.0
2023-01-06,19.2,56,-0.433883739117558,-0.9009688679024191,0.9377521321470804,0.3473052528448203,0.10310169744743485,0.9946708199115211,11.0
2023-01-07,17.8,47,-0.9749279121818236,-0.2225209339563146,0.9884683243281114,0.1514277775045767,0.1202080448993527,0.9927487224577402,3.0
2023-01-08,17.2,52,-0.7818314824680299,0.6234898018587334,0.9987165071710528,-0.05064916883871264,0.13727877211326478,0.9905324521322229,7.0
2023-01-09,18.2,57,0.0,1.0,0.9680771188662043,-0.2506525322587204,0.15430882066428117,0.9880226656636976,6.0
2023-01-10,19.1,57,0.7818314824680298,0.6234898018587336,0.8978045395707416,-0.4403941515576344,0.1712931441814776,0.9852201067560606,9.0
2023-01-11,19.3,49,0.9749279121818236,-0.22252093395631434,0.7907757369376989,-0.6121059825476626,0.1882267098432442,0.9821256058680006,4.0
2023-01-12,19.6,54,0.43388373911755823,-0.900968867902419,0.6513724827222223,-0.758758122692791,0.2051044998686192,0.9787400799669153,13.0
2023-01-13,20.8,56,-0.433883739117558,-0.9009688679024191,0.48530196253108104,-0.8743466161445821,0.2219215130041655,0.9750645322571948,9.0
2023-01-14,21.7,54,-0.9749279121818236,-0.2225209339563146,0.29936312297335804,-0.9541392564000488,0.2386727660059501,0.9711000518829505,24.0
2023-01-15,21.1,59,-0.7818314824680299,0.6234898018587334,0.10116832198743272,-0.994869323391895,0.255353295116187,0.9668478136052775,4.0
2023-01-16,20.8,57,0.0,1.0,-0.10116832198743204,-0.9948693233918952,0.2719581575341055,0.9623090774541486,16.0
2023-01-17,21.2,62,0.7818314824680298,0.6234898018587336,-0.2993631229733582,-0.9541392564000488,0.288482432880609,0.9574851883550393,7.0
2023-01-18,22.0,68,0.9749279121818236,-0.22252093395631434,-0.4853019625310808,-0.8743466161445822,0.30492122465628907,0.9523775757303974,3.0
2023-01-19,21.5,71,0.43388373911755823,-0.900968867902419,-0.651372482722222,-0.7587581226927911,0.3212696616923644,0.9469877530760753,5.0
2023-01-20,21.6,65,-0.433883739117558,-0.9009688679024191,-0.7907757369376986,-0.6121059825476627,0.3375228995941133,0.9413173175128471,16.0
2023-01-21,22.3,61,-0.9749279121818236,-0.2225209339563146,-0.8978045395707417,-0.44039415155763423,0.3536761221763716,0.9353679493131483,3.0
2023-01-22,21.7,59,-0.7818314824680299,0.6234898018587334,-0.9680771188662041,-0.2506525322587213,0.3697245428906731,0.9291414114031743,9.0
2023-01-23,21.9,47,0.0,1.0,-0.9987165071710528,-0.05064916883871355,0.38566340624360707,0.9226395488404876,6.0
2023-01-24,21.4,46,0.7818314824680298,0.6234898018587336,-0.9884683243281114,0.15142777750457667,0.401487989205973,0.9158642882672872,7.0
2023-01-25,22.2,46,0.9749279121818236,-0.22252093395631434,-0.9377521321470804,0.3473052528448203,0.4171936026123168,0.9088176373395029,4.0
2023-01-26,23.0,46,0.43388373911755823,-0.900968867902419,-0.8486442574947509,0.5289640103269624,0.4327755925504312,0.901501684131884,6.0
2023-01-27,23.9,48,-0.433883739117558,-0.9009688679024191,-0.72479278722912,0.6889669190756865,0.4482293417404106,0.893918596519257,4.0
2023-01-28,23.8,57,-0.9749279121818236,-0.2225209339563146,-0.5712682150947924,0.8207634412072763,0.4635502709028509,0.886070621534138,2.0
2023-01-29,24.1,56,-0.7818314824680299,0.6234898018587334,-0.3943558551133187,0.9189578116202306,0.47873384011578846,0.8779600847008882,9.0
2023-01-30,23.6,58,0.0,1.0,-0.20129852008866114,0.9795299412524943,0.49377555015997715,0.869589389346611,5.0
2023-01-31,23.7,51,0.7818314824680298,0.6234898018587336,-2.4492935982947064e-16,1.0,0.5086709438521044,0.8609610158889943,6.0
2023-02-01,23.4,46,0.9749279121818236,-0.22252093395631434,0.20129852008866006,0.9795299412524945,0.5234156073655503,0.8520775211013093,9.0
2023-02-02,20.8,30,0.43388373911755823,-0.900968867902419,0.39435585511331855,0.9189578116202306,0.5380051715382996,0.8429415373547828,8.0
2023-02-03,20.5,40,-0.433883739117558,-0.9009688679024191,0.5712682150947923,0.8207634412072763,0.5524353131676196,0.8335557718385699,6.0
2023-02-04,20.7,38,-0.9749279121818236,-0.2225209339563146,0.72479278722912,0.6889669190756866,0.5667017562911176,0.8239230057575542,3.0
2023-02-05,20.8,42,-0.7818314824680299,0.6234898018587334,0.8486442574947509,0.5289640103269624,0.5808002734538009,0.8140460935082178,3.0
2023-02-06,22.1,43,0.0,1.0,0.9377521321470804,0.3473052528448203,0.5947266869607634,0.8039279618328213,11.0
2023-02-07,22.7,41,0.7818314824680298,0.6234898018587336,0.9884683243281114,0.1514277775045767,0.6084768701151261,0.7935716089521474,9.0
2023-02-08,23.4,40,0.9749279121818236,-0.22252093395631434,0.9987165071710528,-0.05064916883871264,0.6220467484408675,0.7829801036770629,23.0
2023-02-09,22.4,38,0.43388373911755823,-0.900968867902419,0.9680771188662043,-0.2506525322587204,0.6354323008901774,0.7721565844991642,9.0
2023-02-10,22.4,44,-0.433883739117558,-0.9009688679024191,0.8978045395707416,-0.4403941515576344,0.6486295610349814,0.7611042586607747,17.0
2023-02-11,25.3,35,-0.9749279121818236,-0.2225209339563146,0.7907757369376989,-0.6121059825476626,0.6616346182422783,0.7498264012045686,11.0
2023-02-12,23.4,43,-0.7818314824680299,0.6234898018587334,0.6513724827222223,-0.758758122692791,0.6744436188329455,0.7383263540031065,3.0
2023-02-13,21.7,40,0.0,1.0,0.48530196253108104,-0.8743466161445821,0.6870527672236669,0.7266075247685656,26.0
2023-02-14,21.3,36,0.7818314824680298,0.6234898018587336,0.29936312297335804,-0.9541392564000488,0.699458327051647,0.7146733860429609,11.0
2023-02-15,22.2,39,0.9749279121818236,-0.22252093395631434,0.10116832198743272,-0.994869323391895,0.7116566222817746,0.7025274741691571,16.0
2023-02-16,22.0,43,0.43388373911755823,-0.900968867902419,-0.10116832198743204,-0.9948693233918952,0.7236440382959124,0.6901733882429719,17.0
2023-02-17,23.4,48,-0.433883739117558,-0.9009688679024191,-0.2993631229733582,-0.9541392564000488,0.7354170229639855,0.6776147890466889,6.0
2023-02-18,24.5,60,-0.9749279121818236,-0.2225209339563146,-0.4853019625310808,-0.8743466161445822,0.7469720876965552,0.6648553979642865,7.0
2023-02-19,25.4,55,-0.7818314824680299,0.6234898018587334,-0.651372482722222,-0.7587581226927911,0.7583058084785624,0.6518989958787126,20.0
2023-02-20,25.6,45,0.0,1.0,-0.7907757369376986,-0.6121059825476627,0.7694148268839378,0.6387494220515272,11.0
2023-02-21,25.0,40,0.7818314824680298,0.6234898018587336,-0.8978045395707417,-0.44039415155763423,0.7802958510707755,0.6254105729852463,4.0
2023-02-22,26.8,33,0.9749279121818236,-0.22252093395631434,-0.9680771188662041,-0.2506525322587213,0.7909456567567772,0.6118864012687243,8.0
2023-02-23,25.8,36,0.43388373911755823,-0.900968867902419,-0.9987165071710528,-0.05064916883871355,0.8013610881746766,0.5981809144059165,11.0
2023-02-24,25.4,39,-0.433883739117558,-0.9009688679024191,-0.9884683243281114,0.15142777750457667,0.8115390590073611,0.5842981736283684,6.0
2023-02-25,25.9,35,-0.9749279121818236,-0.2225209339563146,-0.9377521321470804,0.3473052528448203,0.8214765533024142,0.5702422926917871,8.0
2023-02-26,25.7,37,-0.7818314824680299,0.6234898018587334,-0.8486442574947509,0.5289640103269624,0.8311706263658079,0.5560174366570446,18.0
2023-02-27,26.1,40,0.0,1.0,-0.72479278722912,0.6889669190756865,0.8406184056344782,0.5416278206559814,15.0
2023-02-28,25.8,37,0.7818314824680298,0.6234898018587336,-0.5712682150947924,0.8207634412072763,0.8498170915275278,0.5270777086423722,6.0
2023-03-01,27.4,33,0.9749279121818236,-0.22252093395631434,0.20129852008866006,0.9795299412524945,0.8587639582758029,0.5123714121284237,23.0
2023-03-02,27.1,34,0.43388373911755823,-0.900968867902419,0.39435585511331855,0.9189578116202306,0.8674563547295969,0.49751328890718066,17.0
2023-03-03,27.5,33,-0.433883739117558,-0.9009688679024191,0.5712682150947923,0.8207634412072763,0.8758917051442429,0.48250774176121847,27.0
2023-03-04,27.0,31,-0.9749279121818236,-0.2225209339563146,0.72479278722912,0.6889669190756866,0.8840675099433636,0.4673592171580022,4.0
2023-03-05,27.2,32,-0.7818314824680299,0.6234898018587334,0.8486442574947509,0.5289640103269624,0.8919813464595485,0.45207220393230435,7.0
2023-03-06,27.7,34,0.0,1.0,0.9377521321470804,0.3473052528448203,0.8996308696522433,0.43665123195606403,29.0
2023-03-07,27.3,38,0.7818314824680298,0.6234898018587336,0.9884683243281114,0.1514277775045767,0.9070138128026359,0.4211008707960896,10.0
2023-03-08,27.2,39,0.9749279121818236,-0.22252093395631434,0.9987165071710528,-0.05064916883871264,0.9141279881853337,0.40542572835999735,5.0
2023-03-09,27.8,41,0.43388373911755823,-0.900968867902419,0.9680771188662043,-0.2506525322587204,0.9209712877166346,0.38963044953078796,3.0
2023-03-10,27.5,40,-0.433883739117558,-0.9009688679024191,0.8978045395707416,-0.4403941515576344,0.9275416835791966,0.37371971479046906,14.0
2023-03-11,27.0,42,-0.9749279121818236,-0.2225209339563146,0.7907757369376989,-0.6121059825476626,0.9338372288229252,0.35769823883312546,27.0
2023-03-12,27.5,34,-0.7818314824680299,0.6234898018587334,0.6513724827222223,-0.758758122692791,0.9398560579418954,0.3415707691678556,15.0
2023-03-13,27.2,34,0.0,1.0,0.48530196253108104,-0.8743466161445821,0.9455963874271426,0.3253420847119801,13.0
2023-03-14,28.1,32,0.7818314824680298,0.6234898018587336,0.29936312297335804,-0.9541392564000488,0.9510565162951535,0.30901699437494745,12.0
2023-03-15,27.8,34,0.9749279121818236,-0.22252093395631434,0.10116832198743272,-0.994869323391895,0.9562348265919056,0.29260033563334836,23.0
2023-03-16,27.5,46,0.43388373911755823,-0.900968867902419,-0.10116832198743204,-0.9948693233918952,0.9611297838723007,0.27609697309746883,7.0
2023-03-17,25.2,61,-0.433883739117558,-0.9009688679024191,-0.2993631229733582,-0.9541392564000488,0.9657399376548549,0.2595117970697999,19.0
2023-03-18,24.7,65,-0.9749279121818236,-0.2225209339563146,-0.4853019625310808,-0.8743466161445822,0.9700639218515071,0.2428497220959356,27.0
2023-03-19,23.1,76,-0.7818314824680299,0.6234898018587334,-0.651372482722222,-0.7587581226927911,0.9741004551724205,0.22611568550828828,26.0
2023-03-20,23.4,68,0.0,1.0,-0.7907757369376986,-0.6121059825476627,0.9778483415056568,0.20931464596304847,16.0
2023-03-21,23.5,70,0.7818314824680298,0.6234898018587336,-0.8978045395707417,-0.44039415155763423,0.9813064702716093,0.19245158197082998,19.0
2023-03-22,24.3,74,0.9749279121818236,-0.22252093395631434,-0.9680771188662041,-0.2506525322587213,0.9844738167520922,0.1755314904214282,15.0
2023-03-23,25.4,62,0.43388373911755823,-0.900968867902419,-0.9987165071710528,-0.05064916883871355,0.9873494423939864,0.15855938510313475,12.0
2023-03-24,27.0,53,-0.433883739117558,-0.9009688679024191,-0.9884683243281114,0.15142777750457667,0.989932495087353,0.141540295217043,8.0
2023-03-25,28.7,53,-0.9749279121818236,-0.2225209339563146,-0.9377521321470804,0.3473052528448203,0.9922222094179323,0.12447926388678915,8.0
2023-03-26,28.7,53,-0.7818314824680299,0.6234898018587334,-0.8486442574947509,0.5289640103269624,0.994217906893952,0.10738134666416309,8.0
2023-03-27,28.1,56,0.0,1.0,-0.72479278722912,0.6889669190756865,0.995918996147179,0.09025161003104117,21.0
2023-03-28,28.9,47,0.7818314824680298,0.6234898018587336,-0.5712682150947924,0.8207634412072763,0.9973249731081555,0.07309512989807777,28.0
2023-03-29,30.1,49,0.9749279121818236,-0.22252093395631434,-0.3943558551133187,0.9189578116202306,0.9984354211555643,0.055916990100603484,6.0
2023-03-30,30.3,51,0.43388373911755823,-0.900968867902419,-0.20129852008866114,0.9795299412524943,0.9992500112396835,0.03872228089217446,23.0
2023-03-31,26.8,64,-0.433883739117558,-0.9009688679024191,-2.4492935982947064e-16,1.0,0.9997685019798909,0.021516097436222254,21.0
2023-04-01,25.2,71,-0.9749279121818236,-0.2225209339563146,0.20129852008866006,0.9795299412524945,0.9999907397361901,0.004303538296244289,17.0
2023-04-02,27.0,57,-0.7818314824680299,0.6234898018587334,0.39435585511331855,0.9189578116202306,0.9999166586547379,-0.01291029607500882,21.0
2023-04-03,27.8,45,0.0,1.0,0.5712682150947923,0.8207634412072763,0.9995462806873573,-0.030120304846908114,15.0
2023-04-04,28.8,46,0.7818314824680298,0.6234898018587336,0.72479278722912,0.6889669190756866,0.9988797155850336,-0.04732138832243185,18.0
2023-04-05,29.3,51,0.9749279121818236,-0.22252093395631434,0.8486442574947509,0.5289640103269624,0.9979171608653922,-0.06450844944931623,13.0
2023-04-06,29.4,41,0.43388373911755823,-0.900968867902419,0.9377521321470804,0.3473052528448203,0.9966589017541702,-0.08167639533042241,29.0
2023-04-07,30.4,42,-0.433883739117558,-0.9009688679024191,0.9884683243281114,0.1514277775045767,0.9951053111006976,-0.09882013873287143,16.0
2023-04-08,29.9,44,-0.9749279121818236,-0.2225209339563146,0.9987165071710528,-0.05064916883871264,0.9932568492674143,-0.11593459959550041,25.0
2023-04-09,30.0,42,-0.7818314824680299,0.6234898018587334,0.9680771188662043,-0.2506525322587204,0.9911140639934547,-0.1330147065341959,20.0
2023-04-10,30.8,41,0.0,1.0,0.8978045395707416,-0.4403941515576344,0.9886775902323405,-0.1500553983446526,10.0
2023-04-11,31.6,36,0.7818314824680298,0.6234898018587336,0.7907757369376989,-0.6121059825476626,0.9859481499638304,-0.16705162550211924,7.0
2023-04-12,31.6,28,0.9749279121818236,-0.22252093395631434,0.6513724827222223,-0.758758122692791,0.9829265519799822,-0.18399835165768005,16.0
2023-04-13,32.2,28,0.43388373911755823,-0.900968867902419,0.48530196253108104,-0.8743466161445821,0.9796136916454901,-0.20089055513063506,19.0
2023-04-14,33.7,28,-0.433883739117558,-0.9009688679024191,0.29936312297335804,-0.9541392564000488,0.9760105506323683,-0.21772323039653177,10.0
2023-04-15,34.1,31,-0.9749279121818236,-0.2225209339563146,0.10116832198743272,-0.994869323391895,0.9721181966290613,-0.23449138957040985,7.0
2023-04-16,34.0,32,-0.7818314824680299,0.6234898018587334,-0.10116832198743204,-0.9948693233918952,0.9679377830240642,-0.25119006388481935,15.0
2023-04-17,33.9,28,0.0,1.0,-0.2993631229733582,-0.9541392564000488,0.9634705485641488,-0.2678143051621742,19.0
2023-04-18,34.1,24,0.7818314824680298,0.6234898018587336,-0.4853019625310808,-0.8743466161445822,0.9587178169872964,-0.2843591872810034,15.0
2023-04-19,34.8,25,0.9749279121818236,-0.22252093395631434,-0.651372482722222,-0.7587581226927911,0.9536809966304457,-0.30081980763566735,5.0
2023-04-20,33.3,31,0.43388373911755823,-0.900968867902419,-0.7907757369376986,-0.6121059825476627,0.9483615800121715,-0.3171912885891061,26.0
2023-04-21,28.3,47,-0.433883739117558,-0.9009688679024191,-0.8978045395707417,-0.44039415155763423,0.9427611433904207,-0.3334687789181868,21.0
2023-04-22,29.7,45,-0.9749279121818236,-0.2225209339563146,-0.9680771188662041,-0.2506525322587213,0.9368813462954315,-0.3496474552512284,23.0
2023-04-23,27.6,60,-0.7818314824680299,0.6234898018587334,-0.9987165071710528,-0.05064916883871355,0.9307239310379795,-0.36572252349726897,14.0
2023-04-24,29.0,53,0.0,1.0,-0.9884683243281114,0.15142777750457667,0.9242907221930933,-0.3816892202666588,20.0
2023-04-25,28.2,60,0.7818314824680298,0.6234898018587336,-0.9377521321470804,0.3473052528448203,0.9175836260593937,-0.39754281428255595,16.0
2023-04-26,29.7,55,0.9749279121818236,-0.22252093395631434,-0.8486442574947509,0.5289640103269624,0.9106046300942162,-0.4132786077829042,16.0
2023-04-27,30.1,47,0.43388373911755823,-0.900968867902419,-0.72479278722912,0.6889669190756865,0.9033558023246845,-0.4288919379124835,29.0
2023-04-28,30.7,45,-0.433883739117558,-0.9009688679024191,-0.5712682150947924,0.8207634412072763,0.895839290734909,-0.4443781781046132,27.0
2023-04-29,28.9,52,-0.9749279121818236,-0.2225209339563146,-0.3943558551133187,0.9189578116202306,0.8880573226294932,-0.45973273945210397,22.0
2023-04-30,28.0,59,-0.7818314824680299,0.6234898018587334,-0.20129852008866114,0.9795299412524943,0.8800122039735357,-0.47495107206704995,14.0
2023-05-01,25.9,70,0.0,1.0,0.20129852008866006,0.9795299412524945,0.8717063187093218,-0.4900286664290592,14.0
2023-05-02,26.8,68,0.7818314824680298,0.6234898018587336,0.39435585511331855,0.9189578116202306,0.8631421280499114,-0.5049610547215204,12.0
2023-05-03,27.2,70,0.9749279121818236,-0.22252093395631434,0.5712682150947923,0.8207634412072763,0.854322169749827,-0.5197438121555155,7.0
2023-05-04,29.0,64,0.43388373911755823,-0.900968867902419,0.72479278722912,0.6889669190756866,0.8452490573530633,-0.5343725582809786,7.0
2023-05-05,30.5,56,-0.433883739117558,-0.9009688679024191,0.8486442574947509,0.5289640103269624,0.8359254794186372,-0.548842958284719,9.0
2023-05-06,31.6,50,-0.9749279121818236,-0.2225209339563146,0.9377521321470804,0.3473052528448203,0.8263541987239096,-0.5631507242749186,12.0
2023-05-07,32.5,42,-0.7818314824680299,0.6234898018587334,0.9884683243281114,0.1514277775045767,0.8165380514459161,-0.5772916165517272,12.0
2023-05-08,33.3,38,0.0,1.0,0.9987165071710528,-0.05064916883871264,0.8064799463209448,-0.5912614448635781,23.0
2023-05-09,33.6,44,0.7818314824680298,0.6234898018587336,0.9680771188662043,-0.2506525322587204,0.7961828637826158,-0.6050560696488488,20.0
2023-05-10,33.8,43,0.9749279121818236,-0.22252093395631434,0.8978045395707416,-0.4403941515576344,0.7856498550787147,-0.6186714032625031,26.0
2023-05-11,33.5,34,0.43388373911755823,-0.900968867902419,0.7907757369376989,-0.6121059825476626,0.7748840413670407,-0.6321034111873487,37.0
2023-05-12,32.9,38,-0.433883739117558,-0.9009688679024191,0.6513724827222223,-0.758758122692791,0.7638886127905428,-0.6453481132295501,24.0
2023-05-13,32.9,40,-0.9749279121818236,-0.2225209339563146,0.48530196253108104,-0.8743466161445821,0.7526668275320085,-0.6584015846980488,25.0
2023-05-14,34.3,34,-0.7818314824680299,0.6234898018587334,0.29936312297335804,-0.9541392564000488,0.7412220108485958,-0.6712599575675313,15.0
2023-05-15,35.0,27,0.0,1.0,0.10116832198743272,-0.994869323391895,0.7295575540864875,-0.6839194216246106,15.0
2023-05-16,35.0,41,0.7818314824680298,0.6234898018587336,-0.10116832198743204,-0.9948693233918952,0.717676913675962,-0.6963762255968722,21.0
2023-05-17,35.4,34,0.9749279121818236,-0.22252093395631434,-0.2993631229733582,-0.9541392564000488,0.705583610107178,-0.7086266782644596,30.0
2023-05-18,35.5,32,0.43388373911755823,-0.900968867902419,-0.4853019625310808,-0.8743466161445822,0.6932812268869777,-0.7206671495538609,26.0
2023-05-19,35.1,34,-0.433883739117558,-0.9009688679024191,-0.651372482722222,-0.7587581226927911,0.6807734094770161,-0.7324940716135789,38.0
2023-05-20,34.4,37,-0.9749279121818236,-0.2225209339563146,-0.7907757369376986,-0.6121059825476627,0.6680638642135335,-0.7441039398713607,13.0
2023-05-21,34.2,39,-0.7818314824680299,0.6234898018587334,-0.8978045395707417,-0.44039415155763423,0.6551563572090853,-0.7554933140726803,18.0
2023-05-22,34.4,37,0.0,1.0,-0.9680771188662041,-0.2506525322587213,0.6420547132365637,-0.766658819300159,36.0
2023-05-23,35.1,33,0.7818314824680298,0.6234898018587336,-0.9987165071710528,-0.05064916883871355,0.6287628145958344,-0.7775971469736269,17.0
2023-05-24,35.5,32,0.9749279121818236,-0.22252093395631434,-0.9884683243281114,0.15142777750457667,0.6152845999633276,-0.7883050558305255,24.0
2023-05-25,34.9,38,0.43388373911755823,-0.900968867902419,-0.9377521321470804,0.3473052528448203,0.6016240632249226,-0.7987793728863649,22.0
2023-05-26,33.5,40,-0.433883739117558,-0.9009688679024191,-0.8486442574947509,0.5289640103269624,0.5877852522924732,-0.8090169943749473,10.0
2023-05-27,33.2,44,-0.9749279121818236,-0.2225209339563146,-0.72479278722912,0.6889669190756865,0.5737722679043246,-0.8190148866680801,27.0
2023-05-28,32.9,39,-0.7818314824680299,0.6234898018587334,-0.5712682150947924,0.8207634412072763,0.5595892624101765,-0.8287700871745038,14.0
2023-05-29,33.6,45,0.0,1.0,-0.3943558551133187,0.9189578116202306,0.545240438540651,-0.8382797052177744,38.0
2023-05-30,34.5,45,0.7818314824680298,0.6234898018587336,-0.20129852008866114,0.9795299412524943,0.5307300481619334,-0.8475409228928311,29.0
2023-05-31,34.0,48,0.9749279121818236,-0.22252093395631434,-2.4492935982947064e-16,1.0,0.5160623910158528,-0.8565509959010036,15.0
2023-06-01,35.1,40,0.43388373911755823,-0.900968867902419,0.20129852008866006,0.9795299412524945,0.5012418134457758,-0.865307254363206,27.0
2023-06-02,35.3,33,-0.433883739117558,-0.9009688679024191,0.39435585511331855,0.9189578116202306,0.48627270710868997,-0.8738071036110808,28.0
2023-06-03,34.9,39,-0.9749279121818236,-0.2225209339563146,0.5712682150947923,0.8207634412072763,0.4711595076738638,-0.8820480249558537,24.0
2023-06-04,32.9,51,-0.7818314824680299,0.6234898018587334,0.72479278722912,0.6889669190756866,0.4559066935084588,-0.8900275764346767,27.0
2023-06-05,33.5,45,0.0,1.0,0.8486442574947509,0.5289640103269624,0.440518784350495,-0.8977433935342337,15.0
2023-06-06,34.7,39,0.7818314824680298,0.6234898018587336,0.9377521321470804,0.3473052528448203,0.42500033996955416,-0.9051931898913974,21.0
2023-06-07,35.0,39,0.9749279121818236,-0.22252093395631434,0.9884683243281114,0.1514277775045767,0.4093559588156213,-0.9123747579707273,21.0
2023-06-08,35.7,35,0.43388373911755823,-0.900968867902419,0.9987165071710528,-0.05064916883871264,0.39359027665646673,-0.9192859697186104,28.0
2023-06-09,35.8,31,-0.433883739117558,-0.9009688679024191,0.9680771188662043,-0.2506525322587204,0.3777079652039649,-0.9259247771938498,45.0
2023-06-10,35.3,39,-0.9749279121818236,-0.2225209339563146,0.8978045395707416,-0.4403941515576344,0.36171373072976765,-0.9322892131745133,40.0
2023-06-11,36.4,37,-0.7818314824680299,0.6234898018587334,0.7907757369376989,-0.6121059825476626,0.3456123126707335,-0.9383773917408641,19.0
2023-06-12,36.7,33,0.0,1.0,0.6513724827222223,-0.758758122692791,0.3294084822245304,-0.9441875088341993,44.0
2023-06-13,36.2,38,0.7818314824680298,0.6234898018587336,0.48530196253108104,-0.8743466161445821,0.3131070409358269,-0.9497178427914316,40.0
2023-06-14,34.9,44,0.9749279121818236,-0.22252093395631434,0.29936312297335804,-0.9541392564000488,0.29671281927349075,-0.9549667548552551,50.0
2023-06-15,35.8,42,0.43388373911755823,-0.900968867902419,0.10116832198743272,-0.994869323391895,0.28023067519921585,-0.9599326896597447,52.0
2023-06-16,37.1,35,-0.433883739117558,-0.9009688679024191,-0.10116832198743204,-0.9948693233918952,0.26366549272800704,-0.9646141756912435,8.0
2023-06-17,37.6,33,-0.9749279121818236,-0.2225209339563146,-0.2993631229733582,-0.9541392564000488,0.24702218048093552,-0.9690098257244062,27.0
2023-06-18,37.7,35,-0.7818314824680299,0.6234898018587334,-0.4853019625310808,-0.8743466161445822,0.23030567023061221,-0.9731183372332619,39.0
2023-06-19,36.1,41,0.0,1.0,-0.651372482722222,-0.7587581226927911,0.21352091543979612,-0.9769384927771817,44.0
2023-06-20,34.4,50,0.7818314824680298,0.6234898018587336,-0.7907757369376986,-0.6121059825476627,0.19667288979357647,-0.980469160361632,40.0
2023-06-21,32.7,59,0.9749279121818236,-0.22252093395631434,-0.8978045395707417,-0.44039415155763423,0.1797665857255624,-0.9837092937736097,34.0
2023-06-22,30.2,76,0.43388373911755823,-0.900968867902419,-0.9680771188662041,-0.2506525322587213,0.16280701293851715,-0.986657932891657,24.0
2023-06-23,28.1,84,-0.433883739117558,-0.9009688679024191,-0.9987165071710528,-0.05064916883871355,0.1457991969198751,-0.9893142039703663,32.0
2023-06-24,27.4,88,-0.9749279121818236,-0.2225209339563146,-0.9884683243281114,0.15142777750457667,0.12874817745258132,-0.99167731989929,67.0
2023-06-25,26.2,93,-0.7818314824680299,0.6234898018587334,-0.9377521321470804,0.3473052528448203,0.11165900712169512,-0.993746580436178,51.0
2023-06-26,26.2,91,0.0,1.0,-0.8486442574947509,0.5289640103269624,0.09453674981719912,-0.9955213724144752,46.0
2023-06-27,26.2,88,0.7818314824680298,0.6234898018587336,-0.72479278722912,0.6889669190756865,0.07738647923346301,-0.9970011699250151,21.0
2023-06-28,26.1,90,0.9749279121818236,-0.22252093395631434,-0.5712682150947924,0.8207634412072763,0.06021327736579302,-0.9981855344718586,16.0
2023-06-29,28.0,83,0.43388373911755823,-0.900968867902419,-0.3943558551133187,0.9189578116202306,0.04302223300453059,-0.99907411510223,16.0
2023-06-30,29.2,79,-0.433883739117558,-0.9009688679024191,-0.20129852008866114,0.9795299412524943,0.02581844022713308,-0.9996666485105112,20.0
2023-07-01,29.9,76,-0.9749279121818236,-0.2225209339563146,0.20129852008866006,0.9795299412524945,0.008606996888688698,-0.9999629591162655,26.0
2023-07-02,30.5,74,-0.7818314824680299,0.6234898018587334,0.39435585511331855,0.9189578116202306,-0.008606996888688009,-0.9999629591162655,20.0
2023-07-03,30.8,72,0.0,1.0,0.5712682150947923,0.8207634412072763,-0.02581844022713239,-0.9996666485105112,31.0
2023-07-04,30.3,76,0.7818314824680298,0.6234898018587336,0.72479278722912,0.6889669190756866,-0.04302223300453034,-0.99907411510223,23.0
2023-07-05,30.5,72,0.9749279121818236,-0.22252093395631434,0.8486442574947509,0.5289640103269624,-0.060213277365792774,-0.9981855344718586,29.0
2023-07-06,27.4,89,0.43388373911755823,-0.900968867902419,0.9377521321470804,0.3473052528448203,-0.07738647923346322,-0.9970011699250151,32.0
2023-07-07,27.5,86,-0.433883739117558,-0.9009688679024191,0.9884683243281114,0.1514277775045767,-0.09453674981719933,-0.9955213724144752,26.0
2023-07-08,27.7,84,-0.9749279121818236,-0.2225209339563146,0.9987165071710528,-0.05064916883871264,-0.11165900712169444,-0.9937465804361781,12.0
2023-07-09,27.6,86,-0.7818314824680299,0.6234898018587334,0.9680771188662043,-0.2506525322587204,-0.12874817745258066,-0.99167731989929,14.0
2023-07-10,29.0,80,0.0,1.0,0.8978045395707416,-0.4403941515576344,-0.14579919691987442,-0.9893142039703664,12.0
2023-07-11,28.0,87,0.7818314824680298,0.6234898018587336,0.7907757369376989,-0.6121059825476626,-0.16280701293851646,-0.9866579328916572,18.0
2023-07-12,28.5,81,0.9749279121818236,-0.22252093395631434,0.6513724827222223,-0.758758122692791,-0.17976658572556214,-0.9837092937736098,27.0
2023-07-13,28.5,82,0.43388373911755823,-0.900968867902419,0.48530196253108104,-0.8743466161445821,-0.19667288979357622,-0.9804691603616321,37.0
2023-07-14,28.1,84,-0.433883739117558,-0.9009688679024191,0.29936312297335804,-0.9541392564000488,-0.2135209154397959,-0.9769384927771817,33.0
2023-07-15,27.4,88,-0.9749279121818236,-0.2225209339563146,0.10116832198743272,-0.994869323391895,-0.23030567023061196,-0.973118337233262,19.0
2023-07-16,26.8,90,-0.7818314824680299,0.6234898018587334,-0.10116832198743204,-0.9948693233918952,-0.24702218048093527,-0.9690098257244063,21.0
2023-07-17,26.8,90,0.0,1.0,-0.2993631229733582,-0.9541392564000488,-0.2636654927280072,-0.9646141756912435,22.0
2023-07-18,28.1,86,0.7818314824680298,0.6234898018587336,-0.4853019625310808,-0.8743466161445822,-0.2802306751992161,-0.9599326896597445,21.0
2023-07-19,28.0,86,0.9749279121818236,-0.22252093395631434,-0.651372482722222,-0.7587581226927911,-0.2967128192734901,-0.9549667548552553,41.0
2023-07-20,28.2,85,0.43388373911755823,-0.900968867902419,-0.7907757369376986,-0.6121059825476627,-0.3131070409358267,-0.9497178427914317,18.0
2023-07-21,28.1,85,-0.433883739117558,-0.9009688679024191,-0.8978045395707417,-0.44039415155763423,-0.3294084822245302,-0.9441875088341994,19.0
2023-07-22,28.3,82,-0.9749279121818236,-0.2225209339563146,-0.9680771188662041,-0.2506525322587213,-0.3456123126707333,-0.9383773917408642,39.0
2023-07-23,28.0,84,-0.7818314824680299,0.6234898018587334,-0.9987165071710528,-0.05064916883871355,-0.3617137307297674,-0.9322892131745134,16.0
2023-07-24,28.6,80,0.0,1.0,-0.9884683243281114,0.15142777750457667,-0.37770796520396466,-0.9259247771938499,18.0
2023-07-25,28.8,81,0.7818314824680298,0.6234898018587336,-0.9377521321470804,0.3473052528448203,-0.39359027665646645,-0.9192859697186105,30.0
2023-07-26,28.8,80,0.9749279121818236,-0.22252093395631434,-0.8486442574947509,0.5289640103269624,-0.4093559588156211,-0.9123747579707274,17.0
2023-07-27,29.1,81,0.43388373911755823,-0.900968867902419,-0.72479278722912,0.6889669190756865,-0.42500033996955394,-0.9051931898913975,11.0
2023-07-28,28.1,88,-0.433883739117558,-0.9009688679024191,-0.5712682150947924,0.8207634412072763,-0.4405187843504952,-0.8977433935342336,26.0
2023-07-29,27.6,90,-0.9749279121818236,-0.2225209339563146,-0.3943558551133187,0.9189578116202306,-0.455906693508459,-0.8900275764346766,50.0
2023-07-30,27.6,90,-0.7818314824680299,0.6234898018587334,-0.20129852008866114,0.9795299412524943,-0.47115950767386394,-0.8820480249558535,77.0
2023-07-31,28.4,86,0.0,1.0,-2.4492935982947064e-16,1.0,-0.4862727071086902,-0.8738071036110807,19.0
2023-08-01,26.9,91,0.7818314824680298,0.6234898018587336,0.20129852008866006,0.9795299412524945,-0.5012418134457756,-0.8653072543632061,38.0
2023-08-02,25.9,93,0.9749279121818236,-0.22252093395631434,0.39435585511331855,0.9189578116202306,-0.5160623910158526,-0.8565509959010037,77.0
2023-08-03,26.9,81,0.43388373911755823,-0.900968867902419,0.5712682150947923,0.8207634412072763,-0.5307300481619331,-0.8475409228928312,69.0
2023-08-04,26.5,83,-0.433883739117558,-0.9009688679024191,0.72479278722912,0.6889669190756866,-0.5452404385406507,-0.8382797052177745,31.0
2023-08-05,27.6,85,-0.9749279121818236,-0.2225209339563146,0.8486442574947509,0.5289640103269624,-0.5595892624101763,-0.828770087174504,23.0
2023-08-06,27.6,86,-0.7818314824680299,0.6234898018587334,0.9377521321470804,0.3473052528448203,-0.5737722679043243,-0.8190148866680802,24.0
2023-08-07,27.6,81,0.0,1.0,0.9884683243281114,0.1514277775045767,-0.5877852522924734,-0.8090169943749472,27.0
2023-08-08,28.1,77,0.7818314824680298,0.6234898018587336,0.9987165071710528,-0.05064916883871264,-0.6016240632249227,-0.7987793728863648,23.0
2023-08-09,28.2,78,0.9749279121818236,-0.22252093395631434,0.9680771188662043,-0.2506525322587204,-0.6152845999633277,-0.7883050558305253,17.0
2023-08-10,28.4,80,0.43388373911755823,-0.900968867902419,0.8978045395707416,-0.4403941515576344,-0.6287628145958345,-0.7775971469736268,14.0
2023-08-11,28.0,83,-0.433883739117558,-0.9009688679024191,0.7907757369376989,-0.6121059825476626,-0.6420547132365636,-0.7666588193001592,35.0
2023-08-12,27.5,87,-0.9749279121818236,-0.2225209339563146,0.6513724827222223,-0.758758122692791,-0.655156357209085,-0.7554933140726804,32.0
2023-08-13,27.9,82,-0.7818314824680299,0.6234898018587334,0.48530196253108104,-0.8743466161445821,-0.6680638642135333,-0.7441039398713608,19.0
2023-08-14,27.4,87,0.0,1.0,0.29936312297335804,-0.9541392564000488,-0.6807734094770159,-0.7324940716135792,31.0
2023-08-15,27.4,87,0.7818314824680298,0.6234898018587336,0.10116832198743272,-0.994869323391895,-0.6932812268869771,-0.7206671495538615,31.0
2023-08-16,27.4,89,0.9749279121818236,-0.22252093395631434,-0.10116832198743204,-0.9948693233918952,-0.7055836101071774,-0.70862667826446,16.0
2023-08-17,26.8,92,0.43388373911755823,-0.900968867902419,-0.2993631229733582,-0.9541392564000488,-0.7176769136759615,-0.6963762255968726,17.0
2023-08-18,26.7,90,-0.433883739117558,-0.9009688679024191,-0.4853019625310808,-0.8743466161445822,-0.7295575540864876,-0.6839194216246105,28.0
2023-08-19,27.8,84,-0.9749279121818236,-0.2225209339563146,-0.651372482722222,-0.7587581226927911,-0.7412220108485957,-0.6712599575675315,39.0
2023-08-20,28.2,83,-0.7818314824680299,0.6234898018587334,-0.7907757369376986,-0.6121059825476627,-0.7526668275320083,-0.6584015846980489,9.0
2023-08-21,28.1,85,0.0,1.0,-0.8978045395707417,-0.44039415155763423,-0.7638886127905429,-0.64534811322955,23.0
2023-08-22,28.6,85,0.7818314824680298,0.6234898018587336,-0.9680771188662041,-0.2506525322587213,-0.7748840413670406,-0.6321034111873488,21.0
2023-08-23,27.5,89,0.9749279121818236,-0.22252093395631434,-0.9987165071710528,-0.05064916883871355,-0.7856498550787144,-0.6186714032625032,34.0
2023-08-24,26.3,91,0.43388373911755823,-0.900968867902419,-0.9884683243281114,0.15142777750457667,-0.7961828637826154,-0.6050560696488494,23.0
2023-08-25,27.4,85,-0.433883739117558,-0.9009688679024191,-0.9377521321470804,0.3473052528448203,-0.8064799463209447,-0.5912614448635782,13.0
2023-08-26,28.4,79,-0.9749279121818236,-0.2225209339563146,-0.8486442574947509,0.5289640103269624,-0.8165380514459157,-0.5772916165517278,29.0
2023-08-27,28.7,77,-0.7818314824680299,0.6234898018587334,-0.72479278722912,0.6889669190756865,-0.8263541987239094,-0.5631507242749187,10.0
2023-08-28,28.3,75,0.0,1.0,-0.5712682150947924,0.8207634412072763,-0.8359254794186365,-0.5488429582847199,21.0
2023-08-29,28.6,73,0.7818314824680298,0.6234898018587336,-0.3943558551133187,0.9189578116202306,-0.8452490573530634,-0.5343725582809785,21.0
2023-08-30,28.4,79,0.9749279121818236,-0.22252093395631434,-0.20129852008866114,0.9795299412524943,-0.8543221697498269,-0.5197438121555157,15.0
2023-08-31,28.8,83,0.43388373911755823,-0.900968867902419,-2.4492935982947064e-16,1.0,-0.8631421280499115,-0.5049610547215202,14.0
2023-09-01,29.1,82,-0.433883739117558,-0.9009688679024191,0.20129852008866006,0.9795299412524945,-0.8717063187093217,-0.4900286664290594,16.0
2023-09-02,28.7,85,-0.9749279121818236,-0.2225209339563146,0.39435585511331855,0.9189578116202306,-0.8800122039735356,-0.4749510720670502,24.0
2023-09-03,26.6,92,-0.7818314824680299,0.6234898018587334,0.5712682150947923,0.8207634412072763,-0.888057322629493,-0.4597327394521046,30.0
2023-09-04,26.5,92,0.0,1.0,0.72479278722912,0.6889669190756866,-0.8958392907349089,-0.4443781781046134,37.0
2023-09-05,26.7,89,0.7818314824680298,0.6234898018587336,0.8486442574947509,0.5289640103269624,-0.9033558023246842,-0.4288919379124841,18.0
2023-09-06,27.0,87,0.9749279121818236,-0.22252093395631434,0.9377521321470804,0.3473052528448203,-0.9106046300942162,-0.41327860778290443,38.0
2023-09-07,26.9,90,0.43388373911755823,-0.900968867902419,0.9884683243281114,0.1514277775045767,-0.9175836260593934,-0.3975428142825566,9.0
2023-09-08,26.8,89,-0.433883739117558,-0.9009688679024191,0.9987165071710528,-0.05064916883871264,-0.9242907221930934,-0.3816892202666586,7.0
2023-09-09,28.4,82,-0.9749279121818236,-0.2225209339563146,0.9680771188662043,-0.2506525322587204,-0.9307239310379793,-0.3657225234972692,26.0
2023-09-10,28.5,83,-0.7818314824680299,0.6234898018587334,0.8978045395707416,-0.4403941515576344,-0.9368813462954315,-0.34964745525122826,10.0
2023-09-11,27.7,89,0.0,1.0,0.7907757369376989,-0.6121059825476626,-0.9427611433904206,-0.33346877891818705,17.0
2023-09-12,27.0,89,0.7818314824680298,0.6234898018587336,0.6513724827222223,-0.758758122692791,-0.9483615800121716,-0.31719128858910595,38.0
2023-09-13,26.5,91,0.9749279121818236,-0.22252093395631434,0.48530196253108104,-0.8743466161445821,-0.9536809966304455,-0.300819807635668,38.0
2023-09-14,26.3,92,0.43388373911755823,-0.900968867902419,0.29936312297335804,-0.9541392564000488,-0.9587178169872964,-0.2843591872810036,39.0
2023-09-15,27.5,85,-0.433883739117558,-0.9009688679024191,0.10116832198743272,-0.994869323391895,-0.9634705485641486,-0.26781430516217486,25.0
2023-09-16,27.9,85,-0.9749279121818236,-0.2225209339563146,-0.10116832198743204,-0.9948693233918952,-0.9679377830240642,-0.25119006388481957,18.0
2023-09-17,27.4,89,-0.7818314824680299,0.6234898018587334,-0.2993631229733582,-0.9541392564000488,-0.9721181966290612,-0.23449138957041052,11.0
2023-09-18,27.3,88,0.0,1.0,-0.4853019625310808,-0.8743466161445822,-0.9760105506323682,-0.21772323039653224,14.0
2023-09-19,27.1,88,0.7818314824680298,0.6234898018587336,-0.651372482722222,-0.7587581226927911,-0.9796136916454901,-0.20089055513063528,27.0
2023-09-20,26.0,92,0.9749279121818236,-0.22252093395631434,-0.7907757369376986,-0.6121059825476627,-0.9829265519799822,-0.18399835165767986,60.0
2023-09-21,25.1,95,0.43388373911755823,-0.900968867902419,-0.8978045395707417,-0.44039415155763423,-0.9859481499638303,-0.1670516255021195,37.0
2023-09-22,25.8,92,-0.433883739117558,-0.9009688679024191,-0.9680771188662041,-0.2506525322587213,-0.9886775902323404,-0.15005539834465262,19.0
2023-09-23,26.1,91,-0.9749279121818236,-0.2225209339563146,-0.9987165071710528,-0.05064916883871355,-0.9911140639934546,-0.13301470653419636,11.0
2023-09-24,26.3,91,-0.7818314824680299,0.6234898018587334,-0.9884683243281114,0.15142777750457667,-0.9932568492674143,-0.11593459959550066,10.0
2023-09-25,26.3,93,0.0,1.0,-0.9377521321470804,0.3473052528448203,-0.9951053111006974,-0.09882013873287211,21.0
2023-09-26,26.5,91,0.7818314824680298,0.6234898018587336,-0.8486442574947509,0.5289640103269624,-0.99665890175417,-0.08167639533042288,26.0
2023-09-27,26.8,91,0.9749279121818236,-0.22252093395631434,-0.72479278722912,0.6889669190756865,-0.9979171608653922,-0.06450844944931625,22.0
2023-09-28,27.9,88,0.43388373911755823,-0.900968867902419,-0.5712682150947924,0.8207634412072763,-0.9988797155850335,-0.04732138832243232,28.0
2023-09-29,27.9,86,-0.433883739117558,-0.9009688679024191,-0.3943558551133187,0.9189578116202306,-0.9995462806873573,-0.03012030484690836,47.0
2023-09-30,26.8,87,-0.9749279121818236,-0.2225209339563146,-0.20129852008866114,0.9795299412524943,-0.9999166586547379,-0.012910296075008843,29.0
2023-10-01,26.2,93,-0.7818314824680299,0.6234898018587334,0.20129852008866006,0.9795299412524945,-0.9999907397361901,0.004303538296243821,19.0
2023-10-02,25.7,93,0.0,1.0,0.39435585511331855,0.9189578116202306,-0.9997685019798909,0.021516097436222233,50.0
2023-10-03,25.7,93,0.7818314824680298,0.6234898018587336,0.5712682150947923,0.8207634412072763,-0.9992500112396835,0.03872228089217399,25.0
2023-10-04,26.6,90,0.9749279121818236,-0.22252093395631434,0.72479278722912,0.6889669190756866,-0.9984354211555643,0.05591699010060302,21.0
2023-10-05,28.1,80,0.43388373911755823,-0.900968867902419,0.8486442574947509,0.5289640103269624,-0.9973249731081555,0.07309512989807776,18.0
2023-10-06,28.3,82,-0.433883739117558,-0.9009688679024191,0.9377521321470804,0.3473052528448203,-0.9959189961471792,0.0902516100310407,35.0
2023-10-07,27.8,86,-0.9749279121818236,-0.2225209339563146,0.9884683243281114,0.1514277775045767,-0.994217906893952,0.10738134666416306,16.0
2023-10-08,27.9,79,-0.7818314824680299,0.6234898018587334,0.9987165071710528,-0.05064916883871264,-0.9922222094179324,0.12447926388678869,14.0
2023-10-09,27.8,78,0.0,1.0,0.9680771188662043,-0.2506525322587204,-0.989932495087353,0.141540295217043,16.0
2023-10-10,28.0,77,0.7818314824680298,0.6234898018587336,0.8978045395707416,-0.4403941515576344,-0.9873494423939864,0.15855938510313475,16.0
2023-10-11,28.1,72,0.9749279121818236,-0.22252093395631434,0.7907757369376989,-0.6121059825476626,-0.9844738167520923,0.17553149042142777,7.0
2023-10-12,27.3,73,0.43388373911755823,-0.900968867902419,0.6513724827222223,-0.758758122692791,-0.9813064702716093,0.19245158197082995,21.0
2023-10-13,27.7,69,-0.433883739117558,-0.9009688679024191,0.48530196253108104,-0.8743466161445821,-0.9778483415056567,0.20931464596304888,30.0
2023-10-14,27.2,73,-0.9749279121818236,-0.2225209339563146,0.29936312297335804,-0.9541392564000488,-0.9741004551724206,0.22611568550828803,16.0
2023-10-15,26.6,72,-0.7818314824680299,0.6234898018587334,0.10116832198743272,-0.994869323391895,-0.970063921851507,0.2428497220959358,6.0
2023-10-16,26.3,70,0.0,1.0,-0.10116832198743204,-0.9948693233918952,-0.965739937654855,0.25951179706979943,9.0
2023-10-17,26.8,67,0.7818314824680298,0.6234898018587336,-0.2993631229733582,-0.9541392564000488,-0.9611297838723007,0.27609697309746883,23.0
2023-10-18,26.5,74,0.9749279121818236,-0.22252093395631434,-0.4853019625310808,-0.8743466161445822,-0.9562348265919058,0.2926003356333479,31.0
2023-10-19,26.6,76,0.43388373911755823,-0.900968867902419,-0.651372482722222,-0.7587581226927911,-0.9510565162951536,0.30901699437494723,7.0
2023-10-20,26.1,74,-0.433883739117558,-0.9009688679024191,-0.7907757369376986,-0.6121059825476627,-0.9455963874271428,0.3253420847119795,16.0
2023-10-21,25.0,68,-0.9749279121818236,-0.2225209339563146,-0.8978045395707417,-0.44039415155763423,-0.9398560579418953,0.341570769167856,7.0
2023-10-22,23.9,66,-0.7818314824680299,0.6234898018587334,-0.9680771188662041,-0.2506525322587213,-0.9338372288229252,0.35769823883312546,5.0
2023-10-23,24.8,70,0.0,1.0,-0.9987165071710528,-0.05064916883871355,-0.9275416835791965,0.3737197147904692,5.0
2023-10-24,25.9,72,0.7818314824680298,0.6234898018587336,-0.9884683243281114,0.15142777750457667,-0.9209712877166347,0.38963044953078774,4.0
2023-10-25,25.7,73,0.9749279121818236,-0.22252093395631434,-0.9377521321470804,0.3473052528448203,-0.9141279881853337,0.4054257283599973,2.0
2023-10-26,24.4,67,0.43388373911755823,-0.900968867902419,-0.8486442574947509,0.5289640103269624,-0.9070138128026362,0.42110087079608916,15.0
2023-10-27,23.9,60,-0.433883739117558,-0.9009688679024191,-0.72479278722912,0.6889669190756865,-0.8996308696522434,0.4366512319560638,7.0
2023-10-28,23.5,62,-0.9749279121818236,-0.2225209339563146,-0.5712682150947924,0.8207634412072763,-0.8919813464595487,0.45207220393230374,14.0
2023-10-29,23.8,66,-0.7818314824680299,0.6234898018587334,-0.3943558551133187,0.9189578116202306,-0.8840675099433637,0.46735921715800205,6.0
2023-10-30,24.3,65,0.0,1.0,-0.20129852008866114,0.9795299412524943,-0.8758917051442433,0.48250774176121763,5.0
2023-10-31,24.6,68,0.7818314824680298,0.6234898018587336,-2.4492935982947064e-16,1.0,-0.8674563547295971,0.4975132889071803,14.0
2023-11-01,25.4,71,0.9749279121818236,-0.22252093395631434,0.20129852008866006,0.9795299412524945,-0.858763958275803,0.5123714121284235,8.0
2023-11-02,25.8,78,0.43388373911755823,-0.900968867902419,0.39435585511331855,0.9189578116202306,-0.8498170915275277,0.5270777086423724,9.0
2023-11-03,25.0,84,-0.433883739117558,-0.9009688679024191,0.5712682150947923,0.8207634412072763,-0.8406184056344783,0.5416278206559811,14.0
2023-11-04,24.0,84,-0.9749279121818236,-0.2225209339563146,0.72479278722912,0.6889669190756866,-0.8311706263658079,0.5560174366570446,13.0
2023-11-05,25.2,78,-0.7818314824680299,0.6234898018587334,0.8486442574947509,0.5289640103269624,-0.8214765533024145,0.5702422926917867,18.0
2023-11-06,24.6,62,0.0,1.0,0.9377521321470804,0.3473052528448203,-0.8115390590073611,0.5842981736283683,13.0
2023-11-07,23.5,62,0.7818314824680298,0.6234898018587336,0.9884683243281114,0.1514277775045767,-0.801361088174677,0.5981809144059158,29.0
2023-11-08,22.8,62,0.9749279121818236,-0.22252093395631434,0.9987165071710528,-0.05064916883871264,-0.7909456567567774,0.6118864012687242,19.0
2023-11-09,23.2,65,0.43388373911755823,-0.900968867902419,0.9680771188662043,-0.2506525322587204,-0.780295851070776,0.6254105729852457,19.0
2023-11-10,24.3,63,-0.433883739117558,-0.9009688679024191,0.8978045395707416,-0.4403941515576344,-0.7694148268839381,0.6387494220515268,18.0
2023-11-11,24.2,66,-0.9749279121818236,-0.2225209339563146,0.7907757369376989,-0.6121059825476626,-0.7583058084785625,0.6518989958787125,16.0
2023-11-12,24.6,66,-0.7818314824680299,0.6234898018587334,0.6513724827222223,-0.758758122692791,-0.7469720876965551,0.6648553979642866,4.0
2023-11-13,24.6,70,0.0,1.0,0.48530196253108104,-0.8743466161445821,-0.7354170229639858,0.6776147890466887,3.0
2023-11-14,24.0,68,0.7818314824680298,0.6234898018587336,0.29936312297335804,-0.9541392564000488,-0.7236440382959124,0.690173388242972,12.0
2023-11-15,23.3,61,0.9749279121818236,-0.22252093395631434,0.10116832198743272,-0.994869323391895,-0.711656622281775,0.7025274741691566,11.0
2023-11-16,23.9,63,0.43388373911755823,-0.900968867902419,-0.10116832198743204,-0.9948693233918952,-0.6994583270516471,0.7146733860429608,10.0
2023-11-17,25.0,72,-0.433883739117558,-0.9009688679024191,-0.2993631229733582,-0.9541392564000488,-0.6870527672236675,0.7266075247685652,14.0
2023-11-18,25.1,71,-0.9749279121818236,-0.2225209339563146,-0.4853019625310808,-0.8743466161445822,-0.6744436188329457,0.7383263540031063,8.0
2023-11-19,25.3,67,-0.7818314824680299,0.6234898018587334,-0.651372482722222,-0.7587581226927911,-0.661634618242279,0.749826401204568,13.0
2023-11-20,24.2,68,0.0,1.0,-0.7907757369376986,-0.6121059825476627,-0.6486295610349818,0.7611042586607742,14.0
2023-11-21,23.7,71,0.7818314824680298,0.6234898018587336,-0.8978045395707417,-0.44039415155763423,-0.6354323008901775,0.7721565844991641,6.0
2023-11-22,23.1,66,0.9749279121818236,-0.22252093395631434,-0.9680771188662041,-0.2506525322587213,-0.622046748440868,0.7829801036770624,4.0
2023-11-23,22.5,61,0.43388373911755823,-0.900968867902419,-0.9987165071710528,-0.05064916883871355,-0.6084768701151264,0.7935716089521472,9.0
2023-11-24,23.1,69,-0.433883739117558,-0.9009688679024191,-0.9884683243281114,0.15142777750457667,-0.594726686960764,0.8039279618328208,12.0
2023-11-25,22.9,67,-0.9749279121818236,-0.2225209339563146,-0.9377521321470804,0.3473052528448203,-0.5808002734538013,0.8140460935082175,10.0
2023-11-26,22.3,64,-0.7818314824680299,0.6234898018587334,-0.8486442574947509,0.5289640103269624,-0.5667017562911184,0.8239230057575536,3.0
2023-11-27,22.4,62,0.0,1.0,-0.72479278722912,0.6889669190756865,-0.5524353131676203,0.8335557718385695,3.0
2023-11-28,22.8,68,0.7818314824680298,0.6234898018587336,-0.5712682150947924,0.8207634412072763,-0.5380051715382992,0.8429415373547832,3.0
2023-11-29,23.4,70,0.9749279121818236,-0.22252093395631434,-0.3943558551133187,0.9189578116202306,-0.5234156073655503,0.8520775211013093,5.0
2023-11-30,24.8,65,0.43388373911755823,-0.900968867902419,-0.20129852008866114,0.9795299412524943,-0.5086709438521042,0.8609610158889945,6.0
2023-12-01,25.0,66,-0.433883739117558,-0.9009688679024191,0.20129852008866006,0.9795299412524945,-0.49377555015997737,0.8695893893466109,10.0
2023-12-02,25.1,67,-0.9749279121818236,-0.2225209339563146,0.39435585511331855,0.9189578116202306,-0.4787338401157883,0.8779600847008883,11.0
2023-12-03,25.0,70,-0.7818314824680299,0.6234898018587334,0.5712682150947923,0.8207634412072763,-0.4635502709028512,0.8860706215341378,18.0
2023-12-04,24.7,68,0.0,1.0,0.72479278722912,0.6889669190756866,-0.4482293417404106,0.893918596519257,13.0
2023-12-05,21.7,70,0.7818314824680298,0.6234898018587336,0.8486442574947509,0.5289640103269624,-0.4327755925504317,0.9015016841318838,10.0
2023-12-06,20.2,88,0.9749279121818236,-0.22252093395631434,0.9377521321470804,0.3473052528448203,-0.41719360261231697,0.9088176373395028,31.0
2023-12-07,20.4,92,0.43388373911755823,-0.900968867902419,0.9884683243281114,0.1514277775045767,-0.4014879892059737,0.9158642882672868,20.0
2023-12-08,21.2,84,-0.433883739117558,-0.9009688679024191,0.9987165071710528,-0.05064916883871264,-0.38566340624360745,0.9226395488404875,15.0
2023-12-09,21.2,86,-0.9749279121818236,-0.2225209339563146,0.9680771188662043,-0.2506525322587204,-0.3697245428906732,0.9291414114031743,7.0
2023-12-10,20.1,74,-0.7818314824680299,0.6234898018587334,0.8978045395707416,-0.4403941515576344,-0.3536761221763721,0.935367949313148,6.0
2023-12-11,18.6,75,0.0,1.0,0.7907757369376989,-0.6121059825476626,-0.33752289959411347,0.941317317512847,12.0
2023-12-12,18.2,77,0.7818314824680298,0.6234898018587336,0.6513724827222223,-0.758758122692791,-0.32126966169236515,0.9469877530760751,14.0
2023-12-13,18.9,74,0.9749279121818236,-0.22252093395631434,0.48530196253108104,-0.8743466161445821,-0.3049212246562894,0.9523775757303973,10.0
2023-12-14,18.4,75,0.43388373911755823,-0.900968867902419,0.29936312297335804,-0.9541392564000488,-0.2884824328806098,0.9574851883550389,8.0
2023-12-15,17.6,73,-0.433883739117558,-0.9009688679024191,0.10116832198743272,-0.994869323391895,-0.27195815753410524,0.9623090774541487,6.0
2023-12-16,17.5,74,-0.9749279121818236,-0.2225209339563146,-0.10116832198743204,-0.9948693233918952,-0.2553532951161881,0.9668478136052773,11.0
2023-12-17,17.1,73,-0.7818314824680299,0.6234898018587334,-0.2993631229733582,-0.9541392564000488,-0.23867276600594997,0.9711000518829505,2.0
2023-12-18,17.5,72,0.0,1.0,-0.4853019625310808,-0.8743466161445822,-0.22192151300416674,0.9750645322571945,14.0
2023-12-19,16.9,71,0.7818314824680298,0.6234898018587336,-0.651372482722222,-0.7587581226927911,-0.20510449986861926,0.9787400799669153,11.0
2023-12-20,17.1,70,0.9749279121818236,-0.22252093395631434,-0.7907757369376986,-0.6121059825476627,-0.1882267098432439,0.9821256058680006,7.0
2023-12-21,16.6,77,0.43388373911755823,-0.900968867902419,-0.8978045395707417,-0.44039415155763423,-0.1712931441814778,0.9852201067560606,6.0
2023-12-22,17.0,76,-0.433883739117558,-0.9009688679024191,-0.9680771188662041,-0.2506525322587213,-0.154308820664281,0.9880226656636976,4.0
2023-12-23,17.8,77,-0.9749279121818236,-0.2225209339563146,-0.9987165071710528,-0.05064916883871355,-0.13727877211326517,0.9905324521322227,9.0
2023-12-24,18.5,81,-0.7818314824680299,0.6234898018587334,-0.9884683243281114,0.15142777750457667,-0.12020804489935275,0.9927487224577402,9.0
2023-12-25,19.1,80,0.0,1.0,-0.9377521321470804,0.3473052528448203,-0.10310169744743544,0.9946708199115211,6.0
2023-12-26,18.7,81,0.7818314824680298,0.6234898018587336,-0.8486442574947509,0.5289640103269624,-0.0859647987374467,0.9962981749346077,4.0
2023-12-27,19.1,76,0.9749279121818236,-0.22252093395631434,-0.72479278722912,0.6889669190756865,-0.06880242680232064,0.9976303053065857,15.0
2023-12-28,19.3,78,0.43388373911755823,-0.900968867902419,-0.5712682150947924,0.8207634412072763,-0.05161966722325418,0.9986668162884759,5.0
2023-12-29,20.0,76,-0.433883739117558,-0.9009688679024191,-0.3943558551133187,0.9189578116202306,-0.034421611622745804,0.9994074007397048,1.0
2023-12-30,19.6,78,-0.9749279121818236,-0.2225209339563146,-0.20129852008866114,0.9795299412524943,-0.01721335615583528,0.9998518392091162,4.0
2023-12-31,19.9,79,-0.7818314824680299,0.6234898018587334,-2.4492935982947064e-16,1.0,6.432490598706546e-16,1.0,1.0
2024-01-01,19.7,78,0.0,1.0,0.20129852008866006,0.9795299412524945,0.017213356155834685,0.9998518392091162,5.0
2024-01-02,19.3,75,0.7818314824680298,0.6234898018587336,0.39435585511331855,0.9189578116202306,0.03442161162274574,0.9994074007397048,6.0
2024-01-03,20.0,70,0.9749279121818236,-0.22252093395631434,0.5712682150947923,0.8207634412072763,0.051619667223253764,0.998666816288476,8.0
2024-01-04,19.9,72,0.43388373911755823,-0.900968867902419,0.72479278722912,0.6889669190756866,0.06880242680231986,0.9976303053065857,10.0
2024-01-05,20.8,61,-0.433883739117558,-0.9009688679024191,0.8486442574947509,0.5289640103269624,0.08596479873744647,0.9962981749346078,10.0
2024-01-06,20.5,66,-0.9749279121818236,-0.2225209339563146,0.9377521321470804,0.3473052528448203,0.10310169744743485,0.9946708199115211,10.0
2024-01-07,20.8,64,-0.7818314824680299,0.6234898018587334,0.9884683243281114,0.1514277775045767,0.1202080448993527,0.9927487224577402,5.0
2024-01-08,20.7,70,0.0,1.0,0.9987165071710528,-0.05064916883871264,0.13727877211326478,0.9905324521322229,10.0
2024-01-09,20.9,73,0.7818314824680298,0.6234898018587336,0.9680771188662043,-0.2506525322587204,0.15430882066428117,0.9880226656636976,2.0
2024-01-10,22.2,70,0.9749279121818236,-0.22252093395631434,0.8978045395707416,-0.4403941515576344,0.1712931441814776,0.9852201067560606,13.0
2024-01-11,22.6,71,0.43388373911755823,-0.900968867902419,0.7907757369376989,-0.6121059825476626,0.1882267098432442,0.9821256058680006,9.0
2024-01-12,21.4,66,-0.433883739117558,-0.9009688679024191,0.6513724827222223,-0.758758122692791,0.2051044998686192,0.9787400799669153,8.0
2024-01-13,19.2,56,-0.9749279121818236,-0.2225209339563146,0.48530196253108104,-0.8743466161445821,0.2219215130041655,0.9750645322571948,6.0
2024-01-14,18.9,63,-0.7818314824680299,0.6234898018587334,0.29936312297335804,-0.9541392564000488,0.2386727660059501,0.9711000518829505,4.0
2024-01-15,19.7,60,0.0,1.0,0.10116832198743272,-0.994869323391895,0.255353295116187,0.9668478136052775,5.0
2024-01-16,19.9,68,0.7818314824680298,0.6234898018587336,-0.10116832198743204,-0.9948693233918952,0.2719581575341055,0.9623090774541486,7.0
2024-01-17,23.2,73,0.9749279121818236,-0.22252093395631434,-0.2993631229733582,-0.9541392564000488,0.288482432880609,0.9574851883550393,4.0
2024-01-18,21.7,83,0.43388373911755823,-0.900968867902419,-0.4853019625310808,-0.8743466161445822,0.30492122465628907,0.9523775757303974,13.0
2024-01-19,20.3,86,-0.433883739117558,-0.9009688679024191,-0.651372482722222,-0.7587581226927911,0.3212696616923644,0.9469877530760753,27.0
2024-01-20,21.1,82,-0.9749279121818236,-0.2225209339563146,-0.7907757369376986,-0.6121059825476627,0.3375228995941133,0.9413173175128471,13.0
2024-01-21,20.6,86,-0.7818314824680299,0.6234898018587334,-0.8978045395707417,-0.44039415155763423,0.3536761221763716,0.9353679493131483,9.0
2024-01-22,20.9,77,0.0,1.0,-0.9680771188662041,-0.2506525322587213,0.3697245428906731,0.9291414114031743,15.0
2024-01-23,19.7,68,0.7818314824680298,0.6234898018587336,-0.9987165071710528,-0.05064916883871355,0.38566340624360707,0.9226395488404876,14.0
2024-01-24,19.0,87,0.9749279121818236,-0.22252093395631434,-0.9884683243281114,0.15142777750457667,0.401487989205973,0.9158642882672872,7.0
2024-01-25,18.5,73,0.43388373911755823,-0.900968867902419,-0.9377521321470804,0.3473052528448203,0.4171936026123168,0.9088176373395029,5.0
2024-01-26,17.1,62,-0.433883739117558,-0.9009688679024191,-0.8486442574947509,0.5289640103269624,0.4327755925504312,0.901501684131884,7.0
2024-01-27,17.2,62,-0.9749279121818236,-0.2225209339563146,-0.72479278722912,0.6889669190756865,0.4482293417404106,0.893918596519257,3.0
2024-01-28,18.3,63,-0.7818314824680299,0.6234898018587334,-0.5712682150947924,0.8207634412072763,0.4635502709028509,0.886070621534138,18.0
2024-01-29,19.5,67,0.0,1.0,-0.3943558551133187,0.9189578116202306,0.47873384011578846,0.8779600847008882,15.0
2024-01-30,20.8,66,0.7818314824680298,0.6234898018587336,-0.20129852008866114,0.9795299412524943,0.49377555015997715,0.869589389346611,6.0
2024-01-31,21.8,65,0.9749279121818236,-0.22252093395631434,-2.4492935982947064e-16,1.0,0.5086709438521044,0.8609610158889943,12.0
2024-02-01,23.0,65,0.43388373911755823,-0.900968867902419,0.20129852008866006,0.9795299412524945,0.5234156073655503,0.8520775211013093,22.0
2024-02-02,22.1,72,-0.433883739117558,-0.9009688679024191,0.39435585511331855,0.9189578116202306,0.5380051715382996,0.8429415373547828,1.0
2024-02-03,21.7,58,-0.9749279121818236,-0.2225209339563146,0.5712682150947923,0.8207634412072763,0.5524353131676196,0.8335557718385699,6.0
2024-02-04,20.7,56,-0.7818314824680299,0.6234898018587334,0.72479278722912,0.6889669190756866,0.5667017562911176,0.8239230057575542,10.0
2024-02-05,22.9,55,0.0,1.0,0.8486442574947509,0.5289640103269624,0.5808002734538009,0.8140460935082178,12.0
2024-02-06,25.1,67,0.7818314824680298,0.6234898018587336,0.9377521321470804,0.3473052528448203,0.5947266869607634,0.8039279618328213,5.0
2024-02-07,24.2,67,0.9749279121818236,-0.22252093395631434,0.9884683243281114,0.1514277775045767,0.6084768701151261,0.7935716089521474,4.0
2024-02-08,22.2,44,0.43388373911755823,-0.900968867902419,0.9987165071710528,-0.05064916883871264,0.6220467484408675,0.7829801036770629,10.0
2024-02-09,20.3,48,-0.433883739117558,-0.9009688679024191,0.9680771188662043,-0.2506525322587204,0.6354323008901774,0.7721565844991642,12.0
2024-02-10,21.4,59,-0.9749279121818236,-0.2225209339563146,0.8978045395707416,-0.4403941515576344,0.6486295610349814,0.7611042586607747,11.0
2024-02-11,23.7,55,-0.7818314824680299,0.6234898018587334,0.7907757369376989,-0.6121059825476626,0.6616346182422783,0.7498264012045686,22.0
2024-02-12,24.3,63,0.0,1.0,0.6513724827222223,-0.758758122692791,0.6744436188329455,0.7383263540031065,19.0
2024-02-13,25.2,54,0.7818314824680298,0.6234898018587336,0.48530196253108104,-0.8743466161445821,0.6870527672236669,0.7266075247685656,8.0
2024-02-14,24.8,53,0.9749279121818236,-0.22252093395631434,0.29936312297335804,-0.9541392564000488,0.699458327051647,0.7146733860429609,6.0
2024-02-15,23.4,65,0.43388373911755823,-0.900968867902419,0.10116832198743272,-0.994869323391895,0.7116566222817746,0.7025274741691571,19.0
2024-02-16,23.9,59,-0.433883739117558,-0.9009688679024191,-0.10116832198743204,-0.9948693233918952,0.7236440382959124,0.6901733882429719,2.0
2024-02-17,24.3,55,-0.9749279121818236,-0.2225209339563146,-0.2993631229733582,-0.9541392564000488,0.7354170229639855,0.6776147890466889,9.0
2024-02-18,24.9,53,-0.7818314824680299,0.6234898018587334,-0.4853019625310808,-0.8743466161445822,0.7469720876965552,0.6648553979642865,12.0
2024-02-19,26.0,52,0.0,1.0,-0.651372482722222,-0.7587581226927911,0.7583058084785624,0.6518989958787126,15.0
2024-02-20,26.3,50,0.7818314824680298,0.6234898018587336,-0.7907757369376986,-0.6121059825476627,0.7694148268839378,0.6387494220515272,16.0
2024-02-21,25.5,51,0.9749279121818236,-0.22252093395631434,-0.8978045395707417,-0.44039415155763423,0.7802958510707755,0.6254105729852463,27.0
2024-02-22,26.2,49,0.43388373911755823,-0.900968867902419,-0.9680771188662041,-0.2506525322587213,0.7909456567567772,0.6118864012687243,3.0
2024-02-23,24.6,51,-0.433883739117558,-0.9009688679024191,-0.9987165071710528,-0.05064916883871355,0.8013610881746766,0.5981809144059165,9.0
2024-02-24,24.4,62,-0.9749279121818236,-0.2225209339563146,-0.9884683243281114,0.15142777750457667,0.8115390590073611,0.5842981736283684,12.0
2024-02-25,23.3,79,-0.7818314824680299,0.6234898018587334,-0.9377521321470804,0.3473052528448203,0.8214765533024142,0.5702422926917871,27.0
2024-02-26,25.1,69,0.0,1.0,-0.8486442574947509,0.5289640103269624,0.8311706263658079,0.5560174366570446,21.0
2024-02-27,25.4,68,0.7818314824680298,0.6234898018587336,-0.72479278722912,0.6889669190756865,0.8406184056344782,0.5416278206559814,17.0
2024-02-28,24.0,76,0.9749279121818236,-0.22252093395631434,-0.5712682150947924,0.8207634412072763,0.8498170915275278,0.5270777086423722,11.0
2024-02-29,24.1,60,0.43388373911755823,-0.900968867902419,-0.3943558551133187,0.9189578116202306,0.8587639582758029,0.5123714121284237,11.0
2024-03-01,24.6,51,-0.433883739117558,-0.9009688679024191,0.20129852008866006,0.9795299412524945,0.8674563547295969,0.49751328890718066,11.0
2024-03-02,26.0,52,-0.9749279121818236,-0.2225209339563146,0.39435585511331855,0.9189578116202306,0.8758917051442429,0.48250774176121847,12.0
2024-03-03,26.8,55,-0.7818314824680299,0.6234898018587334,0.5712682150947923,0.8207634412072763,0.8840675099433636,0.4673592171580022,11.0
2024-03-04,26.2,60,0.0,1.0,0.72479278722912,0.6889669190756866,0.8919813464595485,0.45207220393230435,11.0
2024-03-05,26.5,61,0.7818314824680298,0.6234898018587336,0.8486442574947509,0.5289640103269624,0.8996308696522433,0.43665123195606403,10.0
2024-03-06,27.4,52,0.9749279121818236,-0.22252093395631434,0.9377521321470804,0.3473052528448203,0.9070138128026359,0.4211008707960896,19.0
2024-03-07,26.6,62,0.43388373911755823,-0.900968867902419,0.9884683243281114,0.1514277775045767,0.9141279881853337,0.40542572835999735,4.0
2024-03-08,26.6,46,-0.433883739117558,-0.9009688679024191,0.9987165071710528,-0.05064916883871264,0.9209712877166346,0.38963044953078796,6.0
2024-03-09,26.3,40,-0.9749279121818236,-0.2225209339563146,0.9680771188662043,-0.2506525322587204,0.9275416835791966,0.37371971479046906,14.0
2024-03-10,26.5,47,-0.7818314824680299,0.6234898018587334,0.8978045395707416,-0.4403941515576344,0.9338372288229252,0.35769823883312546,9.0
2024-03-11,28.7,51,0.0,1.0,0.7907757369376989,-0.6121059825476626,0.9398560579418954,0.3415707691678556,20.0
2024-03-12,29.5,49,0.7818314824680298,0.6234898018587336,0.6513724827222223,-0.758758122692791,0.9455963874271426,0.3253420847119801,17.0
2024-03-13,29.6,40,0.9749279121818236,-0.22252093395631434,0.48530196253108104,-0.8743466161445821,0.9510565162951535,0.30901699437494745,13.0
2024-03-14,28.7,37,0.43388373911755823,-0.900968867902419,0.29936312297335804,-0.9541392564000488,0.9562348265919056,0.29260033563334836,24.0
2024-03-15,28.5,37,-0.433883739117558,-0.9009688679024191,0.10116832198743272,-0.994869323391895,0.9611297838723007,0.27609697309746883,14.0
2024-03-16,28.6,55,-0.9749279121818236,-0.2225209339563146,-0.10116832198743204,-0.9948693233918952,0.9657399376548549,0.2595117970697999,29.0
2024-03-17,28.0,59,-0.7818314824680299,0.6234898018587334,-0.2993631229733582,-0.9541392564000488,0.9700639218515071,0.2428497220959356,19.0
2024-03-18,25.8,71,0.0,1.0,-0.4853019625310808,-0.8743466161445822,0.9741004551724205,0.22611568550828828,32.0
2024-03-19,24.1,77,0.7818314824680298,0.6234898018587336,-0.651372482722222,-0.7587581226927911,0.9778483415056568,0.20931464596304847,44.0
2024-03-20,22.2,74,0.9749279121818236,-0.22252093395631434,-0.7907757369376986,-0.6121059825476627,0.9813064702716093,0.19245158197082998,15.0
2024-03-21,22.8,68,0.43388373911755823,-0.900968867902419,-0.8978045395707417,-0.44039415155763423,0.9844738167520922,0.1755314904214282,23.0
2024-03-22,24.9,63,-0.433883739117558,-0.9009688679024191,-0.9680771188662041,-0.2506525322587213,0.9873494423939864,0.15855938510313475,30.0
2024-03-23,26.0,53,-0.9749279121818236,-0.2225209339563146,-0.9987165071710528,-0.05064916883871355,0.989932495087353,0.141540295217043,19.0
2024-03-24,27.1,53,-0.7818314824680299,0.6234898018587334,-0.9884683243281114,0.15142777750457667,0.9922222094179323,0.12447926388678915,38.0
2024-03-25,26.5,62,0.0,1.0,-0.9377521321470804,0.3473052528448203,0.994217906893952,0.10738134666416309,29.0
2024-03-26,26.8,62,0.7818314824680298,0.6234898018587336,-0.8486442574947509,0.5289640103269624,0.995918996147179,0.09025161003104117,13.0
2024-03-27,28.3,57,0.9749279121818236,-0.22252093395631434,-0.72479278722912,0.6889669190756865,0.9973249731081555,0.07309512989807777,25.0
2024-03-28,29.4,52,0.43388373911755823,-0.900968867902419,-0.5712682150947924,0.8207634412072763,0.9984354211555643,0.055916990100603484,20.0
2024-03-29,29.8,51,-0.433883739117558,-0.9009688679024191,-0.3943558551133187,0.9189578116202306,0.9992500112396835,0.03872228089217446,15.0
2024-03-30,29.8,53,-0.9749279121818236,-0.2225209339563146,-0.20129852008866114,0.9795299412524943,0.9997685019798909,0.021516097436222254,29.0
2024-03-31,29.0,57,-0.7818314824680299,0.6234898018587334,-2.4492935982947064e-16,1.0,0.9999907397361901,0.004303538296244289,33.0
2024-04-01,30.6,49,0.0,1.0,0.20129852008866006,0.9795299412524945,0.9999166586547379,-0.01291029607500882,24.0
2024-04-02,30.2,45,0.7818314824680298,0.6234898018587336,0.39435585511331855,0.9189578116202306,0.9995462806873573,-0.030120304846908114,35.0
2024-04-03,30.3,42,0.9749279121818236,-0.22252093395631434,0.5712682150947923,0.8207634412072763,0.9988797155850336,-0.04732138832243185,33.0
2024-04-04,32.0,44,0.43388373911755823,-0.900968867902419,0.72479278722912,0.6889669190756866,0.9979171608653922,-0.06450844944931623,38.0
2024-04-05,31.5,41,-0.433883739117558,-0.9009688679024191,0.8486442574947509,0.5289640103269624,0.9966589017541702,-0.08167639533042241,28.0
2024-04-06,31.7,37,-0.9749279121818236,-0.2225209339563146,0.9377521321470804,0.3473052528448203,0.9951053111006976,-0.09882013873287143,27.0
2024-04-07,31.0,34,-0.7818314824680299,0.6234898018587334,0.9884683243281114,0.1514277775045767,0.9932568492674143,-0.11593459959550041,33.0
2024-04-08,23.7,76,0.0,1.0,0.9987165071710528,-0.05064916883871264,0.9911140639934547,-0.1330147065341959,23.0
2024-04-09,26.1,71,0.7818314824680298,0.6234898018587336,0.9680771188662043,-0.2506525322587204,0.9886775902323405,-0.1500553983446526,22.0
2024-04-10,27.8,59,0.9749279121818236,-0.22252093395631434,0.8978045395707416,-0.4403941515576344,0.9859481499638304,-0.16705162550211924,47.0
2024-04-11,23.7,80,0.43388373911755823,-0.900968867902419,0.7907757369376989,-0.6121059825476626,0.9829265519799822,-0.18399835165768005,37.0
2024-04-12,24.5,80,-0.433883739117558,-0.9009688679024191,0.6513724827222223,-0.758758122692791,0.9796136916454901,-0.20089055513063506,22.0
2024-04-13,26.6,68,-0.9749279121818236,-0.2225209339563146,0.48530196253108104,-0.8743466161445821,0.9760105506323683,-0.21772323039653177,15.0
2024-04-14,28.8,63,-0.7818314824680299,0.6234898018587334,0.29936312297335804,-0.9541392564000488,0.9721181966290613,-0.23449138957040985,27.0
2024-04-15,30.8,53,0.0,1.0,0.10116832198743272,-0.994869323391895,0.9679377830240642,-0.25119006388481935,22.0
2024-04-16,31.5,53,0.7818314824680298,0.6234898018587336,-0.10116832198743204,-0.9948693233918952,0.9634705485641488,-0.2678143051621742,40.0
2024-04-17,31.4,46,0.9749279121818236,-0.22252093395631434,-0.2993631229733582,-0.9541392564000488,0.9587178169872964,-0.2843591872810034,28.0
2024-04-18,31.6,41,0.43388373911755823,-0.900968867902419,-0.4853019625310808,-0.8743466161445822,0.9536809966304457,-0.30081980763566735,26.0
2024-04-19,31.9,36,-0.433883739117558,-0.9009688679024191,-0.651372482722222,-0.7587581226927911,0.9483615800121715,-0.3171912885891061,32.0
2024-04-20,33.4,33,-0.9749279121818236,-0.2225209339563146,-0.7907757369376986,-0.6121059825476627,0.9427611433904207,-0.3334687789181868,45.0
2024-04-21,34.1,37,-0.7818314824680299,0.6234898018587334,-0.8978045395707417,-0.44039415155763423,0.9368813462954315,-0.3496474552512284,28.0
2024-04-22,29.9,50,0.0,1.0,-0.9680771188662041,-0.2506525322587213,0.9307239310379795,-0.36572252349726897,24.0
2024-04-23,30.6,51,0.7818314824680298,0.6234898018587336,-0.9987165071710528,-0.05064916883871355,0.9242907221930933,-0.3816892202666588,23.0
2024-04-24,31.6,43,0.9749279121818236,-0.22252093395631434,-0.9884683243281114,0.15142777750457667,0.9175836260593937,-0.39754281428255595,24.0
2024-04-25,32.4,40,0.43388373911755823,-0.900968867902419,-0.9377521321470804,0.3473052528448203,0.9106046300942162,-0.4132786077829042,27.0
2024-04-26,33.3,39,-0.433883739117558,-0.9009688679024191,-0.8486442574947509,0.5289640103269624,0.9033558023246845,-0.4288919379124835,48.0
2024-04-27,33.8,38,-0.9749279121818236,-0.2225209339563146,-0.72479278722912,0.6889669190756865,0.895839290734909,-0.4443781781046132,24.0
2024-04-28,33.0,41,-0.7818314824680299,0.6234898018587334,-0.5712682150947924,0.8207634412072763,0.8880573226294932,-0.45973273945210397,27.0
2024-04-29,33.8,41,0.0,1.0,-0.3943558551133187,0.9189578116202306,0.8800122039735357,-0.47495107206704995,21.0
2024-04-30,34.7,42,0.7818314824680298,0.6234898018587336,-0.20129852008866114,0.9795299412524943,0.8717063187093218,-0.4900286664290592,51.0
2024-05-01,35.4,32,0.9749279121818236,-0.22252093395631434,0.20129852008866006,0.9795299412524945,0.8631421280499114,-0.5049610547215204,27.0
2024-05-02,33.3,32,0.43388373911755823,-0.900968867902419,0.39435585511331855,0.9189578116202306,0.854322169749827,-0.5197438121555155,19.0
2024-05-03,31.7,26,-0.433883739117558,-0.9009688679024191,0.5712682150947923,0.8207634412072763,0.8452490573530633,-0.5343725582809786,14.0
2024-05-04,31.8,31,-0.9749279121818236,-0.2225209339563146,0.72479278722912,0.6889669190756866,0.8359254794186372,-0.548842958284719,8.0
2024-05-05,33.7,25,-0.7818314824680299,0.6234898018587334,0.8486442574947509,0.5289640103269624,0.8263541987239096,-0.5631507242749186,24.0
2024-05-06,34.0,37,0.0,1.0,0.9377521321470804,0.3473052528448203,0.8165380514459161,-0.5772916165517272,31.0
2024-05-07,32.3,47,0.7818314824680298,0.6234898018587336,0.9884683243281114,0.1514277775045767,0.8064799463209448,-0.5912614448635781,33.0
2024-05-08,31.5,54,0.9749279121818236,-0.22252093395631434,0.9987165071710528,-0.05064916883871264,0.7961828637826158,-0.6050560696488488,36.0
2024-05-09,31.5,54,0.43388373911755823,-0.900968867902419,0.9680771188662043,-0.2506525322587204,0.7856498550787147,-0.6186714032625031,48.0
2024-05-10,32.0,53,-0.433883739117558,-0.9009688679024191,0.8978045395707416,-0.4403941515576344,0.7748840413670407,-0.6321034111873487,24.0
2024-05-11,33.5,48,-0.9749279121818236,-0.2225209339563146,0.7907757369376989,-0.6121059825476626,0.7638886127905428,-0.6453481132295501,35.0
2024-05-12,32.7,50,-0.7818314824680299,0.6234898018587334,0.6513724827222223,-0.758758122692791,0.7526668275320085,-0.6584015846980488,37.0
2024-05-13,31.0,57,0.0,1.0,0.48530196253108104,-0.8743466161445821,0.7412220108485958,-0.6712599575675313,30.0
2024-05-14,32.7,51,0.7818314824680298,0.6234898018587336,0.29936312297335804,-0.9541392564000488,0.7295575540864875,-0.6839194216246106,28.0
2024-05-15,32.2,55,0.9749279121818236,-0.22252093395631434,0.10116832198743272,-0.994869323391895,0.717676913675962,-0.6963762255968722,18.0
2024-05-16,33.1,49,0.43388373911755823,-0.900968867902419,-0.10116832198743204,-0.9948693233918952,0.705583610107178,-0.7086266782644596,35.0
2024-05-17,31.6,59,-0.433883739117558,-0.9009688679024191,-0.2993631229733582,-0.9541392564000488,0.6932812268869777,-0.7206671495538609,25.0
2024-05-18,29.8,70,-0.9749279121818236,-0.2225209339563146,-0.4853019625310808,-0.8743466161445822,0.6807734094770161,-0.7324940716135789,14.0
2024-05-19,31.8,62,-0.7818314824680299,0.6234898018587334,-0.651372482722222,-0.7587581226927911,0.6680638642135335,-0.7441039398713607,19.0
2024-05-20,33.6,51,0.0,1.0,-0.7907757369376986,-0.6121059825476627,0.6551563572090853,-0.7554933140726803,66.0
2024-05-21,33.4,54,0.7818314824680298,0.6234898018587336,-0.8978045395707417,-0.44039415155763423,0.6420547132365637,-0.766658819300159,47.0
2024-05-22,33.5,55,0.9749279121818236,-0.22252093395631434,-0.9680771188662041,-0.2506525322587213,0.6287628145958344,-0.7775971469736269,36.0
2024-05-23,33.6,51,0.43388373911755823,-0.900968867902419,-0.9987165071710528,-0.05064916883871355,0.6152845999633276,-0.7883050558305255,41.0
2024-05-24,33.4,53,-0.433883739117558,-0.9009688679024191,-0.9884683243281114,0.15142777750457667,0.6016240632249226,-0.7987793728863649,24.0
2024-05-25,34.0,51,-0.9749279121818236,-0.2225209339563146,-0.9377521321470804,0.3473052528448203,0.5877852522924732,-0.8090169943749473,51.0
2024-05-26,34.2,54,-0.7818314824680299,0.6234898018587334,-0.8486442574947509,0.5289640103269624,0.5737722679043246,-0.8190148866680801,53.0
2024-05-27,35.2,50,0.0,1.0,-0.72479278722912,0.6889669190756865,0.5595892624101765,-0.8287700871745038,69.0
2024-05-28,37.2,38,0.7818314824680298,0.6234898018587336,-0.5712682150947924,0.8207634412072763,0.545240438540651,-0.8382797052177744,101.0
2024-05-29,38.2,35,0.9749279121818236,-0.22252093395631434,-0.3943558551133187,0.9189578116202306,0.5307300481619334,-0.8475409228928311,145.0
2024-05-30,38.3,36,0.43388373911755823,-0.900968867902419,-0.20129852008866114,0.9795299412524943,0.5160623910158528,-0.8565509959010036,78.0
2024-05-31,36.8,48,-0.433883739117558,-0.9009688679024191,-2.4492935982947064e-16,1.0,0.5012418134457758,-0.865307254363206,149.0
2024-06-01,36.2,50,-0.9749279121818236,-0.2225209339563146,0.20129852008866006,0.9795299412524945,0.48627270710868997,-0.8738071036110808,181.0
2024-06-02,33.4,61,-0.7818314824680299,0.6234898018587334,0.39435585511331855,0.9189578116202306,0.4711595076738638,-0.8820480249558537,94.0
2024-06-03,33.0,57,0.0,1.0,0.5712682150947923,0.8207634412072763,0.4559066935084588,-0.8900275764346767,62.0
2024-06-04,33.0,57,0.7818314824680298,0.6234898018587336,0.72479278722912,0.6889669190756866,0.440518784350495,-0.8977433935342337,34.0
2024-06-05,33.2,55,0.9749279121818236,-0.22252093395631434,0.8486442574947509,0.5289640103269624,0.42500033996955416,-0.9051931898913974,26.0
2024-06-06,32.1,63,0.43388373911755823,-0.900968867902419,0.9377521321470804,0.3473052528448203,0.4093559588156213,-0.9123747579707273,39.0
2024-06-07,33.3,56,-0.433883739117558,-0.9009688679024191,0.9884683243281114,0.1514277775045767,0.39359027665646673,-0.9192859697186104,43.0
2024-06-08,33.3,56,-0.9749279121818236,-0.2225209339563146,0.9987165071710528,-0.05064916883871264,0.3777079652039649,-0.9259247771938498,56.0
2024-06-09,33.6,57,-0.7818314824680299,0.6234898018587334,0.9680771188662043,-0.2506525322587204,0.36171373072976765,-0.9322892131745133,45.0
2024-06-10,34.6,51,0.0,1.0,0.8978045395707416,-0.4403941515576344,0.3456123126707335,-0.9383773917408641,63.0
2024-06-11,34.6,52,0.7818314824680298,0.6234898018587336,0.7907757369376989,-0.6121059825476626,0.3294084822245304,-0.9441875088341993,48.0
2024-06-12,35.1,48,0.9749279121818236,-0.22252093395631434,0.6513724827222223,-0.758758122692791,0.3131070409358269,-0.9497178427914316,46.0
2024-06-13,34.4,50,0.43388373911755823,-0.900968867902419,0.48530196253108104,-0.8743466161445821,0.29671281927349075,-0.9549667548552551,87.0
2024-06-14,35.1,48,-0.433883739117558,-0.9009688679024191,0.29936312297335804,-0.9541392564000488,0.28023067519921585,-0.9599326896597447,57.0
2024-06-15,33.9,55,-0.9749279121818236,-0.2225209339563146,0.10116832198743272,-0.994869323391895,0.26366549272800704,-0.9646141756912435,97.0
2024-06-16,31.4,66,-0.7818314824680299,0.6234898018587334,-0.10116832198743204,-0.9948693233918952,0.24702218048093552,-0.9690098257244062,28.0
2024-06-17,32.6,64,0.0,1.0,-0.2993631229733582,-0.9541392564000488,0.23030567023061221,-0.9731183372332619,57.0
2024-06-18,32.8,60,0.7818314824680298,0.6234898018587336,-0.4853019625310808,-0.8743466161445822,0.21352091543979612,-0.9769384927771817,32.0
2024-06-19,31.9,65,0.9749279121818236,-0.22252093395631434,-0.651372482722222,-0.7587581226927911,0.19667288979357647,-0.980469160361632,59.0
2024-06-20,29.9,74,0.43388373911755823,-0.900968867902419,-0.7907757369376986,-0.6121059825476627,0.1797665857255624,-0.9837092937736097,43.0
2024-06-21,28.1,84,-0.433883739117558,-0.9009688679024191,-0.8978045395707417,-0.44039415155763423,0.16280701293851715,-0.986657932891657,39.0
2024-06-22,28.3,81,-0.9749279121818236,-0.2225209339563146,-0.9680771188662041,-0.2506525322587213,0.1457991969198751,-0.9893142039703663,39.0
2024-06-23,29.5,78,-0.7818314824680299,0.6234898018587334,-0.9987165071710528,-0.05064916883871355,0.12874817745258132,-0.99167731989929,35.0
2024-06-24,30.2,74,0.0,1.0,-0.9884683243281114,0.15142777750457667,0.11165900712169512,-0.993746580436178,41.0
2024-06-25,30.4,74,0.7818314824680298,0.6234898018587336,-0.9377521321470804,0.3473052528448203,0.09453674981719912,-0.9955213724144752,74.0
2024-06-26,29.8,78,0.9749279121818236,-0.22252093395631434,-0.8486442574947509,0.5289640103269624,0.07738647923346301,-0.9970011699250151,51.0
2024-06-27,29.3,79,0.43388373911755823,-0.900968867902419,-0.72479278722912,0.6889669190756865,0.06021327736579302,-0.9981855344718586,48.0
2024-06-28,29.0,81,-0.433883739117558,-0.9009688679024191,-0.5712682150947924,0.8207634412072763,0.04302223300453059,-0.99907411510223,71.0
2024-06-29,27.7,87,-0.9749279121818236,-0.2225209339563146,-0.3943558551133187,0.9189578116202306,0.02581844022713308,-0.9996666485105112,31.0
2024-06-30,26.9,91,-0.7818314824680299,0.6234898018587334,-0.20129852008866114,0.9795299412524943,0.008606996888688698,-0.9999629591162655,20.0
2024-07-01,26.4,91,0.0,1.0,0.20129852008866006,0.9795299412524945,-0.008606996888688009,-0.9999629591162655,14.0
2024-07-02,27.5,85,0.7818314824680298,0.6234898018587336,0.39435585511331855,0.9189578116202306,-0.02581844022713239,-0.9996666485105112,36.0
2024-07-03,25.9,94,0.9749279121818236,-0.22252093395631434,0.5712682150947923,0.8207634412072763,-0.04302223300453034,-0.99907411510223,44.0
2024-07-04,27.0,90,0.43388373911755823,-0.900968867902419,0.72479278722912,0.6889669190756866,-0.060213277365792774,-0.9981855344718586,28.0
2024-07-05,27.6,87,-0.433883739117558,-0.9009688679024191,0.8486442574947509,0.5289640103269624,-0.07738647923346322,-0.9970011699250151,39.0
2024-07-06,28.2,84,-0.9749279121818236,-0.2225209339563146,0.9377521321470804,0.3473052528448203,-0.09453674981719933,-0.9955213724144752,33.0
2024-07-07,28.5,83,-0.7818314824680299,0.6234898018587334,0.9884683243281114,0.1514277775045767,-0.11165900712169444,-0.9937465804361781,46.0
2024-07-08,28.1,84,0.0,1.0,0.9987165071710528,-0.05064916883871264,-0.12874817745258066,-0.99167731989929,27.0
2024-07-09,28.5,83,0.7818314824680298,0.6234898018587336,0.9680771188662043,-0.2506525322587204,-0.14579919691987442,-0.9893142039703664,19.0
2024-07-10,28.9,81,0.9749279121818236,-0.22252093395631434,0.8978045395707416,-0.4403941515576344,-0.16280701293851646,-0.9866579328916572,25.0
2024-07-11,28.1,84,0.43388373911755823,-0.900968867902419,0.7907757369376989,-0.6121059825476626,-0.17976658572556214,-0.9837092937736098,29.0
2024-07-12,27.3,89,-0.433883739117558,-0.9009688679024191,0.6513724827222223,-0.758758122692791,-0.19667288979357622,-0.9804691603616321,46.0
2024-07-13,27.3,90,-0.9749279121818236,-0.2225209339563146,0.48530196253108104,-0.8743466161445821,-0.2135209154397959,-0.9769384927771817,31.0
2024-07-14,28.0,88,-0.7818314824680299,0.6234898018587334,0.29936312297335804,-0.9541392564000488,-0.23030567023061196,-0.973118337233262,28.0
2024-07-15,28.1,86,0.0,1.0,0.10116832198743272,-0.994869323391895,-0.24702218048093527,-0.9690098257244063,37.0
2024-07-16,29.1,78,0.7818314824680298,0.6234898018587336,-0.10116832198743204,-0.9948693233918952,-0.2636654927280072,-0.9646141756912435,35.0
2024-07-17,29.6,78,0.9749279121818236,-0.22252093395631434,-0.2993631229733582,-0.9541392564000488,-0.2802306751992161,-0.9599326896597445,29.0
2024-07-18,29.1,82,0.43388373911755823,-0.900968867902419,-0.4853019625310808,-0.8743466161445822,-0.2967128192734901,-0.9549667548552553,38.0
2024-07-19,28.8,84,-0.433883739117558,-0.9009688679024191,-0.651372482722222,-0.7587581226927911,-0.3131070409358267,-0.9497178427914317,49.0
2024-07-20,28.6,84,-0.9749279121818236,-0.2225209339563146,-0.7907757369376986,-0.6121059825476627,-0.3294084822245302,-0.9441875088341994,39.0
2024-07-21,27.9,83,-0.7818314824680299,0.6234898018587334,-0.8978045395707417,-0.44039415155763423,-0.3456123126707333,-0.9383773917408642,28.0
2024-07-22,27.2,84,0.0,1.0,-0.9680771188662041,-0.2506525322587213,-0.3617137307297674,-0.9322892131745134,34.0
2024-07-23,26.5,91,0.7818314824680298,0.6234898018587336,-0.9987165071710528,-0.05064916883871355,-0.37770796520396466,-0.9259247771938499,46.0
2024-07-24,26.6,89,0.9749279121818236,-0.22252093395631434,-0.9884683243281114,0.15142777750457667,-0.39359027665646645,-0.9192859697186105,34.0
2024-07-25,27.0,85,0.43388373911755823,-0.900968867902419,-0.9377521321470804,0.3473052528448203,-0.4093559588156211,-0.9123747579707274,39.0
2024-07-26,27.3,86,-0.433883739117558,-0.9009688679024191,-0.8486442574947509,0.5289640103269624,-0.42500033996955394,-0.9051931898913975,26.0
2024-07-27,27.2,89,-0.9749279121818236,-0.2225209339563146,-0.72479278722912,0.6889669190756865,-0.4405187843504952,-0.8977433935342336,29.0
2024-07-28,27.1,87,-0.7818314824680299,0.6234898018587334,-0.5712682150947924,0.8207634412072763,-0.455906693508459,-0.8900275764346766,33.0
2024-07-29,28.0,84,0.0,1.0,-0.3943558551133187,0.9189578116202306,-0.47115950767386394,-0.8820480249558535,38.0
2024-07-30,27.6,88,0.7818314824680298,0.6234898018587336,-0.20129852008866114,0.9795299412524943,-0.4862727071086902,-0.8738071036110807,48.0
2024-07-31,27.0,89,0.9749279121818236,-0.22252093395631434,-2.4492935982947064e-16,1.0,-0.5012418134457756,-0.8653072543632061,21.0
2024-08-01,26.1,93,0.43388373911755823,-0.900968867902419,0.20129852008866006,0.9795299412524945,-0.5160623910158526,-0.8565509959010037,28.0
2024-08-02,25.4,93,-0.433883739117558,-0.9009688679024191,0.39435585511331855,0.9189578116202306,-0.5307300481619331,-0.8475409228928312,19.0
2024-08-03,25.9,90,-0.9749279121818236,-0.2225209339563146,0.5712682150947923,0.8207634412072763,-0.5452404385406507,-0.8382797052177745,34.0
2024-08-04,27.5,83,-0.7818314824680299,0.6234898018587334,0.72479278722912,0.6889669190756866,-0.5595892624101763,-0.828770087174504,27.0
2024-08-05,26.8,89,0.0,1.0,0.8486442574947509,0.5289640103269624,-0.5737722679043243,-0.8190148866680802,55.0
2024-08-06,26.3,93,0.7818314824680298,0.6234898018587336,0.9377521321470804,0.3473052528448203,-0.5877852522924734,-0.8090169943749472,58.0
2024-08-07,25.8,93,0.9749279121818236,-0.22252093395631434,0.9884683243281114,0.1514277775045767,-0.6016240632249227,-0.7987793728863648,20.0
2024-08-08,25.7,93,0.43388373911755823,-0.900968867902419,0.9987165071710528,-0.05064916883871264,-0.6152845999633277,-0.7883050558305253,9.0
2024-08-09,26.1,91,-0.433883739117558,-0.9009688679024191,0.9680771188662043,-0.2506525322587204,-0.6287628145958345,-0.7775971469736268,36.0
2024-08-10,26.8,89,-0.9749279121818236,-0.2225209339563146,0.8978045395707416,-0.4403941515576344,-0.6420547132365636,-0.7666588193001592,23.0
2024-08-11,27.8,82,-0.7818314824680299,0.6234898018587334,0.7907757369376989,-0.6121059825476626,-0.655156357209085,-0.7554933140726804,31.0
2024-08-12,27.8,85,0.0,1.0,0.6513724827222223,-0.758758122692791,-0.6680638642135333,-0.7441039398713608,42.0
2024-08-13,27.8,89,0.7818314824680298,0.6234898018587336,0.48530196253108104,-0.8743466161445821,-0.6807734094770159,-0.7324940716135792,18.0
2024-08-14,27.3,89,0.9749279121818236,-0.22252093395631434,0.29936312297335804,-0.9541392564000488,-0.6932812268869771,-0.7206671495538615,29.0
2024-08-15,26.1,94,0.43388373911755823,-0.900968867902419,0.10116832198743272,-0.994869323391895,-0.7055836101071774,-0.70862667826446,19.0
2024-08-16,26.2,92,-0.433883739117558,-0.9009688679024191,-0.10116832198743204,-0.9948693233918952,-0.7176769136759615,-0.6963762255968726,26.0
2024-08-17,26.8,90,-0.9749279121818236,-0.2225209339563146,-0.2993631229733582,-0.9541392564000488,-0.7295575540864876,-0.6839194216246105,28.0
2024-08-18,26.6,90,-0.7818314824680299,0.6234898018587334,-0.4853019625310808,-0.8743466161445822,-0.7412220108485957,-0.6712599575675315,21.0
2024-08-19,27.0,87,0.0,1.0,-0.651372482722222,-0.7587581226927911,-0.7526668275320083,-0.6584015846980489,36.0
2024-08-20,26.3,92,0.7818314824680298,0.6234898018587336,-0.7907757369376986,-0.6121059825476627,-0.7638886127905429,-0.64534811322955,30.0
2024-08-21,26.7,91,0.9749279121818236,-0.22252093395631434,-0.8978045395707417,-0.44039415155763423,-0.7748840413670406,-0.6321034111873488,36.0
2024-08-22,26.1,93,0.43388373911755823,-0.900968867902419,-0.9680771188662041,-0.2506525322587213,-0.7856498550787144,-0.6186714032625032,33.0
2024-08-23,26.0,91,-0.433883739117558,-0.9009688679024191,-0.9987165071710528,-0.05064916883871355,-0.7961828637826154,-0.6050560696488494,30.0
2024-08-24,25.7,92,-0.9749279121818236,-0.2225209339563146,-0.9884683243281114,0.15142777750457667,-0.8064799463209447,-0.5912614448635782,32.0
2024-08-25,25.7,90,-0.7818314824680299,0.6234898018587334,-0.9377521321470804,0.3473052528448203,-0.8165380514459157,-0.5772916165517278,41.0
2024-08-26,25.4,93,0.0,1.0,-0.8486442574947509,0.5289640103269624,-0.8263541987239094,-0.5631507242749187,30.0
2024-08-27,26.5,89,0.7818314824680298,0.6234898018587336,-0.72479278722912,0.6889669190756865,-0.8359254794186365,-0.5488429582847199,31.0
2024-08-28,26.8,89,0.9749279121818236,-0.22252093395631434,-0.5712682150947924,0.8207634412072763,-0.8452490573530634,-0.5343725582809785,39.0
2024-08-29,26.6,88,0.43388373911755823,-0.900968867902419,-0.3943558551133187,0.9189578116202306,-0.8543221697498269,-0.5197438121555157,44.0
2024-08-30,28.2,80,-0.433883739117558,-0.9009688679024191,-0.20129852008866114,0.9795299412524943,-0.8631421280499115,-0.5049610547215202,40.0
2024-08-31,28.8,78,-0.9749279121818236,-0.2225209339563146,-2.4492935982947064e-16,1.0,-0.8717063187093217,-0.4900286664290594,19.0
2024-09-01,28.3,79,-0.7818314824680299,0.6234898018587334,0.20129852008866006,0.9795299412524945,-0.8800122039735356,-0.4749510720670502,18.0
2024-09-02,27.8,82,0.0,1.0,0.39435585511331855,0.9189578116202306,-0.888057322629493,-0.4597327394521046,46.0
2024-09-03,28.1,81,0.7818314824680298,0.6234898018587336,0.5712682150947923,0.8207634412072763,-0.8958392907349089,-0.4443781781046134,30.0
2024-09-04,28.6,77,0.9749279121818236,-0.22252093395631434,0.72479278722912,0.6889669190756866,-0.9033558023246842,-0.4288919379124841,25.0
2024-09-05,27.2,86,0.43388373911755823,-0.900968867902419,0.8486442574947509,0.5289640103269624,-0.9106046300942162,-0.41327860778290443,25.0
2024-09-06,27.4,88,-0.433883739117558,-0.9009688679024191,0.9377521321470804,0.3473052528448203,-0.9175836260593934,-0.3975428142825566,73.0
2024-09-07,27.5,89,-0.9749279121818236,-0.2225209339563146,0.9884683243281114,0.1514277775045767,-0.9242907221930934,-0.3816892202666586,129.0
2024-09-08,27.4,88,-0.7818314824680299,0.6234898018587334,0.9987165071710528,-0.05064916883871264,-0.9307239310379793,-0.3657225234972692,92.0
2024-09-09,27.3,88,0.0,1.0,0.9680771188662043,-0.2506525322587204,-0.9368813462954315,-0.34964745525122826,53.0
2024-09-10,28.1,82,0.7818314824680298,0.6234898018587336,0.8978045395707416,-0.4403941515576344,-0.9427611433904206,-0.33346877891818705,36.0
2024-09-11,28.1,82,0.9749279121818236,-0.22252093395631434,0.7907757369376989,-0.6121059825476626,-0.9483615800121716,-0.31719128858910595,16.0
2024-09-12,27.8,83,0.43388373911755823,-0.900968867902419,0.6513724827222223,-0.758758122692791,-0.9536809966304455,-0.300819807635668,33.0
2024-09-13,27.6,86,-0.433883739117558,-0.9009688679024191,0.48530196253108104,-0.8743466161445821,-0.9587178169872964,-0.2843591872810036,35.0
2024-09-14,26.8,87,-0.9749279121818236,-0.2225209339563146,0.29936312297335804,-0.9541392564000488,-0.9634705485641486,-0.26781430516217486,34.0
2024-09-15,27.2,80,-0.7818314824680299,0.6234898018587334,0.10116832198743272,-0.994869323391895,-0.9679377830240642,-0.25119006388481957,30.0
2024-09-16,26.2,87,0.0,1.0,-0.10116832198743204,-0.9948693233918952,-0.9721181966290612,-0.23449138957041052,21.0
2024-09-17,26.5,87,0.7818314824680298,0.6234898018587336,-0.2993631229733582,-0.9541392564000488,-0.9760105506323682,-0.21772323039653224,35.0
2024-09-18,26.1,91,0.9749279121818236,-0.22252093395631434,-0.4853019625310808,-0.8743466161445822,-0.9796136916454901,-0.20089055513063528,34.0
2024-09-19,27.5,86,0.43388373911755823,-0.900968867902419,-0.651372482722222,-0.7587581226927911,-0.9829265519799822,-0.18399835165767986,36.0
2024-09-20,27.9,87,-0.433883739117558,-0.9009688679024191,-0.7907757369376986,-0.6121059825476627,-0.9859481499638303,-0.1670516255021195,32.0
2024-09-21,28.6,85,-0.9749279121818236,-0.2225209339563146,-0.8978045395707417,-0.44039415155763423,-0.9886775902323404,-0.15005539834465262,61.0
2024-09-22,27.5,90,-0.7818314824680299,0.6234898018587334,-0.9680771188662041,-0.2506525322587213,-0.9911140639934546,-0.13301470653419636,76.0
2024-09-23,27.8,88,0.0,1.0,-0.9987165071710528,-0.05064916883871355,-0.9932568492674143,-0.11593459959550066,111.0
2024-09-24,27.0,90,0.7818314824680298,0.6234898018587336,-0.9884683243281114,0.15142777750457667,-0.9951053111006974,-0.09882013873287211,59.0
2024-09-25,26.4,92,0.9749279121818236,-0.22252093395631434,-0.9377521321470804,0.3473052528448203,-0.99665890175417,-0.08167639533042288,64.0
2024-09-26,26.9,89,0.43388373911755823,-0.900968867902419,-0.8486442574947509,0.5289640103269624,-0.9979171608653922,-0.06450844944931625,32.0
2024-09-27,27.2,87,-0.433883739117558,-0.9009688679024191,-0.72479278722912,0.6889669190756865,-0.9988797155850335,-0.04732138832243232,16.0
2024-09-28,28.0,82,-0.9749279121818236,-0.2225209339563146,-0.5712682150947924,0.8207634412072763,-0.9995462806873573,-0.03012030484690836,37.0
2024-09-29,27.7,86,-0.7818314824680299,0.6234898018587334,-0.3943558551133187,0.9189578116202306,-0.9999166586547379,-0.012910296075008843,33.0
2024-09-30,28.3,84,0.0,1.0,-0.20129852008866114,0.9795299412524943,-0.9999907397361901,0.004303538296243821,46.0
2024-10-01,29.0,82,0.7818314824680298,0.6234898018587336,0.20129852008866006,0.9795299412524945,-0.9997685019798909,0.021516097436222233,22.0
2024-10-02,28.9,77,0.9749279121818236,-0.22252093395631434,0.39435585511331855,0.9189578116202306,-0.9992500112396835,0.03872228089217399,26.0
2024-10-03,28.5,77,0.43388373911755823,-0.900968867902419,0.5712682150947923,0.8207634412072763,-0.9984354211555643,0.05591699010060302,20.0
2024-10-04,28.7,75,-0.433883739117558,-0.9009688679024191,0.72479278722912,0.6889669190756866,-0.9973249731081555,0.07309512989807776,33.0
2024-10-05,28.5,73,-0.9749279121818236,-0.2225209339563146,0.8486442574947509,0.5289640103269624,-0.9959189961471792,0.0902516100310407,16.0
2024-10-06,27.9,76,-0.7818314824680299,0.6234898018587334,0.9377521321470804,0.3473052528448203,-0.994217906893952,0.10738134666416306,29.0
2024-10-07,27.2,83,0.0,1.0,0.9884683243281114,0.1514277775045767,-0.9922222094179324,0.12447926388678869,43.0
2024-10-08,26.7,87,0.7818314824680298,0.6234898018587336,0.9987165071710528,-0.05064916883871264,-0.989932495087353,0.141540295217043,31.0
2024-10-09,27.1,85,0.9749279121818236,-0.22252093395631434,0.9680771188662043,-0.2506525322587204,-0.9873494423939864,0.15855938510313475,26.0
2024-10-10,27.7,81,0.43388373911755823,-0.900968867902419,0.8978045395707416,-0.4403941515576344,-0.9844738167520923,0.17553149042142777,17.0
2024-10-11,28.0,78,-0.433883739117558,-0.9009688679024191,0.7907757369376989,-0.6121059825476626,-0.9813064702716093,0.19245158197082995,17.0
2024-10-12,28.3,77,-0.9749279121818236,-0.2225209339563146,0.6513724827222223,-0.758758122692791,-0.9778483415056567,0.20931464596304888,10.0
2024-10-13,27.9,77,-0.7818314824680299,0.6234898018587334,0.48530196253108104,-0.8743466161445821,-0.9741004551724206,0.22611568550828803,14.0
2024-10-14,27.3,82,0.0,1.0,0.29936312297335804,-0.9541392564000488,-0.970063921851507,0.2428497220959358,18.0
2024-10-15,27.8,79,0.7818314824680298,0.6234898018587336,0.10116832198743272,-0.994869323391895,-0.965739937654855,0.25951179706979943,18.0
2024-10-16,28.4,76,0.9749279121818236,-0.22252093395631434,-0.10116832198743204,-0.9948693233918952,-0.9611297838723007,0.27609697309746883,20.0
2024-10-17,28.6,73,0.43388373911755823,-0.900968867902419,-0.2993631229733582,-0.9541392564000488,-0.9562348265919058,0.2926003356333479,13.0
2024-10-18,28.5,76,-0.433883739117558,-0.9009688679024191,-0.4853019625310808,-0.8743466161445822,-0.9510565162951536,0.30901699437494723,31.0
2024-10-19,27.6,80,-0.9749279121818236,-0.2225209339563146,-0.651372482722222,-0.7587581226927911,-0.9455963874271428,0.3253420847119795,28.0
2024-10-20,27.7,75,-0.7818314824680299,0.6234898018587334,-0.7907757369376986,-0.6121059825476627,-0.9398560579418953,0.341570769167856,20.0
2024-10-21,27.5,71,0.0,1.0,-0.8978045395707417,-0.44039415155763423,-0.9338372288229252,0.35769823883312546,25.0
2024-10-22,26.8,63,0.7818314824680298,0.6234898018587336,-0.9680771188662041,-0.2506525322587213,-0.9275416835791965,0.3737197147904692,29.0
2024-10-23,26.6,65,0.9749279121818236,-0.22252093395631434,-0.9987165071710528,-0.05064916883871355,-0.9209712877166347,0.38963044953078774,47.0
2024-10-24,27.1,68,0.43388373911755823,-0.900968867902419,-0.9884683243281114,0.15142777750457667,-0.9141279881853337,0.4054257283599973,26.0
2024-10-25,27.3,67,-0.433883739117558,-0.9009688679024191,-0.9377521321470804,0.3473052528448203,-0.9070138128026362,0.42110087079608916,18.0
2024-10-26,25.7,78,-0.9749279121818236,-0.2225209339563146,-0.8486442574947509,0.5289640103269624,-0.8996308696522434,0.4366512319560638,41.0
2024-10-27,26.2,82,-0.7818314824680299,0.6234898018587334,-0.72479278722912,0.6889669190756865,-0.8919813464595487,0.45207220393230374,20.0
2024-10-28,26.1,85,0.0,1.0,-0.5712682150947924,0.8207634412072763,-0.8840675099433637,0.46735921715800205,22.0
2024-10-29,26.4,85,0.7818314824680298,0.6234898018587336,-0.3943558551133187,0.9189578116202306,-0.8758917051442433,0.48250774176121763,17.0
2024-10-30,26.7,84,0.9749279121818236,-0.22252093395631434,-0.20129852008866114,0.9795299412524943,-0.8674563547295971,0.4975132889071803,17.0
2024-10-31,27.1,82,0.43388373911755823,-0.900968867902419,-2.4492935982947064e-16,1.0,-0.858763958275803,0.5123714121284235,6.0
2024-11-01,26.8,73,-0.433883739117558,-0.9009688679024191,0.20129852008866006,0.9795299412524945,-0.8498170915275277,0.5270777086423724,21.0
2024-11-02,25.5,64,-0.9749279121818236,-0.2225209339563146,0.39435585511331855,0.9189578116202306,-0.8406184056344783,0.5416278206559811,7.0
2024-11-03,25.9,66,-0.7818314824680299,0.6234898018587334,0.5712682150947923,0.8207634412072763,-0.8311706263658079,0.5560174366570446,26.0
2024-11-04,24.5,67,0.0,1.0,0.72479278722912,0.6889669190756866,-0.8214765533024145,0.5702422926917867,33.0
2024-11-05,25.3,65,0.7818314824680298,0.6234898018587336,0.8486442574947509,0.5289640103269624,-0.8115390590073611,0.5842981736283683,18.0
2024-11-06,25.2,69,0.9749279121818236,-0.22252093395631434,0.9377521321470804,0.3473052528448203,-0.801361088174677,0.5981809144059158,31.0
2024-11-07,25.3,74,0.43388373911755823,-0.900968867902419,0.9884683243281114,0.1514277775045767,-0.7909456567567774,0.6118864012687242,19.0
2024-11-08,25.5,72,-0.433883739117558,-0.9009688679024191,0.9987165071710528,-0.05064916883871264,-0.780295851070776,0.6254105729852457,15.0
2024-11-09,25.4,73,-0.9749279121818236,-0.2225209339563146,0.9680771188662043,-0.2506525322587204,-0.7694148268839381,0.6387494220515268,37.0
2024-11-10,25.4,70,-0.7818314824680299,0.6234898018587334,0.8978045395707416,-0.4403941515576344,-0.7583058084785625,0.6518989958787125,32.0
2024-11-11,24.8,65,0.0,1.0,0.7907757369376989,-0.6121059825476626,-0.7469720876965551,0.6648553979642866,20.0
2024-11-12,24.4,68,0.7818314824680298,0.6234898018587336,0.6513724827222223,-0.758758122692791,-0.7354170229639858,0.6776147890466887,24.0
2024-11-13,24.3,69,0.9749279121818236,-0.22252093395631434,0.48530196253108104,-0.8743466161445821,-0.7236440382959124,0.690173388242972,13.0
2024-11-14,23.6,67,0.43388373911755823,-0.900968867902419,0.29936312297335804,-0.9541392564000488,-0.711656622281775,0.7025274741691566,13.0
2024-11-15,22.7,68,-0.433883739117558,-0.9009688679024191,0.10116832198743272,-0.994869323391895,-0.6994583270516471,0.7146733860429608,30.0
2024-11-16,21.7,68,-0.9749279121818236,-0.2225209339563146,-0.10116832198743204,-0.9948693233918952,-0.6870527672236675,0.7266075247685652,24.0
2024-11-17,21.6,68,-0.7818314824680299,0.6234898018587334,-0.2993631229733582,-0.9541392564000488,-0.6744436188329457,0.7383263540031063,20.0
2024-11-18,21.4,65,0.0,1.0,-0.4853019625310808,-0.8743466161445822,-0.661634618242279,0.749826401204568,25.0
2024-11-19,21.0,65,0.7818314824680298,0.6234898018587336,-0.651372482722222,-0.7587581226927911,-0.6486295610349818,0.7611042586607742,13.0
2024-11-20,20.8,65,0.9749279121818236,-0.22252093395631434,-0.7907757369376986,-0.6121059825476627,-0.6354323008901775,0.7721565844991641,26.0
2024-11-21,20.7,70,0.43388373911755823,-0.900968867902419,-0.8978045395707417,-0.44039415155763423,-0.622046748440868,0.7829801036770624,17.0
2024-11-22,20.5,69,-0.433883739117558,-0.9009688679024191,-0.9680771188662041,-0.2506525322587213,-0.6084768701151264,0.7935716089521472,23.0
2024-11-23,20.3,70,-0.9749279121818236,-0.2225209339563146,-0.9987165071710528,-0.05064916883871355,-0.594726686960764,0.8039279618328208,4.0
2024-11-24,20.0,70,-0.7818314824680299,0.6234898018587334,-0.9884683243281114,0.15142777750457667,-0.5808002734538013,0.8140460935082175,19.0
2024-11-25,19.8,71,0.0,1.0,-0.9377521321470804,0.3473052528448203,-0.5667017562911184,0.8239230057575536,31.0
2024-11-26,19.9,70,0.7818314824680298,0.6234898018587336,-0.8486442574947509,0.5289640103269624,-0.5524353131676203,0.8335557718385695,12.0
2024-11-27,19.5,69,0.9749279121818236,-0.22252093395631434,-0.72479278722912,0.6889669190756865,-0.5380051715382992,0.8429415373547832,22.0
2024-11-28,20.1,68,0.43388373911755823,-0.900968867902419,-0.5712682150947924,0.8207634412072763,-0.5234156073655503,0.8520775211013093,31.0
2024-11-29,22.0,69,-0.433883739117558,-0.9009688679024191,-0.3943558551133187,0.9189578116202306,-0.5086709438521042,0.8609610158889945,32.0
2024-11-30,21.8,83,-0.9749279121818236,-0.2225209339563146,-0.20129852008866114,0.9795299412524943,-0.49377555015997737,0.8695893893466109,38.0
2024-12-01,21.4,90,-0.7818314824680299,0.6234898018587334,0.20129852008866006,0.9795299412524945,-0.4787338401157883,0.8779600847008883,15.0
2024-12-02,22.0,88,0.0,1.0,0.39435585511331855,0.9189578116202306,-0.4635502709028512,0.8860706215341378,21.0
2024-12-03,23.6,83,0.7818314824680298,0.6234898018587336,0.5712682150947923,0.8207634412072763,-0.4482293417404106,0.893918596519257,13.0
2024-12-04,24.1,81,0.9749279121818236,-0.22252093395631434,0.72479278722912,0.6889669190756866,-0.4327755925504317,0.9015016841318838,25.0
2024-12-05,23.9,78,0.43388373911755823,-0.900968867902419,0.8486442574947509,0.5289640103269624,-0.41719360261231697,0.9088176373395028,18.0
2024-12-06,22.4,73,-0.433883739117558,-0.9009688679024191,0.9377521321470804,0.3473052528448203,-0.4014879892059737,0.9158642882672868,29.0
2024-12-07,22.4,71,-0.9749279121818236,-0.2225209339563146,0.9884683243281114,0.1514277775045767,-0.38566340624360745,0.9226395488404875,27.0
2024-12-08,22.6,86,-0.7818314824680299,0.6234898018587334,0.9987165071710528,-0.05064916883871264,-0.3697245428906732,0.9291414114031743,18.0
2024-12-09,22.3,90,0.0,1.0,0.9680771188662043,-0.2506525322587204,-0.3536761221763721,0.935367949313148,13.0
2024-12-10,21.5,73,0.7818314824680298,0.6234898018587336,0.8978045395707416,-0.4403941515576344,-0.33752289959411347,0.941317317512847,71.0
2024-12-11,19.2,70,0.9749279121818236,-0.22252093395631434,0.7907757369376989,-0.6121059825476626,-0.32126966169236515,0.9469877530760751,41.0
2024-12-12,18.7,69,0.43388373911755823,-0.900968867902419,0.6513724827222223,-0.758758122692791,-0.3049212246562894,0.9523775757303973,31.0
2024-12-13,18.7,71,-0.433883739117558,-0.9009688679024191,0.48530196253108104,-0.8743466161445821,-0.2884824328806098,0.9574851883550389,23.0
2024-12-14,18.1,67,-0.9749279121818236,-0.2225209339563146,0.29936312297335804,-0.9541392564000488,-0.27195815753410524,0.9623090774541487,14.0
2024-12-15,17.4,65,-0.7818314824680299,0.6234898018587334,0.10116832198743272,-0.994869323391895,-0.2553532951161881,0.9668478136052773,36.0
2024-12-16,17.1,66,0.0,1.0,-0.10116832198743204,-0.9948693233918952,-0.23867276600594997,0.9711000518829505,25.0
2024-12-17,17.4,66,0.7818314824680298,0.6234898018587336,-0.2993631229733582,-0.9541392564000488,-0.22192151300416674,0.9750645322571945,11.0
2024-12-18,18.0,68,0.9749279121818236,-0.22252093395631434,-0.4853019625310808,-0.8743466161445822,-0.20510449986861926,0.9787400799669153,39.0
2024-12-19,20.7,74,0.43388373911755823,-0.900968867902419,-0.651372482722222,-0.7587581226927911,-0.1882267098432439,0.9821256058680006,31.0
2024-12-20,21.6,81,-0.433883739117558,-0.9009688679024191,-0.7907757369376986,-0.6121059825476627,-0.1712931441814778,0.9852201067560606,17.0
2024-12-21,21.0,81,-0.9749279121818236,-0.2225209339563146,-0.8978045395707417,-0.44039415155763423,-0.154308820664281,0.9880226656636976,8.0
2024-12-22,20.4,79,-0.7818314824680299,0.6234898018587334,-0.9680771188662041,-0.2506525322587213,-0.13727877211326517,0.9905324521322227,18.0
2024-12-23,20.9,77,0.0,1.0,-0.9987165071710528,-0.05064916883871355,-0.12020804489935275,0.9927487224577402,27.0
2024-12-24,20.9,76,0.7818314824680298,0.6234898018587336,-0.9884683243281114,0.15142777750457667,-0.10310169744743544,0.9946708199115211,25.0
2024-12-25,20.7,81,0.9749279121818236,-0.22252093395631434,-0.9377521321470804,0.3473052528448203,-0.0859647987374467,0.9962981749346077,31.0
2024-12-26,22.7,77,0.43388373911755823,-0.900968867902419,-0.8486442574947509,0.5289640103269624,-0.06880242680232064,0.9976303053065857,25.0
2024-12-27,22.9,70,-0.433883739117558,-0.9009688679024191,-0.72479278722912,0.6889669190756865,-0.05161966722325418,0.9986668162884759,15.0
2024-12-28,22.5,67,-0.9749279121818236,-0.2225209339563146,-0.5712682150947924,0.8207634412072763,-0.034421611622745804,0.9994074007397048,11.0
2024-12-29,22.8,75,-0.7818314824680299,0.6234898018587334,-0.3943558551133187,0.9189578116202306,-0.01721335615583528,0.9998518392091162,5.0
2024-12-30,22.0,74,0.0,1.0,-0.20129852008866114,0.9795299412524943,6.432490598706546e-16,1.0,18.0
2024-12-31,20.2,67,0.7818314824680298,0.6234898018587336,-2.4492935982947064e-16,1.0,0.017213356155833904,0.9998518392091162,4.0
2025-01-01,18.0,66,0.9749279121818236,-0.22252093395631434,0.20129852008866006,0.9795299412524945,0.017213356155834685,0.9998518392091162,3.0
2025-01-02,17.9,63,0.43388373911755823,-0.900968867902419,0.39435585511331855,0.9189578116202306,0.03442161162274574,0.9994074007397048,15.0
2025-01-03,17.4,68,-0.433883739117558,-0.9009688679024191,0.5712682150947923,0.8207634412072763,0.051619667223253764,0.998666816288476,29.0
2025-01-04,18.2,73,-0.9749279121818236,-0.2225209339563146,0.72479278722912,0.6889669190756866,0.06880242680231986,0.9976303053065857,13.0
2025-01-05,18.9,76,-0.7818314824680299,0.6234898018587334,0.8486442574947509,0.5289640103269624,0.08596479873744647,0.9962981749346078,16.0
2025-01-06,19.3,71,0.0,1.0,0.9377521321470804,0.3473052528448203,0.10310169744743485,0.9946708199115211,17.0
2025-01-07,19.9,65,0.7818314824680298,0.6234898018587336,0.9884683243281114,0.1514277775045767,0.1202080448993527,0.9927487224577402,6.0
2025-01-08,17.9,60,0.9749279121818236,-0.22252093395631434,0.9987165071710528,-0.05064916883871264,0.13727877211326478,0.9905324521322229,12.0
2025-01-09,16.8,63,0.43388373911755823,-0.900968867902419,0.9680771188662043,-0.2506525322587204,0.15430882066428117,0.9880226656636976,19.0
2025-01-10,17.6,70,-0.433883739117558,-0.9009688679024191,0.8978045395707416,-0.4403941515576344,0.1712931441814776,0.9852201067560606,25.0
2025-01-11,18.8,73,-0.9749279121818236,-0.2225209339563146,0.7907757369376989,-0.6121059825476626,0.1882267098432442,0.9821256058680006,25.0
2025-01-12,19.5,72,-0.7818314824680299,0.6234898018587334,0.6513724827222223,-0.758758122692791,0.2051044998686192,0.9787400799669153,16.0
2025-01-13,20.8,68,0.0,1.0,0.48530196253108104,-0.8743466161445821,0.2219215130041655,0.9750645322571948,26.0
2025-01-14,20.4,69,0.7818314824680298,0.6234898018587336,0.29936312297335804,-0.9541392564000488,0.2386727660059501,0.9711000518829505,13.0
2025-01-15,19.7,68,0.9749279121818236,-0.22252093395631434,0.10116832198743272,-0.994869323391895,0.255353295116187,0.9668478136052775,21.0
2025-01-16,19.2,69,0.43388373911755823,-0.900968867902419,-0.10116832198743204,-0.9948693233918952,0.2719581575341055,0.9623090774541486,16.0
2025-01-17,18.8,64,-0.433883739117558,-0.9009688679024191,-0.2993631229733582,-0.9541392564000488,0.288482432880609,0.9574851883550393,10.0
2025-01-18,18.9,62,-0.9749279121818236,-0.2225209339563146,-0.4853019625310808,-0.8743466161445822,0.30492122465628907,0.9523775757303974,8.0
2025-01-19,18.6,65,-0.7818314824680299,0.6234898018587334,-0.651372482722222,-0.7587581226927911,0.3212696616923644,0.9469877530760753,21.0
2025-01-20,18.6,59,0.0,1.0,-0.7907757369376986,-0.6121059825476627,0.3375228995941133,0.9413173175128471,11.0
2025-01-21,19.1,69,0.7818314824680298,0.6234898018587336,-0.8978045395707417,-0.44039415155763423,0.3536761221763716,0.9353679493131483,5.0
2025-01-22,20.1,68,0.9749279121818236,-0.22252093395631434,-0.9680771188662041,-0.2506525322587213,0.3697245428906731,0.9291414114031743,10.0
2025-01-23,20.9,68,0.43388373911755823,-0.900968867902419,-0.9987165071710528,-0.05064916883871355,0.38566340624360707,0.9226395488404876,9.0
2025-01-24,21.8,69,-0.433883739117558,-0.9009688679024191,-0.9884683243281114,0.15142777750457667,0.401487989205973,0.9158642882672872,26.0
2025-01-25,21.7,67,-0.9749279121818236,-0.2225209339563146,-0.9377521321470804,0.3473052528448203,0.4171936026123168,0.9088176373395029,23.0
2025-01-26,20.5,60,-0.7818314824680299,0.6234898018587334,-0.8486442574947509,0.5289640103269624,0.4327755925504312,0.901501684131884,11.0
2025-01-27,19.2,59,0.0,1.0,-0.72479278722912,0.6889669190756865,0.4482293417404106,0.893918596519257,14.0
2025-01-28,19.5,60,0.7818314824680298,0.6234898018587336,-0.5712682150947924,0.8207634412072763,0.4635502709028509,0.886070621534138,9.0
2025-01-29,20.6,73,0.9749279121818236,-0.22252093395631434,-0.3943558551133187,0.9189578116202306,0.47873384011578846,0.8779600847008882,12.0
2025-01-30,22.8,74,0.43388373911755823,-0.900968867902419,-0.20129852008866114,0.9795299412524943,0.49377555015997715,0.869589389346611,28.0
2025-01-31,24.5,69,-0.433883739117558,-0.9009688679024191,-2.4492935982947064e-16,1.0,0.5086709438521044,0.8609610158889943,44.0
2025-02-01,24.5,68,-0.9749279121818236,-0.2225209339563146,0.20129852008866006,0.9795299412524945,0.5234156073655503,0.8520775211013093,22.0
2025-02-02,24.6,67,-0.7818314824680299,0.6234898018587334,0.39435585511331855,0.9189578116202306,0.5380051715382996,0.8429415373547828,26.0
2025-02-03,24.8,62,0.0,1.0,0.5712682150947923,0.8207634412072763,0.5524353131676196,0.8335557718385699,13.0
2025-02-04,24.9,73,0.7818314824680298,0.6234898018587336,0.72479278722912,0.6889669190756866,0.5667017562911176,0.8239230057575542,40.0
2025-02-05,25.0,65,0.9749279121818236,-0.22252093395631434,0.8486442574947509,0.5289640103269624,0.5808002734538009,0.8140460935082178,27.0
2025-02-06,25.0,58,0.43388373911755823,-0.900968867902419,0.9377521321470804,0.3473052528448203,0.5947266869607634,0.8039279618328213,14.0
2025-02-07,23.0,39,-0.433883739117558,-0.9009688679024191,0.9884683243281114,0.1514277775045767,0.6084768701151261,0.7935716089521474,18.0
2025-02-08,21.5,45,-0.9749279121818236,-0.2225209339563146,0.9987165071710528,-0.05064916883871264,0.6220467484408675,0.7829801036770629,24.0
2025-02-09,20.6,51,-0.7818314824680299,0.6234898018587334,0.9680771188662043,-0.2506525322587204,0.6354323008901774,0.7721565844991642,23.0
2025-02-10,22.1,50,0.0,1.0,0.8978045395707416,-0.4403941515576344,0.6486295610349814,0.7611042586607747,17.0
2025-02-11,23.7,56,0.7818314824680298,0.6234898018587336,0.7907757369376989,-0.6121059825476626,0.6616346182422783,0.7498264012045686,24.0
2025-02-12,24.8,55,0.9749279121818236,-0.22252093395631434,0.6513724827222223,-0.758758122692791,0.6744436188329455,0.7383263540031065,19.0
2025-02-13,23.2,49,0.43388373911755823,-0.900968867902419,0.48530196253108104,-0.8743466161445821,0.6870527672236669,0.7266075247685656,8.0
2025-02-14,21.2,42,-0.433883739117558,-0.9009688679024191,0.29936312297335804,-0.9541392564000488,0.699458327051647,0.7146733860429609,14.0
2025-02-15,21.8,46,-0.9749279121818236,-0.2225209339563146,0.10116832198743272,-0.994869323391895,0.7116566222817746,0.7025274741691571,7.0
2025-02-16,22.8,48,-0.7818314824680299,0.6234898018587334,-0.10116832198743204,-0.9948693233918952,0.7236440382959124,0.6901733882429719,37.0
2025-02-17,24.1,54,0.0,1.0,-0.2993631229733582,-0.9541392564000488,0.7354170229639855,0.6776147890466889,19.0
2025-02-18,23.8,56,0.7818314824680298,0.6234898018587336,-0.4853019625310808,-0.8743466161445822,0.7469720876965552,0.6648553979642865,41.0
2025-02-19,24.7,60,0.9749279121818236,-0.22252093395631434,-0.651372482722222,-0.7587581226927911,0.7583058084785624,0.6518989958787126,24.0
2025-02-20,25.3,73,0.43388373911755823,-0.900968867902419,-0.7907757369376986,-0.6121059825476627,0.7694148268839378,0.6387494220515272,9.0
2025-02-21,25.1,65,-0.433883739117558,-0.9009688679024191,-0.8978045395707417,-0.44039415155763423,0.7802958510707755,0.6254105729852463,41.0
2025-02-22,25.2,64,-0.9749279121818236,-0.2225209339563146,-0.9680771188662041,-0.2506525322587213,0.7909456567567772,0.6118864012687243,22.0
2025-02-23,24.3,59,-0.7818314824680299,0.6234898018587334,-0.9987165071710528,-0.05064916883871355,0.8013610881746766,0.5981809144059165,35.0
2025-02-24,23.7,45,0.0,1.0,-0.9884683243281114,0.15142777750457667,0.8115390590073611,0.5842981736283684,23.0
2025-02-25,23.4,54,0.7818314824680298,0.6234898018587336,-0.9377521321470804,0.3473052528448203,0.8214765533024142,0.5702422926917871,27.0
2025-02-26,23.6,57,0.9749279121818236,-0.22252093395631434,-0.8486442574947509,0.5289640103269624,0.8311706263658079,0.5560174366570446,14.0
2025-02-27,24.1,60,0.43388373911755823,-0.900968867902419,-0.72479278722912,0.6889669190756865,0.8406184056344782,0.5416278206559814,38.0
2025-02-28,24.9,55,-0.433883739117558,-0.9009688679024191,-0.5712682150947924,0.8207634412072763,0.8498170915275278,0.5270777086423722,26.0
2025-03-01,26.3,54,-0.9749279121818236,-0.2225209339563146,0.20129852008866006,0.9795299412524945,0.8587639582758029,0.5123714121284237,11.0
2025-03-02,26.7,47,-0.7818314824680299,0.6234898018587334,0.39435585511331855,0.9189578116202306,0.8674563547295969,0.49751328890718066,8.0
2025-03-03,26.7,49,0.0,1.0,0.5712682150947923,0.8207634412072763,0.8758917051442429,0.48250774176121847,10.0
2025-03-04,26.3,43,0.7818314824680298,0.6234898018587336,0.72479278722912,0.6889669190756866,0.8840675099433636,0.4673592171580022,15.0
2025-03-05,25.5,40,0.9749279121818236,-0.22252093395631434,0.8486442574947509,0.5289640103269624,0.8919813464595485,0.45207220393230435,43.0
2025-03-06,22.9,35,0.43388373911755823,-0.900968867902419,0.9377521321470804,0.3473052528448203,0.8996308696522433,0.43665123195606403,19.0
2025-03-07,22.7,38,-0.433883739117558,-0.9009688679024191,0.9884683243281114,0.1514277775045767,0.9070138128026359,0.4211008707960896,23.0
2025-03-08,23.7,38,-0.9749279121818236,-0.2225209339563146,0.9987165071710528,-0.05064916883871264,0.9141279881853337,0.40542572835999735,25.0
2025-03-09,25.3,47,-0.7818314824680299,0.6234898018587334,0.9680771188662043,-0.2506525322587204,0.9209712877166346,0.38963044953078796,14.0
2025-03-10,26.4,53,0.0,1.0,0.8978045395707416,-0.4403941515576344,0.9275416835791966,0.37371971479046906,17.0
2025-03-11,26.4,41,0.7818314824680298,0.6234898018587336,0.7907757369376989,-0.6121059825476626,0.9338372288229252,0.35769823883312546,13.0
2025-03-12,26.8,41,0.9749279121818236,-0.22252093395631434,0.6513724827222223,-0.758758122692791,0.9398560579418954,0.3415707691678556,22.0
2025-03-13,28.4,36,0.43388373911755823,-0.900968867902419,0.48530196253108104,-0.8743466161445821,0.9455963874271426,0.3253420847119801,31.0
2025-03-14,28.8,38,-0.433883739117558,-0.9009688679024191,0.29936312297335804,-0.9541392564000488,0.9510565162951535,0.30901699437494745,19.0
2025-03-15,29.0,40,-0.9749279121818236,-0.2225209339563146,0.10116832198743272,-0.994869323391895,0.9562348265919056,0.29260033563334836,7.0
2025-03-16,30.1,36,-0.7818314824680299,0.6234898018587334,-0.10116832198743204,-0.9948693233918952,0.9611297838723007,0.27609697309746883,28.0
2025-03-17,30.3,38,0.0,1.0,-0.2993631229733582,-0.9541392564000488,0.9657399376548549,0.2595117970697999,22.0
2025-03-18,29.4,40,0.7818314824680298,0.6234898018587336,-0.4853019625310808,-0.8743466161445822,0.9700639218515071,0.2428497220959356,53.0
2025-03-19,29.6,49,0.9749279121818236,-0.22252093395631434,-0.651372482722222,-0.7587581226927911,0.9741004551724205,0.22611568550828828,27.0
2025-03-20,30.5,48,0.43388373911755823,-0.900968867902419,-0.7907757369376986,-0.6121059825476627,0.9778483415056568,0.20931464596304847,60.0
2025-03-21,27.9,60,-0.433883739117558,-0.9009688679024191,-0.8978045395707417,-0.44039415155763423,0.9813064702716093,0.19245158197082998,70.0
2025-03-22,25.2,72,-0.9749279121818236,-0.2225209339563146,-0.9680771188662041,-0.2506525322587213,0.9844738167520922,0.1755314904214282,58.0
2025-03-23,25.4,68,-0.7818314824680299,0.6234898018587334,-0.9987165071710528,-0.05064916883871355,0.9873494423939864,0.15855938510313475,57.0
2025-03-24,25.9,62,0.0,1.0,-0.9884683243281114,0.15142777750457667,0.989932495087353,0.141540295217043,26.0
2025-03-25,26.2,55,0.7818314824680298,0.6234898018587336,-0.9377521321470804,0.3473052528448203,0.9922222094179323,0.12447926388678915,17.0
2025-03-26,26.9,47,0.9749279121818236,-0.22252093395631434,-0.8486442574947509,0.5289640103269624,0.994217906893952,0.10738134666416309,25.0
2025-03-27,27.9,41,0.43388373911755823,-0.900968867902419,-0.72479278722912,0.6889669190756865,0.995918996147179,0.09025161003104117,16.0
2025-03-28,29.0,41,-0.433883739117558,-0.9009688679024191,-0.5712682150947924,0.8207634412072763,0.9973249731081555,0.07309512989807777,21.0
2025-03-29,29.6,42,-0.9749279121818236,-0.2225209339563146,-0.3943558551133187,0.9189578116202306,0.9984354211555643,0.055916990100603484,30.0
2025-03-30,29.8,41,-0.7818314824680299,0.6234898018587334,-0.20129852008866114,0.9795299412524943,0.9992500112396835,0.03872228089217446,22.0
2025-03-31,29.8,44,0.0,1.0,-2.4492935982947064e-16,1.0,0.9997685019798909,0.021516097436222254,14.0
2025-04-01,31.0,50,0.7818314824680298,0.6234898018587336,0.20129852008866006,0.9795299412524945,0.9999907397361901,0.004303538296244289,48.0
2025-04-02,30.0,57,0.9749279121818236,-0.22252093395631434,0.39435585511331855,0.9189578116202306,0.9999166586547379,-0.01291029607500882,52.0
2025-04-03,29.2,59,0.43388373911755823,-0.900968867902419,0.5712682150947923,0.8207634412072763,0.9995462806873573,-0.030120304846908114,28.0
2025-04-04,27.5,64,-0.433883739117558,-0.9009688679024191,0.72479278722912,0.6889669190756866,0.9988797155850336,-0.04732138832243185,30.0
2025-04-05,30.2,46,-0.9749279121818236,-0.2225209339563146,0.8486442574947509,0.5289640103269624,0.9979171608653922,-0.06450844944931623,9.0
2025-04-06,31.6,32,-0.7818314824680299,0.6234898018587334,0.9377521321470804,0.3473052528448203,0.9966589017541702,-0.08167639533042241,15.0
2025-04-07,31.8,41,0.0,1.0,0.9884683243281114,0.1514277775045767,0.9951053111006976,-0.09882013873287143,36.0
2025-04-08,31.6,50,0.7818314824680298,0.6234898018587336,0.9987165071710528,-0.05064916883871264,0.9932568492674143,-0.11593459959550041,27.0
2025-04-09,31.1,52,0.9749279121818236,-0.22252093395631434,0.9680771188662043,-0.2506525322587204,0.9911140639934547,-0.1330147065341959,60.0
2025-04-10,30.2,54,0.43388373911755823,-0.900968867902419,0.8978045395707416,-0.4403941515576344,0.9886775902323405,-0.1500553983446526,34.0
2025-04-11,30.2,51,-0.433883739117558,-0.9009688679024191,0.7907757369376989,-0.6121059825476626,0.9859481499638304,-0.16705162550211924,41.0
2025-04-12,32.0,45,-0.9749279121818236,-0.2225209339563146,0.6513724827222223,-0.758758122692791,0.9829265519799822,-0.18399835165768005,34.0
2025-04-13,31.6,45,-0.7818314824680299,0.6234898018587334,0.48530196253108104,-0.8743466161445821,0.9796136916454901,-0.20089055513063506,35.0
2025-04-14,30.4,47,0.0,1.0,0.29936312297335804,-0.9541392564000488,0.9760105506323683,-0.21772323039653177,55.0
2025-04-15,29.0,59,0.7818314824680298,0.6234898018587336,0.10116832198743272,-0.994869323391895,0.9721181966290613,-0.23449138957040985,42.0
2025-04-16,29.7,57,0.9749279121818236,-0.22252093395631434,-0.10116832198743204,-0.9948693233918952,0.9679377830240642,-0.25119006388481935,25.0
2025-04-17,31.6,51,0.43388373911755823,-0.900968867902419,-0.2993631229733582,-0.9541392564000488,0.9634705485641488,-0.2678143051621742,78.0
2025-04-18,32.8,46,-0.433883739117558,-0.9009688679024191,-0.4853019625310808,-0.8743466161445822,0.9587178169872964,-0.2843591872810034,89.0
2025-04-19,32.5,47,-0.9749279121818236,-0.2225209339563146,-0.651372482722222,-0.7587581226927911,0.9536809966304457,-0.30081980763566735,79.0
2025-04-20,33.8,44,-0.7818314824680299,0.6234898018587334,-0.7907757369376986,-0.6121059825476627,0.9483615800121715,-0.3171912885891061,79.0
2025-04-21,34.2,37,0.0,1.0,-0.8978045395707417,-0.44039415155763423,0.9427611433904207,-0.3334687789181868,90.0
2025-04-22,34.6,33,0.7818314824680298,0.6234898018587336,-0.9680771188662041,-0.2506525322587213,0.9368813462954315,-0.3496474552512284,85.0
2025-04-23,34.5,29,0.9749279121818236,-0.22252093395631434,-0.9987165071710528,-0.05064916883871355,0.9307239310379795,-0.36572252349726897,50.0
2025-04-24,34.7,27,0.43388373911755823,-0.900968867902419,-0.9884683243281114,0.15142777750457667,0.9242907221930933,-0.3816892202666588,58.0
2025-04-25,34.2,28,-0.433883739117558,-0.9009688679024191,-0.9377521321470804,0.3473052528448203,0.9175836260593937,-0.39754281428255595,119.0
2025-04-26,33.3,41,-0.9749279121818236,-0.2225209339563146,-0.8486442574947509,0.5289640103269624,0.9106046300942162,-0.4132786077829042,53.0
2025-04-27,30.5,46,-0.7818314824680299,0.6234898018587334,-0.72479278722912,0.6889669190756865,0.9033558023246845,-0.4288919379124835,68.0
2025-04-28,30.5,46,0.0,1.0,-0.5712682150947924,0.8207634412072763,0.895839290734909,-0.4443781781046132,111.0
2025-04-29,30.5,46,0.7818314824680298,0.6234898018587336,-0.3943558551133187,0.9189578116202306,0.8880573226294932,-0.45973273945210397,146.0
2025-04-30,30.1,55,0.9749279121818236,-0.22252093395631434,-0.20129852008866114,0.9795299412524943,0.8800122039735357,-0.47495107206704995,90.0
2025-05-01,30.7,52,0.43388373911755823,-0.900968867902419,0.20129852008866006,0.9795299412524945,0.8717063187093218,-0.4900286664290592,39.0
2025-05-02,29.4,56,-0.433883739117558,-0.9009688679024191,0.39435585511331855,0.9189578116202306,0.8631421280499114,-0.5049610547215204,142.0
2025-05-03,28.9,66,-0.9749279121818236,-0.2225209339563146,0.5712682150947923,0.8207634412072763,0.854322169749827,-0.5197438121555155,124.0
2025-05-04,28.8,61,-0.7818314824680299,0.6234898018587334,0.72479278722912,0.6889669190756866,0.8452490573530633,-0.5343725582809786,81.0
2025-05-05,30.1,51,0.0,1.0,0.8486442574947509,0.5289640103269624,0.8359254794186372,-0.548842958284719,41.0
2025-05-06,30.9,48,0.7818314824680298,0.6234898018587336,0.9377521321470804,0.3473052528448203,0.8263541987239096,-0.5631507242749186,50.0
2025-05-07,31.3,45,0.9749279121818236,-0.22252093395631434,0.9884683243281114,0.1514277775045767,0.8165380514459161,-0.5772916165517272,36.0
2025-05-08,31.7,47,0.43388373911755823,-0.900968867902419,0.9987165071710528,-0.05064916883871264,0.8064799463209448,-0.5912614448635781,16.0
2025-05-09,31.5,50,-0.433883739117558,-0.9009688679024191,0.9680771188662043,-0.2506525322587204,0.7961828637826158,-0.6050560696488488,32.0
2025-05-10,32.7,43,-0.9749279121818236,-0.2225209339563146,0.8978045395707416,-0.4403941515576344,0.7856498550787147,-0.6186714032625031,58.0
2025-05-11,33.5,43,-0.7818314824680299,0.6234898018587334,0.7907757369376989,-0.6121059825476626,0.7748840413670407,-0.6321034111873487,117.0
2025-05-12,33.6,45,0.0,1.0,0.6513724827222223,-0.758758122692791,0.7638886127905428,-0.6453481132295501,90.0
2025-05-13,33.3,46,0.7818314824680298,0.6234898018587336,0.48530196253108104,-0.8743466161445821,0.7526668275320085,-0.6584015846980488,76.0
2025-05-14,33.0,49,0.9749279121818236,-0.22252093395631434,0.29936312297335804,-0.9541392564000488,0.7412220108485958,-0.6712599575675313,71.0
2025-05-15,33.1,51,0.43388373911755823,-0.900968867902419,0.10116832198743272,-0.994869323391895,0.7295575540864875,-0.6839194216246106,74.0
2025-05-16,33.3,50,-0.433883739117558,-0.9009688679024191,-0.10116832198743204,-0.9948693233918952,0.717676913675962,-0.6963762255968722,56.0
2025-05-17,33.3,54,-0.9749279121818236,-0.2225209339563146,-0.2993631229733582,-0.9541392564000488,0.705583610107178,-0.7086266782644596,56.0
2025-05-18,33.0,58,-0.7818314824680299,0.6234898018587334,-0.4853019625310808,-0.8743466161445822,0.6932812268869777,-0.7206671495538609,59.0
2025-05-19,32.8,57,0.0,1.0,-0.651372482722222,-0.7587581226927911,0.6807734094770161,-0.7324940716135789,116.0
2025-05-20,33.5,54,0.7818314824680298,0.6234898018587336,-0.7907757369376986,-0.6121059825476627,0.6680638642135335,-0.7441039398713607,84.0
2025-05-21,33.7,53,0.9749279121818236,-0.22252093395631434,-0.8978045395707417,-0.44039415155763423,0.6551563572090853,-0.7554933140726803,127.0
2025-05-22,29.8,72,0.43388373911755823,-0.900968867902419,-0.9680771188662041,-0.2506525322587213,0.6420547132365637,-0.766658819300159,72.0
2025-05-23,29.6,72,-0.433883739117558,-0.9009688679024191,-0.9987165071710528,-0.05064916883871355,0.6287628145958344,-0.7775971469736269,71.0
2025-05-24,28.4,81,-0.9749279121818236,-0.2225209339563146,-0.9884683243281114,0.15142777750457667,0.6152845999633276,-0.7883050558305255,65.0
2025-05-25,28.8,79,-0.7818314824680299,0.6234898018587334,-0.9377521321470804,0.3473052528448203,0.6016240632249226,-0.7987793728863649,78.0
2025-05-26,29.2,79,0.0,1.0,-0.8486442574947509,0.5289640103269624,0.5877852522924732,-0.8090169943749473,49.0
2025-05-27,29.3,80,0.7818314824680298,0.6234898018587336,-0.72479278722912,0.6889669190756865,0.5737722679043246,-0.8190148866680801,80.0
2025-05-28,29.4,80,0.9749279121818236,-0.22252093395631434,-0.5712682150947924,0.8207634412072763,0.5595892624101765,-0.8287700871745038,102.0
2025-05-29,29.9,76,0.43388373911755823,-0.900968867902419,-0.3943558551133187,0.9189578116202306,0.545240438540651,-0.8382797052177744,112.0
2025-05-30,30.7,73,-0.433883739117558,-0.9009688679024191,-0.20129852008866114,0.9795299412524943,0.5307300481619334,-0.8475409228928311,95.0
2025-05-31,29.3,77,-0.9749279121818236,-0.2225209339563146,-2.4492935982947064e-16,1.0,0.5160623910158528,-0.8565509959010036,62.0
2025-06-01,31.2,62,-0.7818314824680299,0.6234898018587334,0.20129852008866006,0.9795299412524945,0.5012418134457758,-0.865307254363206,36.0
2025-06-02,31.7,48,0.0,1.0,0.39435585511331855,0.9189578116202306,0.48627270710868997,-0.8738071036110808,38.0
2025-06-03,30.9,59,0.7818314824680298,0.6234898018587336,0.5712682150947923,0.8207634412072763,0.4711595076738638,-0.8820480249558537,31.0
2025-06-04,29.7,63,0.9749279121818236,-0.22252093395631434,0.72479278722912,0.6889669190756866,0.4559066935084588,-0.8900275764346767,50.0
2025-06-05,30.0,67,0.43388373911755823,-0.900968867902419,0.8486442574947509,0.5289640103269624,0.440518784350495,-0.8977433935342337,44.0
2025-06-06,30.9,61,-0.433883739117558,-0.9009688679024191,0.9377521321470804,0.3473052528448203,0.42500033996955416,-0.9051931898913974,63.0
2025-06-07,31.4,57,-0.9749279121818236,-0.2225209339563146,0.9884683243281114,0.1514277775045767,0.4093559588156213,-0.9123747579707273,43.0
2025-06-08,31.8,58,-0.7818314824680299,0.6234898018587334,0.9987165071710528,-0.05064916883871264,0.39359027665646673,-0.9192859697186104,78.0
2025-06-09,32.1,59,0.0,1.0,0.9680771188662043,-0.2506525322587204,0.3777079652039649,-0.9259247771938498,53.0
2025-06-10,31.1,65,0.7818314824680298,0.6234898018587336,0.8978045395707416,-0.4403941515576344,0.36171373072976765,-0.9322892131745133,41.0
2025-06-11,30.4,69,0.9749279121818236,-0.22252093395631434,0.7907757369376989,-0.6121059825476626,0.3456123126707335,-0.9383773917408641,48.0
2025-06-12,30.3,70,0.43388373911755823,-0.900968867902419,0.6513724827222223,-0.758758122692791,0.3294084822245304,-0.9441875088341993,36.0
2025-06-13,31.2,69,-0.433883739117558,-0.9009688679024191,0.48530196253108104,-0.8743466161445821,0.3131070409358269,-0.9497178427914316,43.0
2025-06-14,31.3,70,-0.9749279121818236,-0.2225209339563146,0.29936312297335804,-0.9541392564000488,0.29671281927349075,-0.9549667548552551,83.0
2025-06-15,30.1,76,-0.7818314824680299,0.6234898018587334,0.10116832198743272,-0.994869323391895,0.28023067519921585,-0.9599326896597447,72.0
2025-06-16,28.0,87,0.0,1.0,-0.10116832198743204,-0.9948693233918952,0.26366549272800704,-0.9646141756912435,83.0
2025-06-17,28.0,85,0.7818314824680298,0.6234898018587336,-0.2993631229733582,-0.9541392564000488,0.24702218048093552,-0.9690098257244062,78.0
2025-06-18,26.4,94,0.9749279121818236,-0.22252093395631434,-0.4853019625310808,-0.8743466161445822,0.23030567023061221,-0.9731183372332619,75.0
2025-06-19,25.7,94,0.43388373911755823,-0.900968867902419,-0.651372482722222,-0.7587581226927911,0.21352091543979612,-0.9769384927771817,39.0
2025-06-20,28.1,76,-0.433883739117558,-0.9009688679024191,-0.7907757369376986,-0.6121059825476627,0.19667288979357647,-0.980469160361632,45.0
2025-06-21,30.2,66,-0.9749279121818236,-0.2225209339563146,-0.8978045395707417,-0.44039415155763423,0.1797665857255624,-0.9837092937736097,42.0
2025-06-22,29.6,71,-0.7818314824680299,0.6234898018587334,-0.9680771188662041,-0.2506525322587213,0.16280701293851715,-0.986657932891657,32.0
2025-06-23,27.6,85,0.0,1.0,-0.9987165071710528,-0.05064916883871355,0.1457991969198751,-0.9893142039703663,37.0
2025-06-24,28.0,84,0.7818314824680298,0.6234898018587336,-0.9884683243281114,0.15142777750457667,0.12874817745258132,-0.99167731989929,35.0
2025-06-25,27.4,88,0.9749279121818236,-0.22252093395631434,-0.9377521321470804,0.3473052528448203,0.11165900712169512,-0.993746580436178,39.0
2025-06-26,26.9,89,0.43388373911755823,-0.900968867902419,-0.8486442574947509,0.5289640103269624,0.09453674981719912,-0.9955213724144752,29.0
2025-06-27,27.5,83,-0.433883739117558,-0.9009688679024191,-0.72479278722912,0.6889669190756865,0.07738647923346301,-0.9970011699250151,42.0
2025-06-28,26.6,88,-0.9749279121818236,-0.2225209339563146,-0.5712682150947924,0.8207634412072763,0.06021327736579302,-0.9981855344718586,34.0
2025-06-29,27.6,77,-0.7818314824680299,0.6234898018587334,-0.3943558551133187,0.9189578116202306,0.04302223300453059,-0.99907411510223,15.0
2025-06-30,26.6,87,0.0,1.0,-0.20129852008866114,0.9795299412524943,0.02581844022713308,-0.9996666485105112,24.0
2025-07-01,26.4,90,0.7818314824680298,0.6234898018587336,0.20129852008866006,0.9795299412524945,0.008606996888688698,-0.9999629591162655,40.0
2025-07-02,26.2,92,0.9749279121818236,-0.22252093395631434,0.39435585511331855,0.9189578116202306,-0.008606996888688009,-0.9999629591162655,62.0
2025-07-03,25.2,95,0.43388373911755823,-0.900968867902419,0.5712682150947923,0.8207634412072763,-0.02581844022713239,-0.9996666485105112,50.0
2025-07-04,26.6,88,-0.433883739117558,-0.9009688679024191,0.72479278722912,0.6889669190756866,-0.04302223300453034,-0.99907411510223,68.0
2025-07-05,26.4,90,-0.9749279121818236,-0.2225209339563146,0.8486442574947509,0.5289640103269624,-0.060213277365792774,-0.9981855344718586,78.0
2025-07-06,26.3,88,-0.7818314824680299,0.6234898018587334,0.9377521321470804,0.3473052528448203,-0.07738647923346322,-0.9970011699250151,78.0
2025-07-07,26.0,89,0.0,1.0,0.9884683243281114,0.1514277775045767,-0.09453674981719933,-0.9955213724144752,56.0
2025-07-08,26.3,83,0.7818314824680298,0.6234898018587336,0.9987165071710528,-0.05064916883871264,-0.11165900712169444,-0.9937465804361781,37.0
2025-07-09,25.2,91,0.9749279121818236,-0.22252093395631434,0.9680771188662043,-0.2506525322587204,-0.12874817745258066,-0.99167731989929,48.0
2025-07-10,26.3,89,0.43388373911755823,-0.900968867902419,0.8978045395707416,-0.4403941515576344,-0.14579919691987442,-0.9893142039703664,59.0
2025-07-11,27.7,84,-0.433883739117558,-0.9009688679024191,0.7907757369376989,-0.6121059825476626,-0.16280701293851646,-0.9866579328916572,38.0
2025-07-12,28.4,82,-0.9749279121818236,-0.2225209339563146,0.6513724827222223,-0.758758122692791,-0.17976658572556214,-0.9837092937736098,49.0
2025-07-13,28.9,82,-0.7818314824680299,0.6234898018587334,0.48530196253108104,-0.8743466161445821,-0.19667288979357622,-0.9804691603616321,92.0
2025-07-14,26.9,92,0.0,1.0,0.29936312297335804,-0.9541392564000488,-0.2135209154397959,-0.9769384927771817,67.0
2025-07-15,27.2,88,0.7818314824680298,0.6234898018587336,0.10116832198743272,-0.994869323391895,-0.23030567023061196,-0.973118337233262,42.0
2025-07-16,28.1,85,0.9749279121818236,-0.22252093395631434,-0.10116832198743204,-0.9948693233918952,-0.24702218048093527,-0.9690098257244063,36.0
2025-07-17,28.0,86,0.43388373911755823,-0.900968867902419,-0.2993631229733582,-0.9541392564000488,-0.2636654927280072,-0.9646141756912435,64.0
2025-07-18,28.4,84,-0.433883739117558,-0.9009688679024191,-0.4853019625310808,-0.8743466161445822,-0.2802306751992161,-0.9599326896597445,58.0
2025-07-19,28.9,82,-0.9749279121818236,-0.2225209339563146,-0.651372482722222,-0.7587581226927911,-0.2967128192734901,-0.9549667548552553,36.0
2025-07-20,27.3,89,-0.7818314824680299,0.6234898018587334,-0.7907757369376986,-0.6121059825476627,-0.3131070409358267,-0.9497178427914317,48.0
2025-07-21,28.6,85,0.0,1.0,-0.8978045395707417,-0.44039415155763423,-0.3294084822245302,-0.9441875088341994,51.0
2025-07-22,28.7,85,0.7818314824680298,0.6234898018587336,-0.9680771188662041,-0.2506525322587213,-0.3456123126707333,-0.9383773917408642,78.0
2025-07-23,28.4,87,0.9749279121818236,-0.22252093395631434,-0.9987165071710528,-0.05064916883871355,-0.3617137307297674,-0.9322892131745134,105.0
2025-07-24,27.7,89,0.43388373911755823,-0.900968867902419,-0.9884683243281114,0.15142777750457667,-0.37770796520396466,-0.9259247771938499,79.0
2025-07-25,27.1,88,-0.433883739117558,-0.9009688679024191,-0.9377521321470804,0.3473052528448203,-0.39359027665646645,-0.9192859697186105,52.0
2025-07-26,26.8,87,-0.9749279121818236,-0.2225209339563146,-0.8486442574947509,0.5289640103269624,-0.4093559588156211,-0.9123747579707274,56.0
2025-07-27,28.2,79,-0.7818314824680299,0.6234898018587334,-0.72479278722912,0.6889669190756865,-0.42500033996955394,-0.9051931898913975,46.0
2025-07-28,28.3,75,0.0,1.0,-0.5712682150947924,0.8207634412072763,-0.4405187843504952,-0.8977433935342336,47.0
2025-07-29,26.5,87,0.7818314824680298,0.6234898018587336,-0.3943558551133187,0.9189578116202306,-0.455906693508459,-0.8900275764346766,24.0
2025-07-30,27.4,83,0.9749279121818236,-0.22252093395631434,-0.20129852008866114,0.9795299412524943,-0.47115950767386394,-0.8820480249558535,28.0
2025-07-31,28.7,76,0.43388373911755823,-0.900968867902419,-2.4492935982947064e-16,1.0,-0.4862727071086902,-0.8738071036110807,37.0
2025-08-01,28.7,80,-0.433883739117558,-0.9009688679024191,0.20129852008866006,0.9795299412524945,-0.5012418134457756,-0.8653072543632061,64.0
2025-08-02,27.4,87,-0.9749279121818236,-0.2225209339563146,0.39435585511331855,0.9189578116202306,-0.5160623910158526,-0.8565509959010037,37.0
2025-08-03,28.7,84,-0.7818314824680299,0.6234898018587334,0.5712682150947923,0.8207634412072763,-0.5307300481619331,-0.8475409228928312,30.0
2025-08-04,28.8,84,0.0,1.0,0.72479278722912,0.6889669190756866,-0.5452404385406507,-0.8382797052177745,50.0
2025-08-05,28.9,84,0.7818314824680298,0.6234898018587336,0.8486442574947509,0.5289640103269624,-0.5595892624101763,-0.828770087174504,58.0
2025-08-06,28.6,83,0.9749279121818236,-0.22252093395631434,0.9377521321470804,0.3473052528448203,-0.5737722679043243,-0.8190148866680802,44.0
2025-08-07,28.3,84,0.43388373911755823,-0.900968867902419,0.9884683243281114,0.1514277775045767,-0.5877852522924734,-0.8090169943749472,26.0
2025-08-08,26.6,89,-0.433883739117558,-0.9009688679024191,0.9987165071710528,-0.05064916883871264,-0.6016240632249227,-0.7987793728863648,35.0
2025-08-09,27.7,86,-0.9749279121818236,-0.2225209339563146,0.9680771188662043,-0.2506525322587204,-0.6152845999633277,-0.7883050558305253,35.0
2025-08-10,27.8,87,-0.7818314824680299,0.6234898018587334,0.8978045395707416,-0.4403941515576344,-0.6287628145958345,-0.7775971469736268,43.0
2025-08-11,28.6,84,0.0,1.0,0.7907757369376989,-0.6121059825476626,-0.6420547132365636,-0.7666588193001592,58.0
2025-08-12,29.1,84,0.7818314824680298,0.6234898018587336,0.6513724827222223,-0.758758122692791,-0.655156357209085,-0.7554933140726804,62.0
2025-08-13,28.2,83,0.9749279121818236,-0.22252093395631434,0.48530196253108104,-0.8743466161445821,-0.6680638642135333,-0.7441039398713608,83.0
2025-08-14,27.7,84,0.43388373911755823,-0.900968867902419,0.29936312297335804,-0.9541392564000488,-0.6807734094770159,-0.7324940716135792,47.0
2025-08-15,27.6,86,-0.433883739117558,-0.9009688679024191,0.10116832198743272,-0.994869323391895,-0.6932812268869771,-0.7206671495538615,48.0
2025-08-16,28.3,82,-0.9749279121818236,-0.2225209339563146,-0.10116832198743204,-0.9948693233918952,-0.7055836101071774,-0.70862667826446,51.0
2025-08-17,28.3,80,-0.7818314824680299,0.6234898018587334,-0.2993631229733582,-0.9541392564000488,-0.7176769136759615,-0.6963762255968726,37.0
2025-08-18,28.1,81,0.0,1.0,-0.4853019625310808,-0.8743466161445822,-0.7295575540864876,-0.6839194216246105,54.0
2025-08-19,27.4,84,0.7818314824680298,0.6234898018587336,-0.651372482722222,-0.7587581226927911,-0.7412220108485957,-0.6712599575675315,50.0
2025-08-20,27.2,86,0.9749279121818236,-0.22252093395631434,-0.7907757369376986,-0.6121059825476627,-0.7526668275320083,-0.6584015846980489,48.0
2025-08-21,26.7,88,0.43388373911755823,-0.900968867902419,-0.8978045395707417,-0.44039415155763423,-0.7638886127905429,-0.64534811322955,59.0
2025-08-22,25.7,93,-0.433883739117558,-0.9009688679024191,-0.9680771188662041,-0.2506525322587213,-0.7748840413670406,-0.6321034111873488,30.0
2025-08-23,25.6,92,-0.9749279121818236,-0.2225209339563146,-0.9987165071710528,-0.05064916883871355,-0.7856498550787144,-0.6186714032625032,30.0
2025-08-24,25.4,91,-0.7818314824680299,0.6234898018587334,-0.9884683243281114,0.15142777750457667,-0.7961828637826154,-0.6050560696488494,31.0
2025-08-25,26.0,90,0.0,1.0,-0.9377521321470804,0.3473052528448203,-0.8064799463209447,-0.5912614448635782,27.0
2025-08-26,26.8,89,0.7818314824680298,0.6234898018587336,-0.8486442574947509,0.5289640103269624,-0.8165380514459157,-0.5772916165517278,36.0
2025-08-27,27.2,87,0.9749279121818236,-0.22252093395631434,-0.72479278722912,0.6889669190756865,-0.8263541987239094,-0.5631507242749187,29.0
2025-08-28,27.3,86,0.43388373911755823,-0.900968867902419,-0.5712682150947924,0.8207634412072763,-0.8359254794186365,-0.5488429582847199,17.0
2025-08-29,28.0,83,-0.433883739117558,-0.9009688679024191,-0.3943558551133187,0.9189578116202306,-0.8452490573530634,-0.5343725582809785,20.0
2025-08-30,27.9,84,-0.9749279121818236,-0.2225209339563146,-0.20129852008866114,0.9795299412524943,-0.8543221697498269,-0.5197438121555157,27.0
2025-08-31,27.4,89,-0.7818314824680299,0.6234898018587334,-2.4492935982947064e-16,1.0,-0.8631421280499115,-0.5049610547215202,44.0
2025-09-01,27.4,90,0.0,1.0,0.20129852008866006,0.9795299412524945,-0.8717063187093217,-0.4900286664290594,34.0
2025-09-02,26.5,92,0.7818314824680298,0.6234898018587336,0.39435585511331855,0.9189578116202306,-0.8800122039735356,-0.4749510720670502,35.0
2025-09-03,26.3,91,0.9749279121818236,-0.22252093395631434,0.5712682150947923,0.8207634412072763,-0.888057322629493,-0.4597327394521046,54.0
2025-09-04,26.5,90,0.43388373911755823,-0.900968867902419,0.72479278722912,0.6889669190756866,-0.8958392907349089,-0.4443781781046134,38.0
2025-09-05,26.8,91,-0.433883739117558,-0.9009688679024191,0.8486442574947509,0.5289640103269624,-0.9033558023246842,-0.4288919379124841,34.0
2025-09-06,27.3,87,-0.9749279121818236,-0.2225209339563146,0.9377521321470804,0.3473052528448203,-0.9106046300942162,-0.41327860778290443,37.0
2025-09-07,27.2,89,-0.7818314824680299,0.6234898018587334,0.9884683243281114,0.1514277775045767,-0.9175836260593934,-0.3975428142825566,54.0
2025-09-08,27.3,90,0.0,1.0,0.9987165071710528,-0.05064916883871264,-0.9242907221930934,-0.3816892202666586,58.0
2025-09-09,28.0,87,0.7818314824680298,0.6234898018587336,0.9680771188662043,-0.2506525322587204,-0.9307239310379793,-0.3657225234972692,49.0
2025-09-10,28.2,89,0.9749279121818236,-0.22252093395631434,0.8978045395707416,-0.4403941515576344,-0.9368813462954315,-0.34964745525122826,72.0
2025-09-11,27.3,91,0.43388373911755823,-0.900968867902419,0.7907757369376989,-0.6121059825476626,-0.9427611433904206,-0.33346877891818705,52.0
2025-09-12,27.0,90,-0.433883739117558,-0.9009688679024191,0.6513724827222223,-0.758758122692791,-0.9483615800121716,-0.31719128858910595,37.0
2025-09-13,27.3,87,-0.9749279121818236,-0.2225209339563146,0.48530196253108104,-0.8743466161445821,-0.9536809966304455,-0.300819807635668,36.0
2025-09-14,27.3,88,-0.7818314824680299,0.6234898018587334,0.29936312297335804,-0.9541392564000488,-0.9587178169872964,-0.2843591872810036,73.0
2025-09-15,26.5,93,0.0,1.0,0.10116832198743272,-0.994869323391895,-0.9634705485641486,-0.26781430516217486,50.0
2025-09-16,26.3,93,0.7818314824680298,0.6234898018587336,-0.10116832198743204,-0.9948693233918952,-0.9679377830240642,-0.25119006388481957,22.0
2025-09-17,27.0,88,0.9749279121818236,-0.22252093395631434,-0.2993631229733582,-0.9541392564000488,-0.9721181966290612,-0.23449138957041052,34.0
2025-09-18,27.7,88,0.43388373911755823,-0.900968867902419,-0.4853019625310808,-0.8743466161445822,-0.9760105506323682,-0.21772323039653224,48.0
2025-09-19,28.0,87,-0.433883739117558,-0.9009688679024191,-0.651372482722222,-0.7587581226927911,-0.9796136916454901,-0.20089055513063528,50.0
2025-09-20,28.0,88,-0.9749279121818236,-0.2225209339563146,-0.7907757369376986,-0.6121059825476627,-0.9829265519799822,-0.18399835165767986,49.0
2025-09-21,27.1,91,-0.7818314824680299,0.6234898018587334,-0.8978045395707417,-0.44039415155763423,-0.9859481499638303,-0.1670516255021195,83.0
2025-09-22,27.2,91,0.0,1.0,-0.9680771188662041,-0.2506525322587213,-0.9886775902323404,-0.15005539834465262,98.0
2025-09-23,25.9,92,0.7818314824680298,0.6234898018587336,-0.9987165071710528,-0.05064916883871355,-0.9911140639934546,-0.13301470653419636,79.0
2025-09-24,25.8,92,0.9749279121818236,-0.22252093395631434,-0.9884683243281114,0.15142777750457667,-0.9932568492674143,-0.11593459959550066,52.0
2025-09-25,27.2,87,0.43388373911755823,-0.900968867902419,-0.9377521321470804,0.3473052528448203,-0.9951053111006974,-0.09882013873287211,53.0
2025-09-26,26.9,91,-0.433883739117558,-0.9009688679024191,-0.8486442574947509,0.5289640103269624,-0.99665890175417,-0.08167639533042288,58.0
2025-09-27,27.0,87,-0.9749279121818236,-0.2225209339563146,-0.72479278722912,0.6889669190756865,-0.9979171608653922,-0.06450844944931625,36.0
2025-09-28,27.1,88,-0.7818314824680299,0.6234898018587334,-0.5712682150947924,0.8207634412072763,-0.9988797155850335,-0.04732138832243232,29.0
2025-09-29,27.2,88,0.0,1.0,-0.3943558551133187,0.9189578116202306,-0.9995462806873573,-0.03012030484690836,12.0
2025-09-30,27.2,90,0.7818314824680298,0.6234898018587336,-0.20129852008866114,0.9795299412524943,-0.9999166586547379,-0.012910296075008843,19.0
2025-10-01,27.8,86,0.9749279121818236,-0.22252093395631434,0.20129852008866006,0.9795299412524945,-0.9999907397361901,0.004303538296243821,65.0
2025-10-02,26.7,89,0.43388373911755823,-0.900968867902419,0.39435585511331855,0.9189578116202306,-0.9997685019798909,0.021516097436222233,60.0
2025-10-03,25.9,92,-0.433883739117558,-0.9009688679024191,0.5712682150947923,0.8207634412072763,-0.9992500112396835,0.03872228089217399,28.0
2025-10-04,26.3,92,-0.9749279121818236,-0.2225209339563146,0.72479278722912,0.6889669190756866,-0.9984354211555643,0.05591699010060302,30.0
2025-10-05,25.5,94,-0.7818314824680299,0.6234898018587334,0.8486442574947509,0.5289640103269624,-0.9973249731081555,0.07309512989807776,35.0
2025-10-06,25.7,93,0.0,1.0,0.9377521321470804,0.3473052528448203,-0.9959189961471792,0.0902516100310407,17.0
2025-10-07,26.0,91,0.7818314824680298,0.6234898018587336,0.9884683243281114,0.1514277775045767,-0.994217906893952,0.10738134666416306,35.0
2025-10-08,26.9,90,0.9749279121818236,-0.22252093395631434,0.9987165071710528,-0.05064916883871264,-0.9922222094179324,0.12447926388678869,40.0
2025-10-09,26.7,89,0.43388373911755823,-0.900968867902419,0.9680771188662043,-0.2506525322587204,-0.989932495087353,0.141540295217043,34.0
2025-10-10,26.3,85,-0.433883739117558,-0.9009688679024191,0.8978045395707416,-0.4403941515576344,-0.9873494423939864,0.15855938510313475,31.0
2025-10-11,26.8,77,-0.9749279121818236,-0.2225209339563146,0.7907757369376989,-0.6121059825476626,-0.9844738167520923,0.17553149042142777,14.0
2025-10-12,26.5,78,-0.7818314824680299,0.6234898018587334,0.6513724827222223,-0.758758122692791,-0.9813064702716093,0.19245158197082995,31.0
2025-10-13,26.5,77,0.0,1.0,0.48530196253108104,-0.8743466161445821,-0.9778483415056567,0.20931464596304888,26.0
2025-10-14,26.6,77,0.7818314824680298,0.6234898018587336,0.29936312297335804,-0.9541392564000488,-0.9741004551724206,0.22611568550828803,15.0
2025-10-15,26.4,78,0.9749279121818236,-0.22252093395631434,0.10116832198743272,-0.994869323391895,-0.970063921851507,0.2428497220959358,18.0
2025-10-16,25.9,75,0.43388373911755823,-0.900968867902419,-0.10116832198743204,-0.9948693233918952,-0.965739937654855,0.25951179706979943,18.0
2025-10-17,25.5,75,-0.433883739117558,-0.9009688679024191,-0.2993631229733582,-0.9541392564000488,-0.9611297838723007,0.27609697309746883,17.0
2025-10-18,25.5,77,-0.9749279121818236,-0.2225209339563146,-0.4853019625310808,-0.8743466161445822,-0.9562348265919058,0.2926003356333479,37.0
2025-10-19,25.9,85,-0.7818314824680299,0.6234898018587334,-0.651372482722222,-0.7587581226927911,-0.9510565162951536,0.30901699437494723,44.0
2025-10-20,26.4,84,0.0,1.0,-0.7907757369376986,-0.6121059825476627,-0.9455963874271428,0.3253420847119795,16.0
2025-10-21,26.8,77,0.7818314824680298,0.6234898018587336,-0.8978045395707417,-0.44039415155763423,-0.9398560579418953,0.341570769167856,24.0
2025-10-22,26.7,74,0.9749279121818236,-0.22252093395631434,-0.9680771188662041,-0.2506525322587213,-0.9338372288229252,0.35769823883312546,15.0
2025-10-23,26.7,75,0.43388373911755823,-0.900968867902419,-0.9987165071710528,-0.05064916883871355,-0.9275416835791965,0.3737197147904692,23.0
2025-10-24,26.8,75,-0.433883739117558,-0.9009688679024191,-0.9884683243281114,0.15142777750457667,-0.9209712877166347,0.38963044953078774,26.0
2025-10-25,27.0,76,-0.9749279121818236,-0.2225209339563146,-0.9377521321470804,0.3473052528448203,-0.9141279881853337,0.4054257283599973,26.0
2025-10-26,27.3,76,-0.7818314824680299,0.6234898018587334,-0.8486442574947509,0.5289640103269624,-0.9070138128026362,0.42110087079608916,23.0
2025-10-27,26.8,78,0.0,1.0,-0.72479278722912,0.6889669190756865,-0.8996308696522434,0.4366512319560638,30.0
2025-10-28,26.7,80,0.7818314824680298,0.6234898018587336,-0.5712682150947924,0.8207634412072763,-0.8919813464595487,0.45207220393230374,39.0
2025-10-29,26.2,86,0.9749279121818236,-0.22252093395631434,-0.3943558551133187,0.9189578116202306,-0.8840675099433637,0.46735921715800205,43.0
2025-10-30,26.6,83,0.43388373911755823,-0.900968867902419,-0.20129852008866114,0.9795299412524943,-0.8758917051442433,0.48250774176121763,23.0
2025-10-31,26.4,85,-0.433883739117558,-0.9009688679024191,-2.4492935982947064e-16,1.0,-0.8674563547295971,0.4975132889071803,26.0
2025-11-01,26.8,84,-0.9749279121818236,-0.2225209339563146,0.20129852008866006,0.9795299412524945,-0.858763958275803,0.5123714121284235,27.0
2025-11-02,26.5,79,-0.7818314824680299,0.6234898018587334,0.39435585511331855,0.9189578116202306,-0.8498170915275277,0.5270777086423724,23.0
